user_id,gender,age_group,interest_categories,persona
1,女,31-40岁,宠物|动漫,动漫二次元型
2,男,25-30岁,科技|学习|宠物|搞笑,进步青年型
3,男,18岁以下,宠物|生活,动漫二次元型
4,女,18岁以下,美食|生活|运动|科技,生活家型
5,女,31-40岁,学习|搞笑,进步青年型
6,女,40岁以上,科技|宠物|搞笑,进步青年型
7,女,40岁以上,音乐|运动,运动乐活型
8,女,31-40岁,搞笑|游戏,宅文化型
9,女,40岁以上,美食|运动,生活家型
10,男,18-24岁,宠物|生活,动漫二次元型
11,女,31-40岁,学习|科技|搞笑|宠物,进步青年型
12,女,31-40岁,生活|美食|科技,生活家型
13,女,18岁以下,运动|游戏|音乐,运动乐活型
14,男,18-24岁,美食|生活,生活家型
15,男,40岁以上,动漫|学习,动漫二次元型
16,男,18岁以下,科技|搞笑|宠物,进步青年型
17,男,31-40岁,生活|美食|运动,生活家型
18,男,25-30岁,宠物|动漫|学习,动漫二次元型
19,女,18岁以下,搞笑|游戏|音乐,宅文化型
20,女,40岁以上,科技|学习|搞笑|宠物,进步青年型
21,男,18-24岁,宠物|动漫,动漫二次元型
22,男,40岁以上,学习|搞笑|科技,进步青年型
23,男,40岁以上,美食|生活,生活家型
24,女,31-40岁,音乐|游戏|美食,运动乐活型
25,男,18岁以下,学习|科技,进步青年型
26,女,18-24岁,科技|搞笑|学习|宠物,进步青年型
27,男,25-30岁,搞笑|游戏,宅文化型
28,男,18-24岁,游戏|动漫|音乐|搞笑,宅文化型
29,男,31-40岁,科技|学习,进步青年型
30,男,25-30岁,游戏|搞笑|动漫,宅文化型
31,女,31-40岁,音乐|运动,运动乐活型
32,男,40岁以上,宠物|动漫|学习,动漫二次元型
33,女,25-30岁,美食|生活,生活家型
34,女,31-40岁,搞笑|动漫|音乐,宅文化型
35,男,31-40岁,游戏|搞笑,宅文化型
36,女,25-30岁,搞笑|音乐,宅文化型
37,男,40岁以上,音乐|运动|游戏,运动乐活型
38,女,25-30岁,学习|宠物|搞笑,进步青年型
39,女,31-40岁,动漫|宠物|生活|学习,动漫二次元型
40,男,18岁以下,搞笑|游戏|音乐|动漫,宅文化型
41,女,18-24岁,宠物|动漫|学习|生活,动漫二次元型
42,女,25-30岁,动漫|宠物|生活|学习,动漫二次元型
43,女,40岁以上,学习|科技|宠物,进步青年型
44,女,31-40岁,科技|学习|搞笑,进步青年型
45,女,31-40岁,科技|搞笑,进步青年型
46,男,40岁以上,动漫|生活,动漫二次元型
47,女,31-40岁,游戏|搞笑|动漫|音乐,宅文化型
48,男,40岁以上,美食|生活|运动|科技,生活家型
49,男,40岁以上,搞笑|游戏,宅文化型
50,男,18岁以下,动漫|宠物,动漫二次元型
51,女,40岁以上,美食|生活,生活家型
52,女,18-24岁,科技|宠物,进步青年型
53,男,40岁以上,宠物|动漫,动漫二次元型
54,男,18-24岁,运动|音乐,运动乐活型
55,男,18岁以下,学习|科技|搞笑|宠物,进步青年型
56,女,25-30岁,学习|科技|搞笑|宠物,进步青年型
57,男,25-30岁,搞笑|游戏,宅文化型
58,女,40岁以上,科技|学习|搞笑|宠物,进步青年型
59,男,40岁以上,学习|宠物|搞笑|科技,进步青年型
60,女,31-40岁,运动|音乐|美食|游戏,运动乐活型
61,男,25-30岁,游戏|搞笑|音乐|动漫,宅文化型
62,女,40岁以上,科技|学习|搞笑|宠物,进步青年型
63,女,31-40岁,动漫|宠物|生活|学习,动漫二次元型
64,男,18岁以下,生活|科技,生活家型
65,男,18-24岁,运动|游戏|美食,运动乐活型
66,女,25-30岁,美食|生活,生活家型
67,男,18岁以下,动漫|宠物|生活,动漫二次元型
68,女,18岁以下,游戏|音乐,宅文化型
69,男,31-40岁,动漫|宠物,动漫二次元型
70,女,25-30岁,动漫|生活|宠物,动漫二次元型
71,女,25-30岁,科技|宠物|学习,进步青年型
72,女,40岁以上,动漫|学习|生活|宠物,动漫二次元型
73,男,18岁以下,音乐|美食|运动|游戏,运动乐活型
74,男,31-40岁,科技|宠物|学习,进步青年型
75,女,31-40岁,游戏|搞笑|动漫|音乐,宅文化型
76,女,40岁以上,音乐|美食|游戏|运动,运动乐活型
77,男,18-24岁,搞笑|游戏|音乐,宅文化型
78,女,18岁以下,学习|搞笑|科技|宠物,进步青年型
79,男,18-24岁,学习|宠物,进步青年型
80,女,31-40岁,音乐|运动|美食,运动乐活型
81,男,31-40岁,动漫|宠物|生活|学习,动漫二次元型
82,女,25-30岁,学习|科技|宠物|搞笑,进步青年型
83,女,31-40岁,运动|音乐|游戏|美食,运动乐活型
84,女,18岁以下,科技|学习|宠物,进步青年型
85,女,18岁以下,搞笑|游戏|动漫,宅文化型
86,女,40岁以上,学习|宠物|搞笑,进步青年型
87,男,18岁以下,科技|搞笑,进步青年型
88,女,18岁以下,运动|音乐|美食,运动乐活型
89,女,18-24岁,动漫|宠物|学习|生活,动漫二次元型
90,男,25-30岁,美食|生活|科技|运动,生活家型
91,男,31-40岁,音乐|运动|美食,运动乐活型
92,女,40岁以上,宠物|动漫,动漫二次元型
93,女,18岁以下,生活|科技,生活家型
94,女,18-24岁,学习|搞笑,进步青年型
95,女,25-30岁,游戏|音乐|动漫,宅文化型
96,女,18岁以下,学习|科技|宠物,进步青年型
97,男,31-40岁,宠物|动漫|生活|学习,动漫二次元型
98,女,31-40岁,音乐|美食|游戏|运动,运动乐活型
99,男,40岁以上,宠物|动漫|学习,动漫二次元型
100,男,18-24岁,运动|音乐|美食,运动乐活型
101,女,25-30岁,学习|科技|搞笑|宠物,进步青年型
102,男,31-40岁,动漫|生活|学习,动漫二次元型
103,男,18-24岁,学习|科技|宠物,进步青年型
104,女,40岁以上,科技|学习|宠物,进步青年型
105,男,31-40岁,搞笑|游戏|音乐|动漫,宅文化型
106,女,31-40岁,游戏|搞笑,宅文化型
107,男,40岁以上,动漫|宠物|学习|生活,动漫二次元型
108,男,18岁以下,美食|运动|生活|科技,生活家型
109,女,18岁以下,生活|运动|科技|美食,生活家型
110,男,18岁以下,学习|科技|搞笑,进步青年型
111,女,31-40岁,游戏|搞笑|动漫|音乐,宅文化型
112,女,31-40岁,美食|生活|运动,生活家型
113,男,18-24岁,美食|生活,生活家型
114,女,18-24岁,生活|美食|运动,生活家型
115,女,31-40岁,美食|生活,生活家型
116,女,31-40岁,美食|生活|运动|科技,生活家型
117,男,18岁以下,宠物|动漫,动漫二次元型
118,女,40岁以上,生活|美食,生活家型
119,女,18-24岁,动漫|宠物|学习,动漫二次元型
120,女,31-40岁,动漫|宠物,动漫二次元型
121,女,40岁以上,音乐|运动|美食|游戏,运动乐活型
122,男,40岁以上,动漫|学习|生活,动漫二次元型
123,女,25-30岁,学习|搞笑|宠物|科技,进步青年型
124,女,40岁以上,搞笑|游戏|音乐,宅文化型
125,男,40岁以上,宠物|动漫|学习|生活,动漫二次元型
126,女,31-40岁,宠物|动漫|生活,动漫二次元型
127,女,25-30岁,游戏|音乐|动漫,宅文化型
128,男,31-40岁,学习|搞笑|科技|宠物,进步青年型
129,女,25-30岁,美食|生活|运动,生活家型
130,男,18-24岁,生活|美食|运动,生活家型
131,男,25-30岁,生活|运动|科技|美食,生活家型
132,男,40岁以上,科技|宠物|学习,进步青年型
133,男,31-40岁,搞笑|游戏,宅文化型
134,男,18-24岁,学习|科技|宠物,进步青年型
135,女,25-30岁,宠物|动漫|生活,动漫二次元型
136,男,18岁以下,搞笑|动漫|游戏|音乐,宅文化型
137,男,18-24岁,科技|宠物|搞笑|学习,进步青年型
138,男,31-40岁,动漫|宠物|学习,动漫二次元型
139,男,18岁以下,游戏|搞笑,宅文化型
140,男,40岁以上,搞笑|音乐|游戏,宅文化型
141,女,40岁以上,美食|生活|科技,生活家型
142,男,18岁以下,游戏|搞笑|动漫,宅文化型
143,女,18岁以下,科技|学习|搞笑,进步青年型
144,女,31-40岁,运动|游戏|美食|音乐,运动乐活型
145,女,31-40岁,生活|运动,生活家型
146,女,25-30岁,科技|学习|搞笑,进步青年型
147,女,40岁以上,音乐|运动,运动乐活型
148,女,31-40岁,生活|科技,生活家型
149,男,31-40岁,生活|美食|科技|运动,生活家型
150,男,18-24岁,美食|生活|科技|运动,生活家型
151,女,40岁以上,美食|生活|科技|运动,生活家型
152,女,40岁以上,搞笑|音乐|游戏,宅文化型
153,女,18岁以下,游戏|搞笑,宅文化型
154,女,40岁以上,运动|音乐|游戏,运动乐活型
155,女,31-40岁,运动|音乐|美食,运动乐活型
156,女,18-24岁,学习|科技|宠物,进步青年型
157,女,18-24岁,搞笑|游戏|动漫|音乐,宅文化型
158,男,31-40岁,美食|运动,生活家型
159,女,40岁以上,音乐|游戏|美食,运动乐活型
160,女,18岁以下,搞笑|音乐|游戏,宅文化型
161,女,18岁以下,科技|学习|搞笑,进步青年型
162,女,40岁以上,动漫|宠物|学习|生活,动漫二次元型
163,女,40岁以上,音乐|运动|游戏|美食,运动乐活型
164,女,18-24岁,游戏|搞笑|动漫,宅文化型
165,女,18-24岁,游戏|动漫,宅文化型
166,女,18-24岁,宠物|学习,动漫二次元型
167,女,25-30岁,游戏|搞笑|动漫,宅文化型
168,男,31-40岁,搞笑|音乐|游戏,宅文化型
169,男,40岁以上,搞笑|音乐,宅文化型
170,女,31-40岁,运动|游戏|音乐,运动乐活型
171,男,18-24岁,运动|音乐|美食|游戏,运动乐活型
172,男,40岁以上,音乐|游戏,运动乐活型
173,男,18岁以下,搞笑|游戏,宅文化型
174,男,18岁以下,动漫|宠物,动漫二次元型
175,男,18岁以下,科技|学习,进步青年型
176,女,25-30岁,宠物|动漫|生活,动漫二次元型
177,男,40岁以上,美食|运动,生活家型
178,男,18岁以下,搞笑|音乐|游戏,宅文化型
179,女,18-24岁,搞笑|游戏,宅文化型
180,男,18-24岁,学习|科技|宠物,进步青年型
181,男,40岁以上,运动|美食|游戏|音乐,运动乐活型
182,女,18-24岁,运动|游戏|美食|音乐,运动乐活型
183,女,18岁以下,运动|音乐,运动乐活型
184,女,40岁以上,游戏|搞笑|音乐|动漫,宅文化型
185,男,18岁以下,科技|学习,进步青年型
186,男,18-24岁,音乐|美食|运动,运动乐活型
187,女,18-24岁,动漫|宠物|生活,动漫二次元型
188,女,18岁以下,科技|学习,进步青年型
189,女,18-24岁,生活|美食|科技|运动,生活家型
190,男,18岁以下,音乐|美食|游戏|运动,运动乐活型
191,女,31-40岁,学习|科技|宠物,进步青年型
192,女,25-30岁,学习|科技|宠物|搞笑,进步青年型
193,女,31-40岁,运动|音乐|美食,运动乐活型
194,女,31-40岁,音乐|美食|游戏|运动,运动乐活型
195,女,31-40岁,学习|搞笑|科技,进步青年型
196,男,25-30岁,美食|生活,生活家型
197,男,18-24岁,美食|生活|运动|科技,生活家型
198,男,18岁以下,动漫|学习|宠物,动漫二次元型
199,女,40岁以上,运动|音乐,运动乐活型
200,男,18-24岁,科技|学习,进步青年型
201,女,40岁以上,美食|科技|运动|生活,生活家型
202,男,40岁以上,运动|游戏,运动乐活型
203,女,18-24岁,音乐|运动|游戏,运动乐活型
204,女,18岁以下,科技|宠物,进步青年型
205,男,31-40岁,游戏|搞笑|动漫,宅文化型
206,男,31-40岁,动漫|学习|宠物|生活,动漫二次元型
207,男,18岁以下,动漫|宠物|学习,动漫二次元型
208,女,40岁以上,搞笑|游戏|动漫,宅文化型
209,男,31-40岁,生活|美食,生活家型
210,男,18岁以下,音乐|运动,运动乐活型
211,女,18岁以下,生活|科技,生活家型
212,男,18岁以下,游戏|搞笑,宅文化型
213,女,18岁以下,搞笑|游戏|动漫|音乐,宅文化型
214,男,40岁以上,运动|音乐|美食|游戏,运动乐活型
215,男,31-40岁,宠物|动漫|学习|生活,动漫二次元型
216,男,18-24岁,搞笑|音乐,宅文化型
217,男,25-30岁,搞笑|游戏,宅文化型
218,女,18-24岁,音乐|运动|游戏|美食,运动乐活型
219,女,18-24岁,运动|音乐,运动乐活型
220,男,18-24岁,音乐|运动|美食,运动乐活型
221,男,31-40岁,美食|科技|生活|运动,生活家型
222,女,25-30岁,搞笑|音乐|游戏,宅文化型
223,女,31-40岁,动漫|宠物|生活,动漫二次元型
224,男,18-24岁,宠物|学习,动漫二次元型
225,女,40岁以上,游戏|搞笑|动漫,宅文化型
226,男,40岁以上,美食|运动|科技|生活,生活家型
227,女,40岁以上,动漫|宠物|学习|生活,动漫二次元型
228,男,31-40岁,搞笑|游戏|音乐,宅文化型
229,女,25-30岁,生活|美食,生活家型
230,女,31-40岁,音乐|运动,运动乐活型
231,男,18岁以下,科技|学习,进步青年型
232,男,40岁以上,运动|音乐,运动乐活型
233,女,18-24岁,动漫|宠物,动漫二次元型
234,男,40岁以上,学习|科技,进步青年型
235,女,40岁以上,搞笑|游戏,宅文化型
236,男,18-24岁,搞笑|游戏,宅文化型
237,女,18岁以下,科技|学习,进步青年型
238,女,25-30岁,游戏|动漫|搞笑,宅文化型
239,女,31-40岁,宠物|动漫|学习,动漫二次元型
240,男,25-30岁,动漫|生活|宠物,动漫二次元型
241,男,25-30岁,美食|生活|运动|科技,生活家型
242,男,18-24岁,学习|科技|搞笑|宠物,进步青年型
243,女,40岁以上,生活|美食,生活家型
244,女,25-30岁,生活|美食|科技,生活家型
245,女,18岁以下,学习|搞笑|宠物,进步青年型
246,男,25-30岁,运动|音乐,运动乐活型
247,女,40岁以上,搞笑|动漫,宅文化型
248,男,18-24岁,音乐|运动|游戏|美食,运动乐活型
249,男,25-30岁,音乐|运动|美食,运动乐活型
250,男,31-40岁,动漫|宠物|学习|生活,动漫二次元型
251,男,18岁以下,生活|科技,生活家型
252,女,25-30岁,运动|音乐,运动乐活型
253,男,25-30岁,生活|美食|运动|科技,生活家型
254,男,18岁以下,学习|宠物|科技,进步青年型
255,女,18岁以下,动漫|宠物|生活|学习,动漫二次元型
256,女,40岁以上,生活|美食|运动|科技,生活家型
257,男,25-30岁,美食|生活,生活家型
258,男,31-40岁,游戏|搞笑|音乐,宅文化型
259,男,25-30岁,搞笑|游戏|动漫,宅文化型
260,男,18-24岁,音乐|运动|游戏,运动乐活型
261,男,18岁以下,游戏|搞笑,宅文化型
262,男,31-40岁,宠物|动漫|学习,动漫二次元型
263,男,18-24岁,音乐|运动|美食|游戏,运动乐活型
264,女,40岁以上,游戏|搞笑|动漫|音乐,宅文化型
265,女,40岁以上,科技|搞笑,进步青年型
266,女,40岁以上,游戏|搞笑,宅文化型
267,女,18岁以下,动漫|宠物|生活|学习,动漫二次元型
268,女,25-30岁,美食|生活|科技|运动,生活家型
269,男,40岁以上,生活|美食|运动,生活家型
270,女,18岁以下,动漫|宠物|学习,动漫二次元型
271,女,31-40岁,科技|学习|搞笑|宠物,进步青年型
272,女,31-40岁,动漫|生活,动漫二次元型
273,女,31-40岁,科技|搞笑,进步青年型
274,女,18岁以下,音乐|运动|美食,运动乐活型
275,女,25-30岁,动漫|宠物|生活|学习,动漫二次元型
276,女,18-24岁,学习|科技|搞笑|宠物,进步青年型
277,男,18岁以下,搞笑|动漫|游戏,宅文化型
278,女,25-30岁,动漫|宠物|学习,动漫二次元型
279,男,31-40岁,美食|生活|科技|运动,生活家型
280,男,31-40岁,动漫|学习|生活|宠物,动漫二次元型
281,男,25-30岁,搞笑|音乐|游戏,宅文化型
282,男,18-24岁,美食|生活|运动|科技,生活家型
283,男,18-24岁,动漫|宠物|学习|生活,动漫二次元型
284,女,31-40岁,学习|科技|宠物|搞笑,进步青年型
285,男,25-30岁,运动|音乐,运动乐活型
286,女,25-30岁,学习|宠物|搞笑|科技,进步青年型
287,男,18岁以下,科技|学习,进步青年型
288,男,25-30岁,动漫|生活|宠物|学习,动漫二次元型
289,女,40岁以上,运动|音乐,运动乐活型
290,男,31-40岁,宠物|动漫,动漫二次元型
291,男,18-24岁,游戏|动漫,宅文化型
292,男,31-40岁,动漫|宠物|生活|学习,动漫二次元型
293,女,18岁以下,游戏|搞笑|音乐,宅文化型
294,女,40岁以上,科技|宠物|搞笑,进步青年型
295,女,18岁以下,运动|游戏|美食|音乐,运动乐活型
296,女,40岁以上,生活|美食,生活家型
297,女,40岁以上,生活|科技|美食,生活家型
298,男,31-40岁,游戏|搞笑|音乐,宅文化型
299,男,18岁以下,生活|美食|运动|科技,生活家型
300,男,40岁以上,科技|学习|宠物|搞笑,进步青年型
301,男,18-24岁,科技|学习|搞笑,进步青年型
302,男,40岁以上,美食|生活|运动,生活家型
303,男,31-40岁,动漫|宠物|生活,动漫二次元型
304,女,18岁以下,动漫|学习|生活|宠物,动漫二次元型
305,男,18-24岁,宠物|动漫|生活|学习,动漫二次元型
306,女,25-30岁,运动|音乐|美食,运动乐活型
307,男,31-40岁,宠物|动漫,动漫二次元型
308,女,31-40岁,运动|音乐|游戏|美食,运动乐活型
309,女,40岁以上,科技|学习,进步青年型
310,女,18-24岁,游戏|搞笑|动漫,宅文化型
311,男,25-30岁,美食|生活|科技|运动,生活家型
312,女,18-24岁,科技|学习|搞笑|宠物,进步青年型
313,男,18岁以下,学习|科技|搞笑|宠物,进步青年型
314,女,18岁以下,科技|学习,进步青年型
315,女,25-30岁,生活|运动|科技|美食,生活家型
316,女,18-24岁,搞笑|游戏,宅文化型
317,男,18岁以下,动漫|学习|宠物,动漫二次元型
318,男,18岁以下,动漫|宠物|生活,动漫二次元型
319,男,40岁以上,美食|生活|科技|运动,生活家型
320,男,31-40岁,科技|学习,进步青年型
321,男,31-40岁,运动|音乐,运动乐活型
322,女,18-24岁,生活|美食,生活家型
323,女,31-40岁,生活|运动|科技|美食,生活家型
324,女,31-40岁,运动|音乐,运动乐活型
325,女,31-40岁,运动|音乐|美食,运动乐活型
326,男,18岁以下,动漫|宠物,动漫二次元型
327,女,18-24岁,运动|游戏|音乐,运动乐活型
328,女,40岁以上,美食|生活,生活家型
329,男,31-40岁,生活|科技|运动,生活家型
330,男,18岁以下,动漫|学习|宠物,动漫二次元型
331,男,25-30岁,宠物|动漫|学习,动漫二次元型
332,女,31-40岁,搞笑|游戏,宅文化型
333,男,18-24岁,运动|美食|游戏,运动乐活型
334,女,18-24岁,运动|音乐|游戏,运动乐活型
335,男,18岁以下,音乐|运动|美食|游戏,运动乐活型
336,男,18-24岁,宠物|动漫|学习,动漫二次元型
337,男,40岁以上,搞笑|游戏|动漫|音乐,宅文化型
338,男,25-30岁,运动|美食,运动乐活型
339,男,25-30岁,科技|宠物|学习,进步青年型
340,女,18-24岁,搞笑|游戏|音乐|动漫,宅文化型
341,男,40岁以上,音乐|运动|美食,运动乐活型
342,女,18岁以下,宠物|生活|学习,动漫二次元型
343,女,18-24岁,美食|生活,生活家型
344,男,18岁以下,学习|科技|搞笑,进步青年型
345,女,18-24岁,宠物|学习,动漫二次元型
346,男,25-30岁,音乐|游戏|美食,运动乐活型
347,女,25-30岁,运动|美食|游戏,运动乐活型
348,女,18岁以下,运动|游戏,运动乐活型
349,女,18岁以下,生活|美食|科技,生活家型
350,女,18-24岁,搞笑|游戏|动漫|音乐,宅文化型
351,男,40岁以上,科技|搞笑,进步青年型
352,男,18岁以下,游戏|搞笑,宅文化型
353,男,18岁以下,生活|美食,生活家型
354,男,18-24岁,宠物|生活,动漫二次元型
355,女,18岁以下,音乐|运动|美食|游戏,运动乐活型
356,男,18-24岁,学习|宠物,进步青年型
357,男,31-40岁,美食|运动|科技,生活家型
358,女,18岁以下,生活|美食|运动|科技,生活家型
359,女,18岁以下,动漫|宠物|生活|学习,动漫二次元型
360,男,18岁以下,动漫|宠物|生活|学习,动漫二次元型
361,女,25-30岁,搞笑|动漫|游戏|音乐,宅文化型
362,男,25-30岁,学习|科技|搞笑,进步青年型
363,女,18-24岁,游戏|搞笑|动漫|音乐,宅文化型
364,女,18-24岁,学习|宠物|科技|搞笑,进步青年型
365,男,18-24岁,生活|美食|运动,生活家型
366,男,40岁以上,游戏|搞笑|音乐,宅文化型
367,女,25-30岁,动漫|宠物|学习,动漫二次元型
368,女,40岁以上,科技|宠物|学习|搞笑,进步青年型
369,男,40岁以上,音乐|运动|游戏|美食,运动乐活型
370,女,18-24岁,音乐|运动|游戏|美食,运动乐活型
371,女,18岁以下,生活|运动|美食,生活家型
372,男,25-30岁,搞笑|游戏|动漫,宅文化型
373,男,18岁以下,游戏|动漫,宅文化型
374,女,18岁以下,动漫|生活|学习|宠物,动漫二次元型
375,男,18-24岁,宠物|生活|学习,动漫二次元型
376,男,18岁以下,生活|美食|科技,生活家型
377,女,18-24岁,游戏|搞笑,宅文化型
378,男,18岁以下,学习|科技,进步青年型
379,男,18岁以下,学习|科技|宠物|搞笑,进步青年型
380,女,18-24岁,宠物|动漫|生活,动漫二次元型
381,女,40岁以上,宠物|动漫,动漫二次元型
382,男,40岁以上,动漫|学习,动漫二次元型
383,女,25-30岁,科技|搞笑|宠物|学习,进步青年型
384,女,40岁以上,学习|科技|搞笑|宠物,进步青年型
385,女,18-24岁,搞笑|游戏,宅文化型
386,男,40岁以上,动漫|学习|宠物,动漫二次元型
387,女,25-30岁,学习|科技|搞笑,进步青年型
388,女,40岁以上,音乐|运动,运动乐活型
389,男,25-30岁,运动|音乐,运动乐活型
390,女,40岁以上,科技|搞笑|宠物|学习,进步青年型
391,女,18-24岁,美食|运动,生活家型
392,男,18岁以下,音乐|运动,运动乐活型
393,男,31-40岁,宠物|动漫|学习|生活,动漫二次元型
394,女,31-40岁,音乐|运动|游戏,运动乐活型
395,男,40岁以上,学习|科技,进步青年型
396,男,25-30岁,美食|科技,生活家型
397,男,31-40岁,美食|生活|科技,生活家型
398,男,40岁以上,搞笑|游戏|音乐|动漫,宅文化型
399,男,40岁以上,音乐|美食|游戏|运动,运动乐活型
400,女,25-30岁,运动|美食|游戏|音乐,运动乐活型
401,女,25-30岁,运动|音乐|美食,运动乐活型
402,女,31-40岁,生活|科技|美食,生活家型
403,女,31-40岁,运动|音乐,运动乐活型
404,男,31-40岁,动漫|宠物|学习|生活,动漫二次元型
405,男,31-40岁,学习|科技|宠物|搞笑,进步青年型
406,女,25-30岁,美食|生活,生活家型
407,男,25-30岁,宠物|生活,动漫二次元型
408,女,40岁以上,宠物|动漫|生活,动漫二次元型
409,男,18-24岁,音乐|游戏|运动|美食,运动乐活型
410,男,18岁以下,学习|宠物,进步青年型
411,女,25-30岁,学习|宠物|科技|搞笑,进步青年型
412,女,40岁以上,生活|美食|运动|科技,生活家型
413,女,31-40岁,搞笑|音乐,宅文化型
414,女,18岁以下,运动|游戏,运动乐活型
415,女,31-40岁,科技|学习|宠物,进步青年型
416,女,18岁以下,运动|音乐,运动乐活型
417,女,18岁以下,动漫|宠物|生活|学习,动漫二次元型
418,男,18岁以下,搞笑|游戏,宅文化型
419,男,18岁以下,游戏|搞笑|音乐,宅文化型
420,女,31-40岁,搞笑|游戏,宅文化型
421,男,31-40岁,科技|搞笑,进步青年型
422,女,40岁以上,美食|生活|科技,生活家型
423,男,18-24岁,生活|美食|科技,生活家型
424,男,25-30岁,动漫|生活|学习|宠物,动漫二次元型
425,男,18-24岁,游戏|音乐,宅文化型
426,女,18岁以下,宠物|学习,动漫二次元型
427,男,18岁以下,游戏|搞笑|音乐,宅文化型
428,女,40岁以上,音乐|运动,运动乐活型
429,女,40岁以上,宠物|学习,动漫二次元型
430,女,18岁以下,动漫|宠物|生活|学习,动漫二次元型
431,男,25-30岁,运动|美食|音乐,运动乐活型
432,男,40岁以上,学习|搞笑,进步青年型
433,男,18岁以下,游戏|搞笑,宅文化型
434,男,31-40岁,运动|音乐,运动乐活型
435,男,40岁以上,生活|美食|科技,生活家型
436,男,31-40岁,动漫|宠物|学习,动漫二次元型
437,女,31-40岁,运动|音乐|游戏|美食,运动乐活型
438,女,31-40岁,美食|生活|科技|运动,生活家型
439,女,18-24岁,动漫|宠物|生活|学习,动漫二次元型
440,女,18岁以下,科技|搞笑|宠物,进步青年型
441,女,31-40岁,搞笑|游戏|动漫,宅文化型
442,女,25-30岁,美食|生活|运动|科技,生活家型
443,男,18-24岁,学习|宠物,进步青年型
444,男,25-30岁,搞笑|动漫,宅文化型
445,男,18岁以下,音乐|美食|游戏|运动,运动乐活型
446,女,25-30岁,运动|音乐|美食|游戏,运动乐活型
447,男,18岁以下,游戏|搞笑|动漫,宅文化型
448,男,31-40岁,运动|游戏|音乐|美食,运动乐活型
449,男,18岁以下,美食|生活|科技,生活家型
450,男,25-30岁,宠物|生活|学习,动漫二次元型
451,男,25-30岁,宠物|动漫,动漫二次元型
452,男,18-24岁,学习|搞笑,进步青年型
453,女,31-40岁,游戏|搞笑|动漫|音乐,宅文化型
454,男,18岁以下,科技|学习,进步青年型
455,男,40岁以上,科技|学习|搞笑|宠物,进步青年型
456,男,31-40岁,科技|学习|搞笑|宠物,进步青年型
457,女,40岁以上,科技|宠物|学习|搞笑,进步青年型
458,男,40岁以上,运动|音乐,运动乐活型
459,女,25-30岁,运动|音乐|游戏,运动乐活型
460,男,18岁以下,学习|宠物|科技|搞笑,进步青年型
461,男,18岁以下,音乐|运动|美食|游戏,运动乐活型
462,女,31-40岁,运动|音乐|游戏,运动乐活型
463,男,31-40岁,生活|美食|科技,生活家型
464,女,18岁以下,搞笑|游戏|音乐,宅文化型
465,男,18岁以下,宠物|动漫|学习|生活,动漫二次元型
466,男,25-30岁,游戏|搞笑|音乐|动漫,宅文化型
467,女,31-40岁,运动|音乐|美食|游戏,运动乐活型
468,男,18岁以下,生活|美食|科技,生活家型
469,女,18-24岁,运动|音乐|美食,运动乐活型
470,男,40岁以上,宠物|动漫,动漫二次元型
471,男,18-24岁,生活|美食,生活家型
472,男,18-24岁,美食|生活|科技|运动,生活家型
473,男,18岁以下,游戏|音乐|动漫,宅文化型
474,女,18-24岁,搞笑|音乐|游戏|动漫,宅文化型
475,男,31-40岁,科技|学习|宠物,进步青年型
476,男,25-30岁,学习|科技|搞笑|宠物,进步青年型
477,女,18-24岁,动漫|宠物|学习|生活,动漫二次元型
478,女,18-24岁,音乐|运动|游戏|美食,运动乐活型
479,男,18-24岁,学习|科技,进步青年型
480,男,18岁以下,动漫|宠物|生活,动漫二次元型
481,女,25-30岁,音乐|美食|运动|游戏,运动乐活型
482,女,25-30岁,游戏|动漫,宅文化型
483,男,18岁以下,游戏|搞笑,宅文化型
484,女,18岁以下,搞笑|游戏,宅文化型
485,男,18-24岁,音乐|运动|游戏|美食,运动乐活型
486,男,31-40岁,美食|生活|科技,生活家型
487,男,31-40岁,宠物|动漫|生活,动漫二次元型
488,男,18-24岁,运动|音乐|游戏,运动乐活型
489,女,18-24岁,科技|学习,进步青年型
490,男,40岁以上,美食|生活|运动,生活家型
491,男,31-40岁,运动|游戏|音乐,运动乐活型
492,女,31-40岁,生活|美食,生活家型
493,女,31-40岁,搞笑|游戏,宅文化型
494,女,18-24岁,科技|学习|宠物|搞笑,进步青年型
495,男,18岁以下,动漫|学习|生活,动漫二次元型
496,男,31-40岁,学习|宠物,进步青年型
497,女,25-30岁,运动|音乐,运动乐活型
498,男,18-24岁,美食|生活|科技,生活家型
499,男,18岁以下,美食|生活|运动,生活家型
500,男,18岁以下,动漫|宠物|生活,动漫二次元型
501,男,40岁以上,搞笑|游戏,宅文化型
502,女,18岁以下,科技|学习|宠物,进步青年型
503,男,25-30岁,运动|美食,运动乐活型
504,男,25-30岁,搞笑|游戏|动漫|音乐,宅文化型
505,女,31-40岁,生活|美食,生活家型
506,女,25-30岁,宠物|动漫,动漫二次元型
507,女,25-30岁,音乐|美食|运动|游戏,运动乐活型
508,女,18岁以下,美食|生活|运动|科技,生活家型
509,女,25-30岁,生活|美食,生活家型
510,女,40岁以上,宠物|动漫|学习|生活,动漫二次元型
511,男,31-40岁,搞笑|游戏,宅文化型
512,男,18-24岁,音乐|美食|运动,运动乐活型
513,男,18-24岁,音乐|运动|游戏,运动乐活型
514,男,18-24岁,科技|学习|宠物,进步青年型
515,男,25-30岁,学习|科技|宠物|搞笑,进步青年型
516,女,40岁以上,音乐|运动|美食|游戏,运动乐活型
517,女,18-24岁,学习|科技,进步青年型
518,男,18-24岁,科技|宠物|学习|搞笑,进步青年型
519,女,18岁以下,动漫|宠物,动漫二次元型
520,男,18-24岁,生活|美食|科技|运动,生活家型
521,男,18岁以下,搞笑|游戏|音乐|动漫,宅文化型
522,女,40岁以上,动漫|宠物|学习,动漫二次元型
523,女,40岁以上,科技|宠物,进步青年型
524,男,18岁以下,搞笑|游戏,宅文化型
525,男,25-30岁,运动|游戏|美食,运动乐活型
526,女,18岁以下,生活|美食,生活家型
527,女,40岁以上,搞笑|游戏,宅文化型
528,男,40岁以上,音乐|运动|游戏|美食,运动乐活型
529,女,18-24岁,宠物|学习|动漫,动漫二次元型
530,女,40岁以上,生活|科技,生活家型
531,男,18岁以下,动漫|生活|宠物,动漫二次元型
532,男,40岁以上,音乐|运动|美食,运动乐活型
533,男,18-24岁,运动|音乐,运动乐活型
534,女,31-40岁,搞笑|游戏,宅文化型
535,男,18-24岁,游戏|搞笑|动漫|音乐,宅文化型
536,女,31-40岁,生活|美食|运动,生活家型
537,女,31-40岁,美食|生活|科技|运动,生活家型
538,女,31-40岁,游戏|搞笑|动漫|音乐,宅文化型
539,男,18-24岁,运动|音乐|游戏|美食,运动乐活型
540,男,40岁以上,音乐|美食|运动,运动乐活型
541,男,18岁以下,美食|生活|运动|科技,生活家型
542,女,25-30岁,动漫|宠物,动漫二次元型
543,女,40岁以上,运动|音乐|美食,运动乐活型
544,男,31-40岁,科技|搞笑|宠物|学习,进步青年型
545,男,18岁以下,学习|搞笑,进步青年型
546,女,18岁以下,学习|搞笑|科技|宠物,进步青年型
547,男,40岁以上,动漫|宠物|生活,动漫二次元型
548,男,25-30岁,搞笑|游戏|音乐,宅文化型
549,男,40岁以上,宠物|生活,动漫二次元型
550,女,31-40岁,运动|音乐|美食,运动乐活型
551,男,40岁以上,运动|美食|音乐|游戏,运动乐活型
552,女,18-24岁,运动|音乐|游戏,运动乐活型
553,女,18-24岁,生活|美食|运动,生活家型
554,女,18-24岁,美食|生活,生活家型
555,女,25-30岁,游戏|搞笑|音乐,宅文化型
556,男,18岁以下,动漫|宠物|生活,动漫二次元型
557,男,18岁以下,运动|音乐|游戏,运动乐活型
558,男,18岁以下,宠物|动漫|学习,动漫二次元型
559,女,25-30岁,生活|美食|运动|科技,生活家型
560,女,31-40岁,运动|音乐|美食|游戏,运动乐活型
561,男,18-24岁,美食|科技,生活家型
562,女,31-40岁,运动|美食,运动乐活型
563,女,18-24岁,生活|美食|科技,生活家型
564,女,18-24岁,音乐|运动|美食|游戏,运动乐活型
565,女,18岁以下,动漫|学习|生活,动漫二次元型
566,男,25-30岁,学习|宠物,进步青年型
567,男,31-40岁,宠物|动漫|生活,动漫二次元型
568,男,25-30岁,生活|运动,生活家型
569,女,31-40岁,学习|科技|宠物,进步青年型
570,女,40岁以上,学习|搞笑,进步青年型
571,女,40岁以上,音乐|游戏,运动乐活型
572,女,25-30岁,科技|宠物|学习,进步青年型
573,男,31-40岁,科技|学习|搞笑,进步青年型
574,男,25-30岁,搞笑|游戏|动漫|音乐,宅文化型
575,女,25-30岁,动漫|宠物|学习|生活,动漫二次元型
576,女,18岁以下,运动|游戏|美食|音乐,运动乐活型
577,女,40岁以上,搞笑|游戏,宅文化型
578,女,40岁以上,宠物|动漫|生活|学习,动漫二次元型
579,女,18岁以下,美食|生活|运动,生活家型
580,女,18岁以下,游戏|搞笑|音乐|动漫,宅文化型
581,女,18岁以下,宠物|动漫|生活,动漫二次元型
582,男,40岁以上,宠物|动漫|生活|学习,动漫二次元型
583,女,18岁以下,搞笑|游戏|音乐|动漫,宅文化型
584,女,31-40岁,宠物|动漫,动漫二次元型
585,女,18-24岁,搞笑|游戏|音乐|动漫,宅文化型
586,男,31-40岁,运动|美食|游戏,运动乐活型
587,男,18岁以下,美食|科技|生活|运动,生活家型
588,女,31-40岁,搞笑|游戏,宅文化型
589,女,25-30岁,科技|宠物,进步青年型
590,女,18-24岁,宠物|生活|学习,动漫二次元型
591,女,31-40岁,生活|运动,生活家型
592,男,31-40岁,生活|科技|美食|运动,生活家型
593,男,31-40岁,动漫|宠物,动漫二次元型
594,女,31-40岁,学习|宠物|科技|搞笑,进步青年型
595,女,31-40岁,搞笑|游戏|动漫|音乐,宅文化型
596,男,18岁以下,美食|科技,生活家型
597,男,31-40岁,动漫|宠物|学习|生活,动漫二次元型
598,男,18-24岁,生活|美食|运动,生活家型
599,女,31-40岁,音乐|运动,运动乐活型
600,女,18岁以下,音乐|运动|游戏,运动乐活型
601,男,18岁以下,动漫|宠物|学习|生活,动漫二次元型
602,女,31-40岁,学习|科技|搞笑,进步青年型
603,女,40岁以上,生活|美食|运动,生活家型
604,女,31-40岁,动漫|宠物|生活|学习,动漫二次元型
605,男,25-30岁,宠物|动漫|生活|学习,动漫二次元型
606,女,40岁以上,运动|音乐,运动乐活型
607,女,40岁以上,动漫|宠物|学习,动漫二次元型
608,男,18-24岁,运动|音乐|美食|游戏,运动乐活型
609,男,31-40岁,科技|学习|搞笑|宠物,进步青年型
610,女,18岁以下,游戏|搞笑|动漫,宅文化型
611,女,18-24岁,生活|美食|科技,生活家型
612,男,31-40岁,宠物|动漫|学习|生活,动漫二次元型
613,女,18-24岁,游戏|动漫|搞笑|音乐,宅文化型
614,女,25-30岁,生活|美食|运动,生活家型
615,女,25-30岁,科技|宠物|搞笑,进步青年型
616,女,18-24岁,动漫|生活|学习,动漫二次元型
617,男,31-40岁,音乐|运动|美食|游戏,运动乐活型
618,女,25-30岁,生活|美食|科技,生活家型
619,男,18-24岁,宠物|生活|学习,动漫二次元型
620,男,18-24岁,游戏|搞笑,宅文化型
621,男,18岁以下,生活|美食,生活家型
622,女,25-30岁,运动|音乐,运动乐活型
623,女,18岁以下,游戏|搞笑|音乐,宅文化型
624,男,18-24岁,科技|学习|搞笑,进步青年型
625,男,18岁以下,科技|学习|搞笑|宠物,进步青年型
626,男,40岁以上,运动|音乐|游戏|美食,运动乐活型
627,女,40岁以上,科技|学习|宠物|搞笑,进步青年型
628,男,25-30岁,生活|美食,生活家型
629,女,25-30岁,动漫|宠物,动漫二次元型
630,女,25-30岁,音乐|美食|游戏|运动,运动乐活型
631,女,40岁以上,音乐|运动|游戏|美食,运动乐活型
632,女,18岁以下,美食|生活,生活家型
633,男,18岁以下,音乐|运动|美食,运动乐活型
634,男,18-24岁,生活|美食,生活家型
635,女,18-24岁,动漫|学习,动漫二次元型
636,男,25-30岁,宠物|动漫|学习|生活,动漫二次元型
637,男,40岁以上,生活|美食|科技|运动,生活家型
638,女,31-40岁,搞笑|游戏|音乐|动漫,宅文化型
639,男,18岁以下,科技|学习|搞笑|宠物,进步青年型
640,男,18-24岁,动漫|宠物|生活,动漫二次元型
641,女,25-30岁,美食|科技|生活|运动,生活家型
642,男,25-30岁,宠物|动漫|生活,动漫二次元型
643,女,18-24岁,运动|音乐|游戏,运动乐活型
644,女,18-24岁,动漫|学习,动漫二次元型
645,男,18-24岁,动漫|宠物|生活|学习,动漫二次元型
646,女,31-40岁,搞笑|游戏|动漫,宅文化型
647,女,25-30岁,运动|音乐,运动乐活型
648,女,25-30岁,运动|美食|游戏,运动乐活型
649,女,18岁以下,音乐|运动,运动乐活型
650,男,31-40岁,科技|宠物|搞笑|学习,进步青年型
651,女,25-30岁,学习|科技|搞笑|宠物,进步青年型
652,女,18岁以下,美食|科技|运动,生活家型
653,男,31-40岁,学习|科技,进步青年型
654,女,18-24岁,运动|美食|游戏,运动乐活型
655,男,18岁以下,科技|学习|搞笑,进步青年型
656,女,18-24岁,运动|音乐,运动乐活型
657,女,18岁以下,学习|科技|宠物,进步青年型
658,男,31-40岁,科技|学习|搞笑|宠物,进步青年型
659,男,18-24岁,音乐|运动|美食|游戏,运动乐活型
660,男,25-30岁,搞笑|动漫|游戏|音乐,宅文化型
661,女,31-40岁,搞笑|游戏|音乐,宅文化型
662,男,31-40岁,游戏|音乐,宅文化型
663,男,40岁以上,科技|搞笑|宠物,进步青年型
664,男,31-40岁,学习|科技,进步青年型
665,女,18-24岁,生活|美食,生活家型
666,男,18岁以下,游戏|搞笑|音乐,宅文化型
667,男,40岁以上,游戏|搞笑|动漫|音乐,宅文化型
668,女,18岁以下,科技|宠物|学习|搞笑,进步青年型
669,女,25-30岁,运动|音乐|美食|游戏,运动乐活型
670,女,25-30岁,音乐|美食|运动|游戏,运动乐活型
671,女,31-40岁,动漫|宠物,动漫二次元型
672,女,40岁以上,科技|宠物|搞笑|学习,进步青年型
673,男,31-40岁,科技|宠物,进步青年型
674,男,40岁以上,音乐|运动|游戏,运动乐活型
675,男,40岁以上,运动|美食|音乐|游戏,运动乐活型
676,女,18-24岁,游戏|搞笑|音乐|动漫,宅文化型
677,男,18-24岁,音乐|运动|游戏,运动乐活型
678,女,18-24岁,运动|音乐|美食|游戏,运动乐活型
679,男,18-24岁,搞笑|音乐,宅文化型
680,男,31-40岁,学习|搞笑|科技,进步青年型
681,男,25-30岁,美食|运动,生活家型
682,男,40岁以上,科技|学习|宠物,进步青年型
683,女,25-30岁,学习|科技,进步青年型
684,女,40岁以上,运动|音乐|美食|游戏,运动乐活型
685,女,18-24岁,宠物|动漫|生活|学习,动漫二次元型
686,男,18-24岁,生活|美食|运动,生活家型
687,女,18岁以下,运动|音乐|游戏,运动乐活型
688,男,18岁以下,生活|科技,生活家型
689,男,18-24岁,动漫|生活|宠物,动漫二次元型
690,女,31-40岁,宠物|动漫,动漫二次元型
691,男,31-40岁,搞笑|游戏|动漫,宅文化型
692,女,25-30岁,学习|科技,进步青年型
693,男,18-24岁,美食|生活,生活家型
694,女,31-40岁,搞笑|游戏|动漫|音乐,宅文化型
695,男,25-30岁,音乐|运动,运动乐活型
696,男,18岁以下,动漫|宠物|学习,动漫二次元型
697,女,40岁以上,游戏|搞笑,宅文化型
698,男,25-30岁,游戏|动漫,宅文化型
699,男,18岁以下,动漫|宠物|学习,动漫二次元型
700,男,18岁以下,音乐|运动,运动乐活型
701,男,31-40岁,美食|生活,生活家型
702,男,18岁以下,运动|音乐|游戏|美食,运动乐活型
703,男,18岁以下,宠物|动漫|学习|生活,动漫二次元型
704,男,18-24岁,音乐|运动|美食|游戏,运动乐活型
705,男,18-24岁,美食|生活|科技|运动,生活家型
706,女,31-40岁,美食|生活|科技,生活家型
707,女,18岁以下,游戏|搞笑,宅文化型
708,女,31-40岁,音乐|运动|游戏,运动乐活型
709,女,18岁以下,搞笑|游戏|动漫,宅文化型
710,女,18岁以下,美食|生活,生活家型
711,女,18-24岁,音乐|游戏|美食|运动,运动乐活型
712,女,25-30岁,科技|学习|搞笑,进步青年型
713,女,18岁以下,音乐|运动|美食|游戏,运动乐活型
714,女,18岁以下,动漫|宠物|学习,动漫二次元型
715,女,25-30岁,宠物|动漫,动漫二次元型
716,男,31-40岁,运动|音乐|美食,运动乐活型
717,男,31-40岁,音乐|游戏,运动乐活型
718,女,25-30岁,宠物|动漫|学习|生活,动漫二次元型
719,女,18-24岁,美食|运动|科技,生活家型
720,女,18岁以下,游戏|动漫|搞笑|音乐,宅文化型
721,女,40岁以上,运动|音乐,运动乐活型
722,女,18岁以下,游戏|搞笑,宅文化型
723,男,18-24岁,音乐|运动|美食|游戏,运动乐活型
724,男,18-24岁,宠物|动漫,动漫二次元型
725,男,25-30岁,搞笑|游戏|音乐|动漫,宅文化型
726,女,18岁以下,宠物|动漫,动漫二次元型
727,女,31-40岁,运动|美食|音乐,运动乐活型
728,男,31-40岁,动漫|宠物|学习|生活,动漫二次元型
729,男,18岁以下,学习|科技|宠物|搞笑,进步青年型
730,男,31-40岁,科技|宠物|学习,进步青年型
731,男,31-40岁,游戏|动漫|音乐|搞笑,宅文化型
732,女,40岁以上,音乐|运动|游戏,运动乐活型
733,男,25-30岁,科技|宠物,进步青年型
734,男,18岁以下,运动|音乐,运动乐活型
735,男,40岁以上,动漫|宠物|学习|生活,动漫二次元型
736,男,18-24岁,美食|运动|生活,生活家型
737,女,18-24岁,生活|美食|科技,生活家型
738,女,18岁以下,运动|音乐|美食|游戏,运动乐活型
739,男,25-30岁,学习|科技,进步青年型
740,男,31-40岁,运动|音乐|美食,运动乐活型
741,男,18岁以下,游戏|搞笑,宅文化型
742,女,40岁以上,生活|美食,生活家型
743,男,25-30岁,音乐|运动,运动乐活型
744,男,18岁以下,学习|科技,进步青年型
745,女,18岁以下,运动|音乐,运动乐活型
746,男,31-40岁,学习|科技|搞笑|宠物,进步青年型
747,女,18岁以下,游戏|音乐|搞笑,宅文化型
748,男,25-30岁,美食|生活|科技|运动,生活家型
749,男,31-40岁,搞笑|游戏|音乐,宅文化型
750,男,18岁以下,学习|宠物,进步青年型
751,男,40岁以上,科技|学习|宠物,进步青年型
752,女,40岁以上,宠物|动漫|生活|学习,动漫二次元型
753,男,31-40岁,动漫|宠物,动漫二次元型
754,男,18岁以下,生活|科技,生活家型
755,男,40岁以上,运动|美食,运动乐活型
756,男,18-24岁,运动|音乐|游戏,运动乐活型
757,女,40岁以上,运动|美食|音乐,运动乐活型
758,男,25-30岁,音乐|运动,运动乐活型
759,男,18岁以下,动漫|宠物,动漫二次元型
760,女,18岁以下,美食|生活|运动,生活家型
761,男,25-30岁,生活|美食,生活家型
762,女,18-24岁,学习|科技|搞笑,进步青年型
763,女,25-30岁,音乐|运动,运动乐活型
764,女,40岁以上,搞笑|游戏|动漫,宅文化型
765,男,18岁以下,音乐|运动|游戏,运动乐活型
766,男,18岁以下,搞笑|游戏|动漫|音乐,宅文化型
767,女,18-24岁,学习|科技|搞笑,进步青年型
768,男,18岁以下,宠物|学习|生活|动漫,动漫二次元型
769,女,31-40岁,游戏|音乐,宅文化型
770,女,18岁以下,宠物|动漫|生活|学习,动漫二次元型
771,女,18-24岁,生活|美食,生活家型
772,男,18-24岁,游戏|搞笑,宅文化型
773,男,18岁以下,搞笑|游戏|音乐|动漫,宅文化型
774,女,31-40岁,宠物|动漫|学习,动漫二次元型
775,男,25-30岁,运动|音乐|美食|游戏,运动乐活型
776,女,40岁以上,美食|生活,生活家型
777,男,40岁以上,生活|美食,生活家型
778,男,18-24岁,动漫|生活|学习|宠物,动漫二次元型
779,男,18-24岁,美食|运动|科技,生活家型
780,女,18-24岁,学习|宠物|科技,进步青年型
781,男,25-30岁,运动|音乐,运动乐活型
782,男,18-24岁,搞笑|音乐|游戏|动漫,宅文化型
783,女,18岁以下,生活|美食|运动,生活家型
784,女,31-40岁,生活|美食|科技|运动,生活家型
785,男,18-24岁,生活|美食|科技|运动,生活家型
786,女,18-24岁,美食|生活,生活家型
787,女,25-30岁,搞笑|音乐,宅文化型
788,女,18岁以下,学习|宠物,进步青年型
789,女,40岁以上,游戏|动漫|搞笑,宅文化型
790,女,40岁以上,动漫|宠物,动漫二次元型
791,女,25-30岁,运动|音乐,运动乐活型
792,男,31-40岁,音乐|美食|运动|游戏,运动乐活型
793,女,18-24岁,科技|宠物|学习,进步青年型
794,女,18-24岁,美食|生活|运动,生活家型
795,女,18-24岁,运动|美食,运动乐活型
796,男,25-30岁,音乐|运动|美食|游戏,运动乐活型
797,男,25-30岁,宠物|动漫,动漫二次元型
798,男,25-30岁,学习|宠物|搞笑,进步青年型
799,女,31-40岁,音乐|游戏|美食|运动,运动乐活型
800,女,25-30岁,宠物|动漫|学习,动漫二次元型
801,男,40岁以上,游戏|音乐|搞笑,宅文化型
802,女,18-24岁,美食|运动|生活,生活家型
803,男,31-40岁,运动|音乐|美食|游戏,运动乐活型
804,女,18岁以下,生活|科技|运动|美食,生活家型
805,女,40岁以上,动漫|宠物|学习,动漫二次元型
806,男,25-30岁,音乐|游戏,运动乐活型
807,女,18岁以下,运动|音乐|美食,运动乐活型
808,男,18-24岁,宠物|动漫,动漫二次元型
809,女,40岁以上,学习|科技|宠物|搞笑,进步青年型
810,女,18-24岁,音乐|运动,运动乐活型
811,男,40岁以上,生活|科技|美食,生活家型
812,女,18岁以下,学习|科技|搞笑,进步青年型
813,女,40岁以上,运动|美食,运动乐活型
814,男,31-40岁,音乐|游戏|运动,运动乐活型
815,女,18-24岁,动漫|学习,动漫二次元型
816,男,18-24岁,科技|学习|宠物|搞笑,进步青年型
817,女,31-40岁,科技|搞笑,进步青年型
818,女,31-40岁,科技|学习,进步青年型
819,女,31-40岁,学习|搞笑,进步青年型
820,女,31-40岁,音乐|运动|美食,运动乐活型
821,男,40岁以上,游戏|搞笑,宅文化型
822,女,40岁以上,美食|运动|科技,生活家型
823,男,31-40岁,游戏|搞笑|动漫|音乐,宅文化型
824,女,18-24岁,运动|音乐|游戏|美食,运动乐活型
825,男,31-40岁,游戏|音乐|搞笑,宅文化型
826,女,18岁以下,游戏|音乐|动漫|搞笑,宅文化型
827,男,25-30岁,科技|宠物|搞笑|学习,进步青年型
828,男,18-24岁,游戏|音乐|搞笑|动漫,宅文化型
829,女,18岁以下,搞笑|游戏|音乐,宅文化型
830,女,18-24岁,宠物|动漫|生活|学习,动漫二次元型
831,女,18-24岁,动漫|学习,动漫二次元型
832,女,31-40岁,宠物|动漫|学习|生活,动漫二次元型
833,男,18-24岁,学习|科技|宠物|搞笑,进步青年型
834,男,25-30岁,游戏|音乐|搞笑,宅文化型
835,男,25-30岁,动漫|宠物|学习,动漫二次元型
836,男,18-24岁,游戏|搞笑,宅文化型
837,男,25-30岁,动漫|宠物|学习,动漫二次元型
838,男,40岁以上,搞笑|动漫|音乐|游戏,宅文化型
839,男,25-30岁,动漫|宠物|生活|学习,动漫二次元型
840,男,18岁以下,游戏|音乐|搞笑|动漫,宅文化型
841,女,18岁以下,运动|游戏,运动乐活型
842,男,18-24岁,学习|科技|宠物|搞笑,进步青年型
843,女,25-30岁,搞笑|游戏|动漫|音乐,宅文化型
844,女,25-30岁,学习|搞笑|宠物|科技,进步青年型
845,女,18岁以下,音乐|游戏|美食|运动,运动乐活型
846,男,31-40岁,音乐|运动|游戏,运动乐活型
847,男,40岁以上,音乐|运动|游戏|美食,运动乐活型
848,男,18-24岁,搞笑|动漫|游戏|音乐,宅文化型
849,女,40岁以上,生活|美食,生活家型
850,女,25-30岁,生活|美食,生活家型
851,男,40岁以上,科技|宠物|学习|搞笑,进步青年型
852,女,31-40岁,运动|音乐|美食|游戏,运动乐活型
853,男,40岁以上,运动|音乐,运动乐活型
854,女,31-40岁,科技|宠物|搞笑|学习,进步青年型
855,女,18岁以下,美食|生活|科技|运动,生活家型
856,女,18岁以下,音乐|运动,运动乐活型
857,女,25-30岁,学习|科技|搞笑|宠物,进步青年型
858,女,40岁以上,生活|运动|科技|美食,生活家型
859,女,25-30岁,学习|搞笑,进步青年型
860,男,18-24岁,科技|宠物|学习|搞笑,进步青年型
861,男,25-30岁,动漫|宠物,动漫二次元型
862,男,25-30岁,宠物|动漫|生活,动漫二次元型
863,男,40岁以上,运动|美食|音乐|游戏,运动乐活型
864,女,18-24岁,运动|游戏|美食,运动乐活型
865,女,25-30岁,动漫|宠物|学习|生活,动漫二次元型
866,男,18岁以下,音乐|美食|运动|游戏,运动乐活型
867,男,31-40岁,游戏|搞笑|动漫,宅文化型
868,男,25-30岁,科技|学习,进步青年型
869,女,18-24岁,动漫|宠物|生活|学习,动漫二次元型
870,女,25-30岁,科技|搞笑|宠物|学习,进步青年型
871,男,25-30岁,学习|科技,进步青年型
872,男,25-30岁,美食|科技|生活,生活家型
873,女,31-40岁,生活|运动|科技,生活家型
874,女,18-24岁,宠物|动漫|生活|学习,动漫二次元型
875,女,18-24岁,学习|科技|宠物|搞笑,进步青年型
876,女,18岁以下,美食|生活|科技|运动,生活家型
877,男,25-30岁,搞笑|游戏,宅文化型
878,女,25-30岁,生活|运动|美食,生活家型
879,男,40岁以上,美食|科技|运动,生活家型
880,女,31-40岁,宠物|动漫|学习|生活,动漫二次元型
881,男,40岁以上,运动|音乐|游戏,运动乐活型
882,女,40岁以上,生活|美食|科技|运动,生活家型
883,男,40岁以上,动漫|宠物,动漫二次元型
884,男,40岁以上,学习|宠物|搞笑,进步青年型
885,男,31-40岁,宠物|动漫,动漫二次元型
886,男,40岁以上,游戏|音乐,宅文化型
887,男,18-24岁,音乐|运动|游戏,运动乐活型
888,男,31-40岁,游戏|动漫|音乐|搞笑,宅文化型
889,男,31-40岁,学习|科技|宠物|搞笑,进步青年型
890,女,25-30岁,运动|音乐,运动乐活型
891,女,18-24岁,科技|学习|宠物|搞笑,进步青年型
892,男,40岁以上,科技|学习|宠物|搞笑,进步青年型
893,女,31-40岁,搞笑|游戏|动漫|音乐,宅文化型
894,男,18-24岁,动漫|宠物,动漫二次元型
895,女,40岁以上,搞笑|游戏,宅文化型
896,女,25-30岁,动漫|宠物|生活|学习,动漫二次元型
897,女,18-24岁,学习|科技,进步青年型
898,男,40岁以上,科技|学习|搞笑,进步青年型
899,男,31-40岁,游戏|搞笑|动漫|音乐,宅文化型
900,女,25-30岁,宠物|生活|学习|动漫,动漫二次元型
901,女,18-24岁,搞笑|动漫,宅文化型
902,女,25-30岁,科技|搞笑|宠物|学习,进步青年型
903,女,25-30岁,宠物|动漫|学习,动漫二次元型
904,女,18岁以下,游戏|搞笑|动漫|音乐,宅文化型
905,女,18-24岁,运动|音乐,运动乐活型
906,男,18岁以下,生活|美食,生活家型
907,女,25-30岁,学习|科技,进步青年型
908,男,40岁以上,音乐|运动,运动乐活型
909,女,31-40岁,生活|运动,生活家型
910,女,18岁以下,搞笑|游戏|动漫|音乐,宅文化型
911,男,18岁以下,学习|宠物|科技,进步青年型
912,男,40岁以上,音乐|运动,运动乐活型
913,女,18岁以下,美食|运动,生活家型
914,女,18岁以下,科技|搞笑|学习,进步青年型
915,男,25-30岁,游戏|搞笑|动漫|音乐,宅文化型
916,女,31-40岁,美食|科技,生活家型
917,女,40岁以上,生活|美食,生活家型
918,男,31-40岁,音乐|运动,运动乐活型
919,女,25-30岁,音乐|运动|游戏,运动乐活型
920,男,25-30岁,学习|宠物,进步青年型
921,女,31-40岁,科技|宠物|学习,进步青年型
922,女,25-30岁,动漫|生活,动漫二次元型
923,男,31-40岁,游戏|搞笑|动漫,宅文化型
924,女,40岁以上,学习|宠物|搞笑|科技,进步青年型
925,女,18岁以下,搞笑|游戏|音乐|动漫,宅文化型
926,男,18-24岁,运动|音乐|游戏|美食,运动乐活型
927,女,25-30岁,美食|生活,生活家型
928,男,31-40岁,科技|学习,进步青年型
929,女,25-30岁,宠物|动漫,动漫二次元型
930,男,18岁以下,动漫|宠物|生活|学习,动漫二次元型
931,男,18-24岁,学习|科技|宠物,进步青年型
932,女,25-30岁,生活|科技|美食|运动,生活家型
933,男,25-30岁,生活|运动|美食|科技,生活家型
934,女,40岁以上,科技|学习|宠物|搞笑,进步青年型
935,男,40岁以上,运动|音乐,运动乐活型
936,男,18-24岁,音乐|运动|美食,运动乐活型
937,女,31-40岁,宠物|动漫,动漫二次元型
938,男,18-24岁,游戏|搞笑|音乐,宅文化型
939,男,31-40岁,生活|美食|科技|运动,生活家型
940,男,25-30岁,搞笑|游戏|音乐|动漫,宅文化型
941,男,40岁以上,美食|生活,生活家型
942,女,31-40岁,生活|美食|科技,生活家型
943,男,25-30岁,美食|运动,生活家型
944,男,18-24岁,学习|科技,进步青年型
945,女,40岁以上,搞笑|游戏|动漫|音乐,宅文化型
946,男,31-40岁,游戏|搞笑|动漫,宅文化型
947,女,40岁以上,运动|音乐|美食,运动乐活型
948,男,18-24岁,生活|美食|科技|运动,生活家型
949,男,25-30岁,动漫|生活,动漫二次元型
950,男,40岁以上,游戏|搞笑|音乐|动漫,宅文化型
951,女,18岁以下,动漫|宠物,动漫二次元型
952,男,18岁以下,音乐|运动|美食|游戏,运动乐活型
953,男,31-40岁,动漫|宠物|生活|学习,动漫二次元型
954,女,40岁以上,运动|音乐|游戏|美食,运动乐活型
955,男,31-40岁,运动|音乐|美食,运动乐活型
956,女,25-30岁,音乐|运动|游戏|美食,运动乐活型
957,男,25-30岁,运动|游戏|音乐|美食,运动乐活型
958,男,18-24岁,音乐|运动|游戏|美食,运动乐活型
959,男,18岁以下,搞笑|游戏|动漫,宅文化型
960,男,31-40岁,音乐|美食|运动|游戏,运动乐活型
961,男,18-24岁,科技|搞笑|宠物|学习,进步青年型
962,女,40岁以上,运动|美食|音乐,运动乐活型
963,女,25-30岁,运动|音乐,运动乐活型
964,男,18岁以下,美食|运动|生活,生活家型
965,男,31-40岁,游戏|动漫|搞笑|音乐,宅文化型
966,男,18岁以下,动漫|学习|生活|宠物,动漫二次元型
967,女,18岁以下,生活|美食,生活家型
968,男,18-24岁,动漫|宠物,动漫二次元型
969,女,18岁以下,搞笑|游戏,宅文化型
970,女,18-24岁,生活|科技,生活家型
971,男,40岁以上,搞笑|游戏,宅文化型
972,女,25-30岁,学习|科技|宠物|搞笑,进步青年型
973,男,25-30岁,生活|美食,生活家型
974,女,25-30岁,学习|科技|宠物,进步青年型
975,女,18岁以下,音乐|运动|美食,运动乐活型
976,男,31-40岁,学习|搞笑,进步青年型
977,男,31-40岁,游戏|搞笑,宅文化型
978,女,25-30岁,音乐|运动|游戏|美食,运动乐活型
979,男,25-30岁,游戏|搞笑|音乐,宅文化型
980,女,25-30岁,美食|生活|科技,生活家型
981,女,40岁以上,游戏|搞笑,宅文化型
982,女,31-40岁,游戏|音乐,宅文化型
983,男,18岁以下,音乐|运动|美食,运动乐活型
984,男,25-30岁,科技|搞笑|宠物,进步青年型
985,男,18-24岁,美食|科技|运动|生活,生活家型
986,女,18岁以下,科技|学习,进步青年型
987,男,25-30岁,学习|科技|宠物|搞笑,进步青年型
988,男,25-30岁,学习|科技,进步青年型
989,女,31-40岁,科技|搞笑|宠物|学习,进步青年型
990,女,18岁以下,运动|游戏|音乐,运动乐活型
991,女,18-24岁,宠物|动漫,动漫二次元型
992,男,31-40岁,搞笑|动漫|游戏,宅文化型
993,女,40岁以上,音乐|运动,运动乐活型
994,女,31-40岁,运动|美食|游戏,运动乐活型
995,女,25-30岁,搞笑|游戏|音乐,宅文化型
996,男,18-24岁,生活|美食|科技,生活家型
997,女,31-40岁,音乐|游戏|运动,运动乐活型
998,女,31-40岁,科技|学习,进步青年型
999,男,40岁以上,运动|游戏,运动乐活型
1000,女,18岁以下,宠物|学习|生活,动漫二次元型
1001,女,40岁以上,宠物|生活|动漫|学习,动漫二次元型
1002,女,25-30岁,运动|音乐|美食|游戏,运动乐活型
1003,男,25-30岁,动漫|生活|学习,动漫二次元型
1004,男,31-40岁,科技|搞笑,进步青年型
1005,女,40岁以上,游戏|动漫|搞笑,宅文化型
1006,男,25-30岁,动漫|宠物|学习,动漫二次元型
1007,女,31-40岁,音乐|游戏|美食|运动,运动乐活型
1008,男,31-40岁,音乐|游戏,运动乐活型
1009,男,31-40岁,美食|生活|科技,生活家型
1010,男,31-40岁,音乐|运动|游戏,运动乐活型
1011,女,18-24岁,美食|生活|科技|运动,生活家型
1012,男,40岁以上,游戏|搞笑,宅文化型
1013,男,18-24岁,音乐|美食,运动乐活型
1014,男,40岁以上,搞笑|动漫|游戏,宅文化型
1015,女,18岁以下,生活|美食|科技|运动,生活家型
1016,女,25-30岁,游戏|搞笑|动漫,宅文化型
1017,女,31-40岁,美食|生活|科技|运动,生活家型
1018,男,25-30岁,搞笑|游戏|动漫,宅文化型
1019,女,18岁以下,搞笑|游戏,宅文化型
1020,男,40岁以上,美食|生活|运动,生活家型
1021,女,25-30岁,生活|运动,生活家型
1022,男,25-30岁,宠物|动漫|生活,动漫二次元型
1023,女,40岁以上,动漫|宠物|学习|生活,动漫二次元型
1024,男,18-24岁,学习|科技|搞笑|宠物,进步青年型
1025,男,31-40岁,搞笑|游戏,宅文化型
1026,男,18岁以下,游戏|搞笑|音乐,宅文化型
1027,男,18岁以下,搞笑|动漫|游戏,宅文化型
1028,男,31-40岁,学习|科技,进步青年型
1029,女,18岁以下,游戏|搞笑|动漫,宅文化型
1030,女,18岁以下,生活|美食|运动|科技,生活家型
1031,男,40岁以上,学习|科技|宠物|搞笑,进步青年型
1032,女,40岁以上,搞笑|音乐|游戏,宅文化型
1033,男,40岁以上,宠物|生活,动漫二次元型
1034,男,18岁以下,运动|音乐,运动乐活型
1035,女,40岁以上,运动|音乐,运动乐活型
1036,男,31-40岁,美食|运动|生活|科技,生活家型
1037,男,18-24岁,科技|学习,进步青年型
1038,女,18-24岁,运动|音乐|游戏,运动乐活型
1039,男,25-30岁,音乐|美食,运动乐活型
1040,女,18-24岁,生活|运动|美食,生活家型
1041,女,25-30岁,学习|宠物|搞笑|科技,进步青年型
1042,女,18岁以下,生活|科技|美食|运动,生活家型
1043,男,18-24岁,搞笑|游戏,宅文化型
1044,女,18岁以下,游戏|音乐|动漫|搞笑,宅文化型
1045,女,25-30岁,生活|美食,生活家型
1046,女,31-40岁,生活|美食|科技|运动,生活家型
1047,男,40岁以上,生活|美食|科技,生活家型
1048,女,40岁以上,美食|生活|运动,生活家型
1049,女,40岁以上,运动|游戏|音乐|美食,运动乐活型
1050,男,40岁以上,美食|生活|运动,生活家型
1051,男,18岁以下,运动|游戏,运动乐活型
1052,女,18岁以下,动漫|宠物|生活,动漫二次元型
1053,女,31-40岁,运动|游戏,运动乐活型
1054,女,31-40岁,美食|生活|科技|运动,生活家型
1055,男,18岁以下,学习|科技|宠物,进步青年型
1056,男,25-30岁,搞笑|动漫,宅文化型
1057,男,31-40岁,宠物|学习|生活,动漫二次元型
1058,男,18岁以下,音乐|游戏|运动|美食,运动乐活型
1059,女,31-40岁,学习|搞笑|科技|宠物,进步青年型
1060,女,25-30岁,学习|科技,进步青年型
1061,男,31-40岁,美食|生活,生活家型
1062,男,31-40岁,运动|音乐|游戏,运动乐活型
1063,女,31-40岁,运动|美食,运动乐活型
1064,男,31-40岁,动漫|生活|学习|宠物,动漫二次元型
1065,男,25-30岁,美食|生活|科技|运动,生活家型
1066,男,18-24岁,学习|科技|搞笑|宠物,进步青年型
1067,女,40岁以上,宠物|生活|学习,动漫二次元型
1068,男,40岁以上,动漫|宠物,动漫二次元型
1069,男,31-40岁,美食|生活|科技,生活家型
1070,男,40岁以上,搞笑|音乐|游戏|动漫,宅文化型
1071,女,40岁以上,学习|科技,进步青年型
1072,男,31-40岁,学习|科技,进步青年型
1073,男,31-40岁,动漫|学习|宠物,动漫二次元型
1074,男,18岁以下,搞笑|游戏,宅文化型
1075,女,25-30岁,音乐|美食|运动,运动乐活型
1076,男,18-24岁,音乐|美食|游戏,运动乐活型
1077,女,40岁以上,动漫|宠物|学习,动漫二次元型
1078,女,18岁以下,美食|生活|科技|运动,生活家型
1079,女,25-30岁,运动|音乐,运动乐活型
1080,男,40岁以上,游戏|动漫,宅文化型
1081,男,40岁以上,科技|学习,进步青年型
1082,男,40岁以上,运动|美食|音乐|游戏,运动乐活型
1083,男,18岁以下,音乐|美食|游戏,运动乐活型
1084,女,18-24岁,运动|音乐|游戏,运动乐活型
1085,女,31-40岁,美食|科技|运动,生活家型
1086,女,18-24岁,音乐|运动|游戏,运动乐活型
1087,女,18岁以下,美食|生活|运动,生活家型
1088,女,25-30岁,科技|宠物|学习|搞笑,进步青年型
1089,男,18岁以下,宠物|学习|生活|动漫,动漫二次元型
1090,女,18岁以下,游戏|搞笑|动漫|音乐,宅文化型
1091,男,31-40岁,游戏|搞笑,宅文化型
1092,女,18岁以下,科技|学习|搞笑,进步青年型
1093,女,18岁以下,宠物|动漫|学习|生活,动漫二次元型
1094,女,18岁以下,生活|科技,生活家型
1095,女,18-24岁,音乐|运动|美食|游戏,运动乐活型
1096,女,25-30岁,美食|生活|科技,生活家型
1097,女,18岁以下,音乐|运动|美食,运动乐活型
1098,男,31-40岁,科技|搞笑|宠物|学习,进步青年型
1099,女,40岁以上,生活|美食|科技,生活家型
1100,女,18-24岁,音乐|游戏|运动,运动乐活型
1101,男,18-24岁,美食|生活|科技,生活家型
1102,女,25-30岁,宠物|动漫,动漫二次元型
1103,女,40岁以上,美食|科技,生活家型
1104,女,18-24岁,学习|科技|宠物,进步青年型
1105,女,18岁以下,音乐|运动,运动乐活型
1106,男,25-30岁,科技|搞笑|宠物|学习,进步青年型
1107,男,25-30岁,宠物|动漫|生活|学习,动漫二次元型
1108,女,25-30岁,音乐|运动,运动乐活型
1109,女,18-24岁,学习|科技,进步青年型
1110,女,40岁以上,学习|宠物|科技,进步青年型
1111,男,40岁以上,生活|科技,生活家型
1112,女,18-24岁,宠物|生活|学习|动漫,动漫二次元型
1113,男,18岁以下,动漫|宠物|生活,动漫二次元型
1114,男,18岁以下,美食|运动|生活|科技,生活家型
1115,女,31-40岁,宠物|动漫,动漫二次元型
1116,女,18岁以下,生活|美食|运动|科技,生活家型
1117,男,31-40岁,音乐|运动,运动乐活型
1118,男,25-30岁,生活|美食|科技,生活家型
1119,女,18-24岁,动漫|生活,动漫二次元型
1120,女,18岁以下,学习|科技,进步青年型
1121,男,31-40岁,科技|搞笑|宠物|学习,进步青年型
1122,女,18岁以下,科技|宠物,进步青年型
1123,女,40岁以上,学习|宠物,进步青年型
1124,女,40岁以上,搞笑|游戏|音乐,宅文化型
1125,女,31-40岁,动漫|学习|宠物|生活,动漫二次元型
1126,女,25-30岁,科技|搞笑|宠物,进步青年型
1127,男,25-30岁,搞笑|游戏,宅文化型
1128,女,18-24岁,音乐|运动|美食|游戏,运动乐活型
1129,男,40岁以上,美食|运动|科技,生活家型
1130,女,40岁以上,动漫|学习|宠物|生活,动漫二次元型
1131,男,31-40岁,音乐|游戏,运动乐活型
1132,男,40岁以上,动漫|宠物|生活|学习,动漫二次元型
1133,男,18岁以下,运动|美食|音乐,运动乐活型
1134,女,18-24岁,音乐|运动,运动乐活型
1135,男,25-30岁,宠物|动漫|学习|生活,动漫二次元型
1136,女,18岁以下,动漫|宠物|生活|学习,动漫二次元型
1137,女,18-24岁,运动|音乐,运动乐活型
1138,女,31-40岁,音乐|运动|游戏,运动乐活型
1139,男,40岁以上,学习|科技|宠物|搞笑,进步青年型
1140,男,18-24岁,生活|美食|运动|科技,生活家型
1141,男,31-40岁,生活|美食|科技|运动,生活家型
1142,男,18岁以下,宠物|动漫|生活,动漫二次元型
1143,女,31-40岁,搞笑|音乐|动漫,宅文化型
1144,女,18-24岁,生活|科技|美食,生活家型
1145,女,18岁以下,搞笑|游戏|动漫,宅文化型
1146,女,31-40岁,搞笑|游戏,宅文化型
1147,女,40岁以上,游戏|搞笑|音乐|动漫,宅文化型
1148,男,25-30岁,搞笑|动漫|音乐|游戏,宅文化型
1149,男,31-40岁,宠物|动漫,动漫二次元型
1150,男,40岁以上,音乐|运动,运动乐活型
1151,男,18-24岁,动漫|学习|生活|宠物,动漫二次元型
1152,男,18岁以下,科技|搞笑,进步青年型
1153,男,31-40岁,运动|音乐|游戏,运动乐活型
1154,女,18-24岁,宠物|动漫|生活,动漫二次元型
1155,女,18-24岁,科技|搞笑,进步青年型
1156,女,25-30岁,学习|科技|宠物|搞笑,进步青年型
1157,男,18岁以下,动漫|学习|生活|宠物,动漫二次元型
1158,男,18岁以下,音乐|运动|美食,运动乐活型
1159,男,31-40岁,搞笑|游戏|音乐,宅文化型
1160,男,18-24岁,运动|游戏,运动乐活型
1161,男,31-40岁,游戏|搞笑|动漫|音乐,宅文化型
1162,女,25-30岁,游戏|搞笑|动漫|音乐,宅文化型
1163,男,25-30岁,美食|生活,生活家型
1164,女,18-24岁,宠物|动漫|学习,动漫二次元型
1165,男,40岁以上,动漫|宠物|学习|生活,动漫二次元型
1166,女,40岁以上,生活|美食|科技,生活家型
1167,男,25-30岁,动漫|宠物,动漫二次元型
1168,男,18岁以下,运动|音乐|美食|游戏,运动乐活型
1169,女,18岁以下,音乐|运动|美食|游戏,运动乐活型
1170,男,18-24岁,生活|美食,生活家型
1171,男,18-24岁,游戏|搞笑|动漫|音乐,宅文化型
1172,男,40岁以上,音乐|美食|游戏,运动乐活型
1173,男,25-30岁,搞笑|游戏|动漫|音乐,宅文化型
1174,女,40岁以上,宠物|动漫|学习,动漫二次元型
1175,男,18岁以下,科技|学习|搞笑|宠物,进步青年型
1176,女,25-30岁,美食|生活|科技,生活家型
1177,女,31-40岁,宠物|动漫|学习|生活,动漫二次元型
1178,女,25-30岁,动漫|宠物|生活|学习,动漫二次元型
1179,男,18岁以下,学习|宠物,进步青年型
1180,女,40岁以上,生活|美食|运动,生活家型
1181,女,25-30岁,生活|美食|科技|运动,生活家型
1182,女,18岁以下,生活|美食,生活家型
1183,女,40岁以上,游戏|音乐|搞笑|动漫,宅文化型
1184,男,25-30岁,游戏|搞笑|音乐|动漫,宅文化型
1185,女,40岁以上,生活|运动|美食|科技,生活家型
1186,男,25-30岁,学习|科技,进步青年型
1187,女,25-30岁,生活|美食|科技,生活家型
1188,男,18-24岁,学习|宠物|搞笑,进步青年型
1189,男,31-40岁,运动|音乐|美食,运动乐活型
1190,女,25-30岁,学习|科技|宠物,进步青年型
1191,女,25-30岁,音乐|美食|运动|游戏,运动乐活型
1192,女,31-40岁,音乐|运动,运动乐活型
1193,女,40岁以上,美食|运动|科技|生活,生活家型
1194,女,18岁以下,动漫|宠物|生活|学习,动漫二次元型
1195,男,18岁以下,宠物|动漫|学习|生活,动漫二次元型
1196,男,40岁以上,运动|音乐|美食|游戏,运动乐活型
1197,男,25-30岁,学习|宠物|科技,进步青年型
1198,女,18岁以下,学习|科技|宠物,进步青年型
1199,男,25-30岁,搞笑|游戏|动漫|音乐,宅文化型
1200,女,18-24岁,音乐|运动,运动乐活型
1201,女,31-40岁,生活|美食,生活家型
1202,男,31-40岁,学习|科技,进步青年型
1203,男,25-30岁,运动|音乐|游戏|美食,运动乐活型
1204,女,18岁以下,搞笑|动漫|游戏,宅文化型
1205,男,40岁以上,生活|科技|运动|美食,生活家型
1206,男,18岁以下,搞笑|游戏|动漫,宅文化型
1207,男,40岁以上,美食|生活|科技|运动,生活家型
1208,女,25-30岁,运动|游戏,运动乐活型
1209,男,18-24岁,音乐|游戏,运动乐活型
1210,女,31-40岁,宠物|动漫|生活,动漫二次元型
1211,男,31-40岁,游戏|动漫,宅文化型
1212,女,18岁以下,宠物|动漫,动漫二次元型
1213,男,18岁以下,搞笑|音乐|动漫,宅文化型
1214,女,31-40岁,音乐|运动|游戏,运动乐活型
1215,女,18-24岁,科技|学习|宠物,进步青年型
1216,男,40岁以上,运动|音乐|美食|游戏,运动乐活型
1217,女,18岁以下,动漫|学习|生活|宠物,动漫二次元型
1218,女,18岁以下,游戏|搞笑|音乐,宅文化型
1219,男,31-40岁,游戏|音乐|搞笑|动漫,宅文化型
1220,男,18岁以下,运动|音乐|美食|游戏,运动乐活型
1221,女,25-30岁,生活|美食|科技|运动,生活家型
1222,男,40岁以上,科技|学习|宠物|搞笑,进步青年型
1223,女,31-40岁,游戏|搞笑|动漫,宅文化型
1224,女,25-30岁,音乐|运动,运动乐活型
1225,男,31-40岁,学习|搞笑,进步青年型
1226,女,31-40岁,宠物|学习|生活|动漫,动漫二次元型
1227,男,31-40岁,宠物|学习|动漫,动漫二次元型
1228,女,18-24岁,美食|生活|运动,生活家型
1229,男,40岁以上,音乐|运动|游戏|美食,运动乐活型
1230,男,31-40岁,生活|美食|运动,生活家型
1231,男,18-24岁,游戏|搞笑,宅文化型
1232,女,40岁以上,音乐|运动|游戏|美食,运动乐活型
1233,男,18-24岁,搞笑|音乐|游戏|动漫,宅文化型
1234,女,31-40岁,生活|科技|运动|美食,生活家型
1235,男,40岁以上,生活|美食|运动|科技,生活家型
1236,女,31-40岁,学习|科技|宠物,进步青年型
1237,男,18-24岁,生活|美食,生活家型
1238,男,40岁以上,搞笑|游戏|音乐,宅文化型
1239,女,18岁以下,生活|运动,生活家型
1240,男,18岁以下,游戏|搞笑|音乐|动漫,宅文化型
1241,女,31-40岁,运动|音乐|美食|游戏,运动乐活型
1242,男,18-24岁,生活|科技,生活家型
1243,女,31-40岁,运动|美食,运动乐活型
1244,男,18岁以下,美食|生活|运动,生活家型
1245,女,18岁以下,游戏|音乐|搞笑,宅文化型
1246,女,40岁以上,动漫|宠物|学习|生活,动漫二次元型
1247,男,18岁以下,美食|科技,生活家型
1248,女,40岁以上,音乐|运动|游戏|美食,运动乐活型
1249,男,31-40岁,学习|科技|宠物,进步青年型
1250,男,18-24岁,生活|美食,生活家型
1251,男,18岁以下,游戏|搞笑|音乐|动漫,宅文化型
1252,女,25-30岁,美食|生活|科技,生活家型
1253,女,31-40岁,音乐|游戏|运动,运动乐活型
1254,男,18-24岁,科技|学习|宠物,进步青年型
1255,女,18岁以下,宠物|学习,动漫二次元型
1256,男,40岁以上,运动|音乐|美食|游戏,运动乐活型
1257,女,25-30岁,游戏|搞笑|动漫,宅文化型
1258,女,18岁以下,游戏|搞笑|动漫,宅文化型
1259,女,18岁以下,音乐|美食|运动|游戏,运动乐活型
1260,女,18岁以下,音乐|运动,运动乐活型
1261,女,18-24岁,学习|宠物,进步青年型
1262,女,31-40岁,科技|搞笑,进步青年型
1263,男,18-24岁,学习|搞笑,进步青年型
1264,男,18岁以下,生活|美食|运动,生活家型
1265,女,25-30岁,科技|学习,进步青年型
1266,女,18岁以下,学习|搞笑|科技,进步青年型
1267,女,31-40岁,生活|美食|运动|科技,生活家型
1268,男,18岁以下,音乐|运动,运动乐活型
1269,女,31-40岁,动漫|宠物|学习,动漫二次元型
1270,女,31-40岁,宠物|学习,动漫二次元型
1271,男,18-24岁,生活|美食|科技,生活家型
1272,女,31-40岁,运动|音乐,运动乐活型
1273,女,18岁以下,美食|生活|运动,生活家型
1274,男,18岁以下,科技|宠物,进步青年型
1275,男,18岁以下,游戏|搞笑,宅文化型
1276,男,25-30岁,生活|美食|运动,生活家型
1277,女,40岁以上,游戏|音乐,宅文化型
1278,男,18岁以下,音乐|运动,运动乐活型
1279,男,18-24岁,游戏|音乐,宅文化型
1280,女,18岁以下,动漫|宠物|生活|学习,动漫二次元型
1281,女,25-30岁,运动|音乐|美食|游戏,运动乐活型
1282,女,25-30岁,生活|美食|运动,生活家型
1283,男,25-30岁,搞笑|音乐|游戏,宅文化型
1284,女,31-40岁,宠物|动漫|学习,动漫二次元型
1285,男,18-24岁,美食|科技,生活家型
1286,女,40岁以上,美食|生活|运动|科技,生活家型
1287,女,18岁以下,美食|生活|运动,生活家型
1288,女,25-30岁,动漫|宠物|学习,动漫二次元型
1289,男,18-24岁,音乐|运动|美食|游戏,运动乐活型
1290,男,40岁以上,游戏|搞笑|音乐,宅文化型
1291,男,18岁以下,生活|美食|运动,生活家型
1292,女,40岁以上,运动|音乐,运动乐活型
1293,男,18-24岁,搞笑|动漫|音乐,宅文化型
1294,男,18-24岁,学习|科技,进步青年型
1295,女,18-24岁,宠物|生活,动漫二次元型
1296,女,18岁以下,生活|美食,生活家型
1297,男,31-40岁,美食|生活|运动|科技,生活家型
1298,男,31-40岁,运动|游戏|音乐|美食,运动乐活型
1299,女,40岁以上,宠物|动漫,动漫二次元型
1300,男,25-30岁,宠物|动漫|生活,动漫二次元型
1301,女,31-40岁,搞笑|游戏,宅文化型
1302,男,25-30岁,音乐|运动|游戏,运动乐活型
1303,男,31-40岁,运动|音乐,运动乐活型
1304,男,31-40岁,动漫|宠物,动漫二次元型
1305,女,18岁以下,生活|科技|运动|美食,生活家型
1306,女,31-40岁,生活|美食|科技,生活家型
1307,男,18-24岁,搞笑|游戏|动漫|音乐,宅文化型
1308,女,18-24岁,音乐|运动|游戏|美食,运动乐活型
1309,女,18-24岁,科技|学习|搞笑,进步青年型
1310,男,31-40岁,游戏|搞笑|音乐,宅文化型
1311,女,40岁以上,科技|宠物|学习,进步青年型
1312,女,31-40岁,科技|宠物|学习,进步青年型
1313,男,40岁以上,搞笑|游戏|动漫|音乐,宅文化型
1314,男,40岁以上,游戏|搞笑,宅文化型
1315,男,31-40岁,学习|科技|宠物,进步青年型
1316,男,25-30岁,动漫|学习|生活,动漫二次元型
1317,女,40岁以上,搞笑|动漫,宅文化型
1318,女,31-40岁,音乐|运动,运动乐活型
1319,女,18-24岁,宠物|学习|生活,动漫二次元型
1320,女,40岁以上,搞笑|游戏,宅文化型
1321,男,18-24岁,美食|生活|运动|科技,生活家型
1322,女,18岁以下,生活|美食|科技|运动,生活家型
1323,男,18-24岁,搞笑|动漫|游戏|音乐,宅文化型
1324,女,31-40岁,音乐|运动|美食|游戏,运动乐活型
1325,女,18岁以下,运动|音乐|游戏|美食,运动乐活型
1326,男,31-40岁,美食|生活,生活家型
1327,女,40岁以上,科技|搞笑|宠物,进步青年型
1328,男,18-24岁,科技|学习,进步青年型
1329,男,25-30岁,动漫|生活|宠物|学习,动漫二次元型
1330,男,31-40岁,动漫|宠物|生活|学习,动漫二次元型
1331,男,31-40岁,音乐|运动|游戏,运动乐活型
1332,男,25-30岁,搞笑|游戏|动漫,宅文化型
1333,女,18-24岁,运动|游戏,运动乐活型
1334,男,18岁以下,搞笑|音乐|游戏,宅文化型
1335,男,25-30岁,音乐|游戏|美食|运动,运动乐活型
1336,女,18岁以下,动漫|宠物,动漫二次元型
1337,女,18岁以下,运动|音乐|美食,运动乐活型
1338,女,31-40岁,搞笑|游戏|音乐|动漫,宅文化型
1339,女,31-40岁,游戏|搞笑|音乐,宅文化型
1340,男,25-30岁,学习|搞笑|科技,进步青年型
1341,女,18-24岁,运动|游戏|音乐,运动乐活型
1342,女,31-40岁,科技|宠物,进步青年型
1343,男,25-30岁,音乐|游戏,运动乐活型
1344,女,18-24岁,美食|生活,生活家型
1345,男,25-30岁,宠物|动漫|学习|生活,动漫二次元型
1346,男,25-30岁,游戏|音乐,宅文化型
1347,女,25-30岁,生活|美食|科技,生活家型
1348,男,18岁以下,搞笑|游戏,宅文化型
1349,男,18岁以下,运动|音乐,运动乐活型
1350,男,25-30岁,宠物|动漫|生活,动漫二次元型
1351,女,31-40岁,科技|搞笑|宠物|学习,进步青年型
1352,女,31-40岁,生活|美食,生活家型
1353,女,18-24岁,生活|美食|科技,生活家型
1354,男,25-30岁,学习|科技|搞笑,进步青年型
1355,女,40岁以上,学习|搞笑|宠物|科技,进步青年型
1356,女,25-30岁,学习|科技|搞笑|宠物,进步青年型
1357,男,18岁以下,科技|学习|宠物,进步青年型
1358,女,40岁以上,科技|学习,进步青年型
1359,男,18-24岁,宠物|学习|动漫,动漫二次元型
1360,男,40岁以上,宠物|生活|动漫,动漫二次元型
1361,男,18-24岁,音乐|运动|游戏,运动乐活型
1362,男,40岁以上,动漫|宠物,动漫二次元型
1363,女,40岁以上,搞笑|动漫|音乐,宅文化型
1364,男,31-40岁,生活|美食|运动|科技,生活家型
1365,男,40岁以上,音乐|游戏,运动乐活型
1366,男,18-24岁,美食|运动|科技,生活家型
1367,女,18-24岁,音乐|运动,运动乐活型
1368,女,31-40岁,生活|科技|运动,生活家型
1369,女,18岁以下,动漫|生活|宠物|学习,动漫二次元型
1370,男,40岁以上,音乐|运动|美食|游戏,运动乐活型
1371,男,18-24岁,学习|科技,进步青年型
1372,女,18-24岁,生活|美食,生活家型
1373,女,18-24岁,宠物|学习|生活,动漫二次元型
1374,女,40岁以上,宠物|动漫|学习|生活,动漫二次元型
1375,男,40岁以上,生活|美食|运动,生活家型
1376,男,18岁以下,动漫|宠物|学习|生活,动漫二次元型
1377,女,31-40岁,游戏|搞笑|音乐|动漫,宅文化型
1378,女,31-40岁,科技|学习,进步青年型
1379,男,40岁以上,音乐|运动|游戏,运动乐活型
1380,男,25-30岁,运动|音乐|美食|游戏,运动乐活型
1381,男,40岁以上,美食|生活,生活家型
1382,男,40岁以上,学习|宠物,进步青年型
1383,男,31-40岁,搞笑|音乐|动漫|游戏,宅文化型
1384,男,40岁以上,搞笑|音乐|游戏,宅文化型
1385,女,40岁以上,搞笑|游戏,宅文化型
1386,女,18岁以下,音乐|运动,运动乐活型
1387,女,18岁以下,音乐|运动|美食|游戏,运动乐活型
1388,女,25-30岁,运动|音乐|游戏,运动乐活型
1389,男,18-24岁,美食|生活|科技|运动,生活家型
1390,女,18-24岁,美食|运动|生活|科技,生活家型
1391,女,25-30岁,搞笑|动漫|音乐|游戏,宅文化型
1392,女,18岁以下,宠物|动漫|学习|生活,动漫二次元型
1393,男,31-40岁,搞笑|游戏|音乐|动漫,宅文化型
1394,女,18-24岁,美食|生活,生活家型
1395,女,18岁以下,动漫|宠物|学习|生活,动漫二次元型
1396,女,18岁以下,搞笑|游戏|动漫,宅文化型
1397,男,18岁以下,音乐|运动|游戏,运动乐活型
1398,女,25-30岁,搞笑|游戏|音乐|动漫,宅文化型
1399,女,25-30岁,美食|生活,生活家型
1400,男,25-30岁,搞笑|游戏,宅文化型
1401,女,18岁以下,宠物|生活,动漫二次元型
1402,男,25-30岁,美食|生活|科技,生活家型
1403,女,18-24岁,科技|搞笑,进步青年型
1404,男,40岁以上,生活|美食,生活家型
1405,女,18岁以下,运动|音乐,运动乐活型
1406,男,18-24岁,音乐|运动|美食,运动乐活型
1407,女,25-30岁,学习|宠物,进步青年型
1408,女,18-24岁,运动|音乐|美食|游戏,运动乐活型
1409,男,18岁以下,科技|学习,进步青年型
1410,男,18-24岁,科技|学习,进步青年型
1411,男,18岁以下,游戏|搞笑|音乐|动漫,宅文化型
1412,男,40岁以上,美食|生活|运动,生活家型
1413,男,18岁以下,美食|生活|运动|科技,生活家型
1414,男,40岁以上,生活|美食,生活家型
1415,男,18岁以下,生活|美食|科技,生活家型
1416,男,25-30岁,游戏|搞笑,宅文化型
1417,男,18-24岁,美食|运动|生活,生活家型
1418,男,40岁以上,音乐|运动|美食,运动乐活型
1419,女,31-40岁,宠物|动漫|学习,动漫二次元型
1420,男,25-30岁,运动|音乐|美食,运动乐活型
1421,男,40岁以上,美食|科技|运动,生活家型
1422,男,18-24岁,搞笑|游戏|动漫,宅文化型
1423,女,25-30岁,美食|科技|运动,生活家型
1424,男,25-30岁,游戏|音乐|搞笑,宅文化型
1425,女,18-24岁,运动|游戏,运动乐活型
1426,男,18岁以下,音乐|运动|游戏|美食,运动乐活型
1427,女,40岁以上,学习|科技|搞笑|宠物,进步青年型
1428,男,18-24岁,音乐|运动,运动乐活型
1429,男,18岁以下,科技|学习,进步青年型
1430,男,18-24岁,美食|生活|运动|科技,生活家型
1431,男,18-24岁,搞笑|游戏|动漫,宅文化型
1432,女,40岁以上,学习|搞笑|科技|宠物,进步青年型
1433,女,40岁以上,科技|学习,进步青年型
1434,女,31-40岁,科技|学习,进步青年型
1435,女,18-24岁,科技|学习|宠物|搞笑,进步青年型
1436,女,18岁以下,科技|搞笑|宠物|学习,进步青年型
1437,男,40岁以上,宠物|动漫|生活|学习,动漫二次元型
1438,女,18-24岁,科技|宠物,进步青年型
1439,男,18岁以下,美食|生活,生活家型
1440,男,25-30岁,游戏|动漫|搞笑|音乐,宅文化型
1441,女,40岁以上,搞笑|游戏,宅文化型
1442,男,40岁以上,动漫|宠物,动漫二次元型
1443,女,40岁以上,美食|生活,生活家型
1444,男,18岁以下,生活|美食|科技|运动,生活家型
1445,男,31-40岁,音乐|美食|游戏|运动,运动乐活型
1446,女,18岁以下,宠物|动漫|学习|生活,动漫二次元型
1447,女,25-30岁,美食|运动,生活家型
1448,男,25-30岁,音乐|运动|游戏,运动乐活型
1449,男,18岁以下,运动|音乐|美食|游戏,运动乐活型
1450,男,31-40岁,宠物|动漫|学习|生活,动漫二次元型
1451,男,18-24岁,运动|音乐,运动乐活型
1452,女,18-24岁,生活|美食|运动|科技,生活家型
1453,男,18-24岁,动漫|宠物|学习,动漫二次元型
1454,女,25-30岁,音乐|运动|游戏|美食,运动乐活型
1455,男,31-40岁,宠物|生活|动漫|学习,动漫二次元型
1456,女,18-24岁,游戏|搞笑|动漫|音乐,宅文化型
1457,女,40岁以上,运动|音乐|游戏,运动乐活型
1458,女,40岁以上,美食|运动|科技|生活,生活家型
1459,女,40岁以上,科技|学习|宠物|搞笑,进步青年型
1460,男,18岁以下,科技|学习|宠物,进步青年型
1461,女,18岁以下,美食|生活|运动|科技,生活家型
1462,女,40岁以上,宠物|学习,动漫二次元型
1463,男,18岁以下,宠物|动漫,动漫二次元型
1464,女,18岁以下,搞笑|游戏|音乐|动漫,宅文化型
1465,女,25-30岁,学习|宠物|科技,进步青年型
1466,男,18-24岁,生活|美食,生活家型
1467,女,18-24岁,动漫|生活|学习,动漫二次元型
1468,男,18-24岁,运动|美食|音乐|游戏,运动乐活型
1469,男,40岁以上,科技|学习,进步青年型
1470,男,18岁以下,科技|宠物|搞笑,进步青年型
1471,女,31-40岁,美食|生活|科技|运动,生活家型
1472,男,25-30岁,动漫|生活,动漫二次元型
1473,男,18岁以下,生活|美食,生活家型
1474,女,40岁以上,搞笑|游戏|动漫,宅文化型
1475,女,25-30岁,学习|科技|宠物,进步青年型
1476,女,25-30岁,美食|生活|科技,生活家型
1477,女,18岁以下,美食|生活|运动|科技,生活家型
1478,女,25-30岁,动漫|宠物|生活|学习,动漫二次元型
1479,女,40岁以上,科技|学习|搞笑,进步青年型
1480,男,18岁以下,运动|音乐|游戏,运动乐活型
1481,男,31-40岁,美食|生活|科技|运动,生活家型
1482,女,18岁以下,音乐|运动,运动乐活型
1483,男,25-30岁,美食|运动,生活家型
1484,男,18岁以下,美食|运动,生活家型
1485,女,18岁以下,动漫|学习|生活,动漫二次元型
1486,男,18岁以下,科技|宠物|搞笑,进步青年型
1487,男,31-40岁,宠物|学习|动漫|生活,动漫二次元型
1488,女,40岁以上,动漫|宠物|生活,动漫二次元型
1489,男,31-40岁,搞笑|动漫|游戏,宅文化型
1490,女,31-40岁,游戏|搞笑|动漫,宅文化型
1491,女,18岁以下,动漫|生活,动漫二次元型
1492,男,25-30岁,游戏|搞笑|动漫|音乐,宅文化型
1493,女,18-24岁,美食|生活|科技,生活家型
1494,女,18岁以下,科技|学习|宠物,进步青年型
1495,女,18岁以下,学习|搞笑|科技,进步青年型
1496,女,25-30岁,学习|科技|搞笑,进步青年型
1497,男,18岁以下,搞笑|游戏,宅文化型
1498,男,25-30岁,宠物|动漫,动漫二次元型
1499,女,25-30岁,科技|宠物|搞笑,进步青年型
1500,男,18-24岁,运动|音乐,运动乐活型
1501,女,40岁以上,搞笑|游戏|动漫|音乐,宅文化型
1502,男,18岁以下,美食|生活|运动|科技,生活家型
1503,男,25-30岁,学习|科技|宠物,进步青年型
1504,男,18岁以下,宠物|动漫,动漫二次元型
1505,男,18-24岁,美食|运动|科技|生活,生活家型
1506,女,40岁以上,生活|科技|运动,生活家型
1507,男,25-30岁,游戏|搞笑|音乐|动漫,宅文化型
1508,女,40岁以上,学习|科技|宠物|搞笑,进步青年型
1509,女,31-40岁,运动|音乐|游戏|美食,运动乐活型
1510,女,40岁以上,科技|学习|搞笑|宠物,进步青年型
1511,男,31-40岁,搞笑|游戏|音乐,宅文化型
1512,男,25-30岁,生活|美食|运动,生活家型
1513,女,31-40岁,学习|宠物|科技,进步青年型
1514,女,25-30岁,宠物|动漫,动漫二次元型
1515,女,18-24岁,科技|学习|搞笑|宠物,进步青年型
1516,女,31-40岁,生活|科技|美食|运动,生活家型
1517,女,25-30岁,动漫|学习,动漫二次元型
1518,男,18-24岁,动漫|学习|宠物|生活,动漫二次元型
1519,女,18-24岁,生活|运动|科技|美食,生活家型
1520,男,40岁以上,音乐|美食|游戏,运动乐活型
1521,男,18岁以下,美食|生活|运动|科技,生活家型
1522,男,40岁以上,音乐|游戏|运动,运动乐活型
1523,女,18岁以下,搞笑|音乐|游戏,宅文化型
1524,男,25-30岁,音乐|运动,运动乐活型
1525,男,31-40岁,游戏|搞笑|音乐,宅文化型
1526,女,25-30岁,科技|学习|宠物|搞笑,进步青年型
1527,男,40岁以上,美食|生活|运动,生活家型
1528,男,18岁以下,宠物|动漫,动漫二次元型
1529,女,18-24岁,美食|生活,生活家型
1530,女,31-40岁,运动|游戏|美食|音乐,运动乐活型
1531,女,40岁以上,动漫|宠物|生活,动漫二次元型
1532,女,31-40岁,学习|科技|宠物|搞笑,进步青年型
1533,男,40岁以上,宠物|动漫,动漫二次元型
1534,女,18岁以下,美食|生活|运动,生活家型
1535,女,18-24岁,科技|学习|搞笑,进步青年型
1536,女,18岁以下,学习|科技|宠物|搞笑,进步青年型
1537,女,40岁以上,学习|科技,进步青年型
1538,男,18岁以下,美食|生活|运动,生活家型
1539,男,18-24岁,生活|美食|科技,生活家型
1540,男,25-30岁,学习|科技|搞笑,进步青年型
1541,男,18-24岁,音乐|美食|运动,运动乐活型
1542,男,31-40岁,美食|生活|科技,生活家型
1543,男,18岁以下,动漫|宠物|生活|学习,动漫二次元型
1544,男,18-24岁,美食|生活|科技|运动,生活家型
1545,男,31-40岁,游戏|音乐|搞笑,宅文化型
1546,女,31-40岁,宠物|动漫|生活,动漫二次元型
1547,女,31-40岁,学习|科技,进步青年型
1548,男,18-24岁,音乐|运动,运动乐活型
1549,男,18-24岁,音乐|运动|游戏,运动乐活型
1550,男,31-40岁,动漫|宠物|生活,动漫二次元型
1551,女,18-24岁,动漫|宠物,动漫二次元型
1552,女,18-24岁,宠物|动漫,动漫二次元型
1553,男,18-24岁,美食|生活,生活家型
1554,男,40岁以上,搞笑|游戏|音乐|动漫,宅文化型
1555,男,18-24岁,学习|科技|宠物|搞笑,进步青年型
1556,男,18岁以下,宠物|生活,动漫二次元型
1557,男,25-30岁,运动|音乐|游戏|美食,运动乐活型
1558,男,18岁以下,学习|宠物|搞笑,进步青年型
1559,男,18-24岁,美食|生活|运动|科技,生活家型
1560,女,18-24岁,音乐|美食|运动,运动乐活型
1561,女,40岁以上,搞笑|游戏|动漫,宅文化型
1562,男,25-30岁,学习|科技|搞笑,进步青年型
1563,女,25-30岁,游戏|音乐|搞笑,宅文化型
1564,男,18岁以下,音乐|运动|美食,运动乐活型
1565,女,31-40岁,游戏|搞笑,宅文化型
1566,男,31-40岁,生活|美食|运动,生活家型
1567,女,25-30岁,音乐|游戏|运动|美食,运动乐活型
1568,男,18-24岁,科技|学习|搞笑|宠物,进步青年型
1569,女,18岁以下,动漫|生活|学习|宠物,动漫二次元型
1570,女,18岁以下,运动|美食,运动乐活型
1571,男,40岁以上,音乐|运动,运动乐活型
1572,女,18-24岁,科技|学习,进步青年型
1573,女,18岁以下,科技|搞笑|学习|宠物,进步青年型
1574,女,40岁以上,科技|学习,进步青年型
1575,男,40岁以上,学习|科技,进步青年型
1576,女,40岁以上,美食|生活|运动|科技,生活家型
1577,男,18-24岁,运动|音乐|游戏|美食,运动乐活型
1578,男,18-24岁,搞笑|游戏,宅文化型
1579,男,40岁以上,动漫|宠物|生活,动漫二次元型
1580,男,40岁以上,生活|运动|美食,生活家型
1581,男,40岁以上,科技|学习|宠物,进步青年型
1582,女,31-40岁,搞笑|游戏|音乐,宅文化型
1583,男,25-30岁,游戏|动漫,宅文化型
1584,女,40岁以上,音乐|运动|美食|游戏,运动乐活型
1585,女,18岁以下,生活|美食|运动|科技,生活家型
1586,男,18岁以下,生活|美食|运动,生活家型
1587,女,25-30岁,学习|科技|搞笑|宠物,进步青年型
1588,女,40岁以上,美食|科技|运动|生活,生活家型
1589,男,18岁以下,科技|搞笑|学习,进步青年型
1590,女,18-24岁,搞笑|游戏|动漫|音乐,宅文化型
1591,女,25-30岁,科技|学习,进步青年型
1592,女,40岁以上,科技|宠物,进步青年型
1593,男,40岁以上,动漫|宠物,动漫二次元型
1594,女,18岁以下,学习|科技|搞笑|宠物,进步青年型
1595,男,40岁以上,生活|美食,生活家型
1596,男,25-30岁,美食|生活|运动|科技,生活家型
1597,男,18岁以下,科技|学习|宠物|搞笑,进步青年型
1598,女,18岁以下,宠物|动漫|学习,动漫二次元型
1599,男,40岁以上,美食|运动|生活|科技,生活家型
1600,男,25-30岁,宠物|动漫|学习|生活,动漫二次元型
1601,女,18岁以下,音乐|运动|美食,运动乐活型
1602,男,40岁以上,搞笑|动漫|游戏,宅文化型
1603,男,18岁以下,动漫|学习,动漫二次元型
1604,女,40岁以上,动漫|学习,动漫二次元型
1605,男,25-30岁,宠物|动漫,动漫二次元型
1606,男,31-40岁,音乐|运动|游戏|美食,运动乐活型
1607,男,18岁以下,音乐|游戏|美食,运动乐活型
1608,男,40岁以上,生活|美食,生活家型
1609,男,18岁以下,动漫|宠物,动漫二次元型
1610,女,25-30岁,美食|生活|科技,生活家型
1611,男,18-24岁,音乐|游戏|运动,运动乐活型
1612,女,18-24岁,搞笑|游戏|音乐,宅文化型
1613,女,25-30岁,音乐|运动,运动乐活型
1614,女,25-30岁,学习|科技|搞笑,进步青年型
1615,女,18-24岁,运动|音乐|游戏,运动乐活型
1616,男,18岁以下,游戏|音乐|搞笑|动漫,宅文化型
1617,女,40岁以上,游戏|搞笑,宅文化型
1618,男,25-30岁,美食|运动|科技|生活,生活家型
1619,女,25-30岁,宠物|生活,动漫二次元型
1620,男,18岁以下,宠物|动漫|生活,动漫二次元型
1621,女,40岁以上,游戏|搞笑|动漫,宅文化型
1622,男,40岁以上,学习|科技|搞笑|宠物,进步青年型
1623,女,40岁以上,宠物|动漫,动漫二次元型
1624,男,25-30岁,游戏|搞笑,宅文化型
1625,女,18-24岁,音乐|运动|游戏|美食,运动乐活型
1626,男,18岁以下,音乐|运动|游戏,运动乐活型
1627,女,25-30岁,学习|科技,进步青年型
1628,男,31-40岁,动漫|学习,动漫二次元型
1629,女,18-24岁,动漫|生活,动漫二次元型
1630,女,18-24岁,科技|学习,进步青年型
1631,女,31-40岁,学习|搞笑|科技,进步青年型
1632,男,25-30岁,学习|搞笑|科技|宠物,进步青年型
1633,男,18-24岁,动漫|宠物,动漫二次元型
1634,女,40岁以上,宠物|动漫|生活,动漫二次元型
1635,女,25-30岁,音乐|运动|游戏,运动乐活型
1636,女,18岁以下,搞笑|游戏|动漫|音乐,宅文化型
1637,女,18岁以下,科技|搞笑|宠物|学习,进步青年型
1638,男,25-30岁,搞笑|游戏|音乐,宅文化型
1639,男,18岁以下,运动|游戏|美食|音乐,运动乐活型
1640,男,31-40岁,搞笑|游戏,宅文化型
1641,男,18-24岁,美食|生活|运动,生活家型
1642,男,31-40岁,宠物|动漫,动漫二次元型
1643,女,25-30岁,搞笑|游戏|音乐|动漫,宅文化型
1644,男,31-40岁,游戏|音乐,宅文化型
1645,男,25-30岁,科技|宠物,进步青年型
1646,男,18-24岁,游戏|搞笑,宅文化型
1647,女,18岁以下,学习|科技|搞笑|宠物,进步青年型
1648,男,18-24岁,美食|生活|运动|科技,生活家型
1649,女,18岁以下,运动|音乐|美食,运动乐活型
1650,女,18-24岁,游戏|搞笑|动漫,宅文化型
1651,女,40岁以上,搞笑|游戏|动漫,宅文化型
1652,女,25-30岁,游戏|搞笑,宅文化型
1653,男,18岁以下,游戏|动漫|搞笑,宅文化型
1654,女,18-24岁,动漫|宠物,动漫二次元型
1655,男,31-40岁,学习|科技|搞笑|宠物,进步青年型
1656,男,18岁以下,美食|生活|运动,生活家型
1657,男,25-30岁,宠物|学习|动漫,动漫二次元型
1658,男,31-40岁,宠物|学习|动漫|生活,动漫二次元型
1659,女,25-30岁,宠物|动漫|生活|学习,动漫二次元型
1660,女,40岁以上,音乐|美食,运动乐活型
1661,男,18岁以下,音乐|运动,运动乐活型
1662,女,18岁以下,游戏|动漫,宅文化型
1663,男,31-40岁,学习|科技,进步青年型
1664,男,18岁以下,科技|宠物|学习,进步青年型
1665,女,18-24岁,宠物|生活,动漫二次元型
1666,男,31-40岁,运动|游戏,运动乐活型
1667,男,31-40岁,学习|科技|搞笑,进步青年型
1668,男,18岁以下,科技|宠物,进步青年型
1669,女,18岁以下,科技|学习|宠物|搞笑,进步青年型
1670,男,31-40岁,音乐|运动,运动乐活型
1671,男,18岁以下,学习|搞笑|宠物|科技,进步青年型
1672,男,18-24岁,科技|宠物,进步青年型
1673,女,40岁以上,学习|科技,进步青年型
1674,女,18-24岁,游戏|搞笑|音乐,宅文化型
1675,女,18岁以下,运动|美食|游戏|音乐,运动乐活型
1676,男,18-24岁,运动|音乐|美食,运动乐活型
1677,男,25-30岁,宠物|生活|动漫|学习,动漫二次元型
1678,男,18岁以下,动漫|宠物|生活,动漫二次元型
1679,男,18岁以下,生活|美食|科技|运动,生活家型
1680,女,40岁以上,学习|科技|宠物,进步青年型
1681,女,25-30岁,音乐|运动|美食|游戏,运动乐活型
1682,男,31-40岁,音乐|游戏,运动乐活型
1683,男,25-30岁,运动|音乐|游戏,运动乐活型
1684,男,40岁以上,音乐|运动,运动乐活型
1685,男,25-30岁,美食|生活,生活家型
1686,男,31-40岁,科技|搞笑,进步青年型
1687,女,31-40岁,搞笑|音乐|游戏|动漫,宅文化型
1688,女,40岁以上,动漫|生活|宠物,动漫二次元型
1689,女,40岁以上,运动|美食|游戏|音乐,运动乐活型
1690,男,40岁以上,搞笑|游戏,宅文化型
1691,女,18岁以下,搞笑|游戏,宅文化型
1692,男,18-24岁,生活|美食|科技,生活家型
1693,女,18-24岁,学习|科技,进步青年型
1694,女,18岁以下,美食|科技|生活,生活家型
1695,女,31-40岁,生活|科技|美食,生活家型
1696,女,40岁以上,搞笑|音乐|动漫,宅文化型
1697,女,18-24岁,运动|音乐|美食,运动乐活型
1698,女,25-30岁,音乐|美食,运动乐活型
1699,男,18-24岁,搞笑|游戏|动漫,宅文化型
1700,女,31-40岁,音乐|运动|美食,运动乐活型
1701,女,18-24岁,运动|游戏,运动乐活型
1702,女,18-24岁,宠物|动漫|生活|学习,动漫二次元型
1703,女,31-40岁,科技|搞笑,进步青年型
1704,女,25-30岁,音乐|美食|游戏,运动乐活型
1705,男,18岁以下,科技|学习|宠物|搞笑,进步青年型
1706,女,25-30岁,运动|音乐|游戏,运动乐活型
1707,男,40岁以上,学习|科技|搞笑|宠物,进步青年型
1708,女,31-40岁,搞笑|游戏|音乐,宅文化型
1709,女,18-24岁,动漫|宠物|生活,动漫二次元型
1710,女,40岁以上,音乐|运动,运动乐活型
1711,女,40岁以上,游戏|搞笑|动漫,宅文化型
1712,女,25-30岁,科技|宠物,进步青年型
1713,女,18岁以下,运动|游戏|美食,运动乐活型
1714,女,18岁以下,动漫|宠物|学习|生活,动漫二次元型
1715,女,18岁以下,宠物|动漫|生活|学习,动漫二次元型
1716,女,25-30岁,游戏|动漫,宅文化型
1717,男,31-40岁,生活|运动,生活家型
1718,男,40岁以上,游戏|音乐|动漫,宅文化型
1719,男,31-40岁,音乐|美食,运动乐活型
1720,男,18-24岁,生活|美食|运动,生活家型
1721,女,40岁以上,游戏|搞笑,宅文化型
1722,男,31-40岁,游戏|搞笑|音乐,宅文化型
1723,女,18-24岁,生活|美食,生活家型
1724,女,40岁以上,音乐|运动,运动乐活型
1725,男,31-40岁,动漫|学习,动漫二次元型
1726,女,40岁以上,学习|科技|宠物|搞笑,进步青年型
1727,女,25-30岁,运动|游戏,运动乐活型
1728,女,18-24岁,宠物|动漫|生活,动漫二次元型
1729,女,25-30岁,宠物|动漫|学习|生活,动漫二次元型
1730,女,18岁以下,科技|搞笑|学习|宠物,进步青年型
1731,女,40岁以上,音乐|运动,运动乐活型
1732,女,31-40岁,美食|生活|运动,生活家型
1733,女,18岁以下,生活|美食|运动,生活家型
1734,女,18岁以下,科技|学习|搞笑|宠物,进步青年型
1735,男,18-24岁,美食|运动|生活,生活家型
1736,男,18-24岁,搞笑|游戏,宅文化型
1737,男,18岁以下,学习|宠物|科技|搞笑,进步青年型
1738,男,18-24岁,搞笑|游戏|动漫|音乐,宅文化型
1739,男,40岁以上,科技|学习|搞笑,进步青年型
1740,女,31-40岁,科技|学习|搞笑|宠物,进步青年型
1741,男,25-30岁,科技|学习|宠物,进步青年型
1742,男,40岁以上,科技|搞笑|学习,进步青年型
1743,男,25-30岁,动漫|学习|生活,动漫二次元型
1744,男,31-40岁,动漫|宠物,动漫二次元型
1745,男,31-40岁,科技|学习,进步青年型
1746,男,31-40岁,动漫|学习,动漫二次元型
1747,男,18岁以下,科技|学习,进步青年型
1748,女,31-40岁,学习|科技|搞笑,进步青年型
1749,女,18岁以下,学习|科技|搞笑|宠物,进步青年型
1750,女,18-24岁,动漫|宠物,动漫二次元型
1751,女,18-24岁,搞笑|音乐|游戏,宅文化型
1752,女,40岁以上,宠物|动漫,动漫二次元型
1753,女,25-30岁,搞笑|游戏,宅文化型
1754,男,18-24岁,宠物|动漫,动漫二次元型
1755,男,31-40岁,游戏|搞笑|音乐,宅文化型
1756,女,31-40岁,搞笑|游戏|动漫,宅文化型
1757,男,40岁以上,生活|美食|科技|运动,生活家型
1758,男,40岁以上,宠物|动漫|学习,动漫二次元型
1759,男,18岁以下,运动|美食|音乐|游戏,运动乐活型
1760,女,18-24岁,游戏|搞笑,宅文化型
1761,男,25-30岁,学习|科技|宠物,进步青年型
1762,男,40岁以上,音乐|游戏|运动|美食,运动乐活型
1763,男,31-40岁,学习|科技|宠物,进步青年型
1764,女,18-24岁,宠物|动漫|学习|生活,动漫二次元型
1765,女,18-24岁,搞笑|音乐,宅文化型
1766,女,31-40岁,科技|学习|搞笑|宠物,进步青年型
1767,男,18岁以下,动漫|宠物,动漫二次元型
1768,女,40岁以上,动漫|宠物|学习|生活,动漫二次元型
1769,女,31-40岁,搞笑|游戏|音乐,宅文化型
1770,女,25-30岁,宠物|动漫|学习|生活,动漫二次元型
1771,女,18岁以下,运动|音乐|美食,运动乐活型
1772,女,25-30岁,宠物|动漫|学习|生活,动漫二次元型
1773,男,18岁以下,运动|音乐|游戏|美食,运动乐活型
1774,男,18-24岁,宠物|动漫|生活|学习,动漫二次元型
1775,男,40岁以上,美食|科技|生活,生活家型
1776,女,18岁以下,生活|美食|运动,生活家型
1777,男,18-24岁,学习|科技|搞笑,进步青年型
1778,女,31-40岁,运动|音乐|美食|游戏,运动乐活型
1779,女,40岁以上,宠物|动漫|学习|生活,动漫二次元型
1780,男,25-30岁,动漫|宠物|学习|生活,动漫二次元型
1781,男,25-30岁,搞笑|游戏|动漫,宅文化型
1782,女,31-40岁,动漫|宠物|学习|生活,动漫二次元型
1783,女,31-40岁,科技|学习,进步青年型
1784,女,40岁以上,搞笑|游戏,宅文化型
1785,男,18岁以下,学习|搞笑|宠物,进步青年型
1786,男,40岁以上,宠物|生活|动漫|学习,动漫二次元型
1787,男,18-24岁,美食|生活|运动,生活家型
1788,男,40岁以上,科技|搞笑|宠物,进步青年型
1789,女,18-24岁,学习|搞笑|宠物,进步青年型
1790,女,18岁以下,宠物|学习,动漫二次元型
1791,女,31-40岁,游戏|搞笑|动漫,宅文化型
1792,男,31-40岁,运动|音乐,运动乐活型
1793,男,18-24岁,美食|科技,生活家型
1794,男,25-30岁,游戏|搞笑,宅文化型
1795,男,40岁以上,宠物|动漫,动漫二次元型
1796,女,18-24岁,学习|科技|宠物|搞笑,进步青年型
1797,男,40岁以上,搞笑|游戏|动漫,宅文化型
1798,男,40岁以上,运动|音乐|游戏,运动乐活型
1799,男,31-40岁,宠物|动漫|生活|学习,动漫二次元型
1800,男,31-40岁,学习|宠物|科技|搞笑,进步青年型
1801,女,18岁以下,动漫|宠物,动漫二次元型
1802,女,25-30岁,动漫|宠物|学习|生活,动漫二次元型
1803,女,40岁以上,搞笑|游戏|音乐|动漫,宅文化型
1804,女,40岁以上,运动|音乐|美食|游戏,运动乐活型
1805,男,25-30岁,学习|科技,进步青年型
1806,男,31-40岁,生活|科技|美食,生活家型
1807,男,40岁以上,音乐|运动|游戏,运动乐活型
1808,男,25-30岁,音乐|运动|美食,运动乐活型
1809,男,31-40岁,运动|美食,运动乐活型
1810,男,18-24岁,学习|搞笑|科技|宠物,进步青年型
1811,女,18-24岁,学习|宠物|科技|搞笑,进步青年型
1812,男,25-30岁,动漫|宠物|学习|生活,动漫二次元型
1813,男,25-30岁,游戏|搞笑,宅文化型
1814,女,40岁以上,搞笑|游戏,宅文化型
1815,女,31-40岁,科技|学习|宠物,进步青年型
1816,女,31-40岁,游戏|搞笑|音乐,宅文化型
1817,男,40岁以上,学习|科技|宠物|搞笑,进步青年型
1818,男,40岁以上,运动|音乐|游戏,运动乐活型
1819,女,40岁以上,搞笑|动漫,宅文化型
1820,男,18岁以下,宠物|动漫|生活,动漫二次元型
1821,女,18岁以下,美食|生活|科技|运动,生活家型
1822,男,40岁以上,美食|生活|运动|科技,生活家型
1823,女,18岁以下,宠物|生活|动漫|学习,动漫二次元型
1824,女,31-40岁,科技|搞笑|学习|宠物,进步青年型
1825,女,25-30岁,音乐|运动|游戏|美食,运动乐活型
1826,女,40岁以上,生活|美食|科技,生活家型
1827,女,40岁以上,美食|生活|运动,生活家型
1828,女,40岁以上,音乐|运动|美食|游戏,运动乐活型
1829,女,18岁以下,宠物|动漫|生活|学习,动漫二次元型
1830,女,25-30岁,生活|美食,生活家型
1831,男,25-30岁,宠物|动漫,动漫二次元型
1832,男,40岁以上,游戏|动漫|音乐|搞笑,宅文化型
1833,女,25-30岁,动漫|学习|生活,动漫二次元型
1834,女,40岁以上,动漫|宠物|学习,动漫二次元型
1835,女,25-30岁,动漫|宠物|生活,动漫二次元型
1836,女,18-24岁,美食|科技,生活家型
1837,男,31-40岁,美食|生活,生活家型
1838,女,40岁以上,动漫|宠物|生活|学习,动漫二次元型
1839,男,31-40岁,科技|学习,进步青年型
1840,男,18-24岁,运动|音乐|美食|游戏,运动乐活型
1841,男,18岁以下,宠物|学习|动漫|生活,动漫二次元型
1842,女,40岁以上,科技|学习|宠物|搞笑,进步青年型
1843,男,25-30岁,游戏|搞笑|音乐,宅文化型
1844,女,25-30岁,生活|科技|美食|运动,生活家型
1845,男,18岁以下,美食|运动|科技,生活家型
1846,女,31-40岁,美食|生活|运动|科技,生活家型
1847,女,40岁以上,学习|科技|宠物|搞笑,进步青年型
1848,女,25-30岁,生活|美食|运动|科技,生活家型
1849,男,31-40岁,生活|美食,生活家型
1850,男,18-24岁,学习|搞笑|宠物,进步青年型
1851,男,18-24岁,运动|美食,运动乐活型
1852,女,18-24岁,学习|科技|搞笑|宠物,进步青年型
1853,男,31-40岁,音乐|游戏|运动,运动乐活型
1854,女,18岁以下,运动|音乐|美食,运动乐活型
1855,女,18岁以下,宠物|学习|动漫|生活,动漫二次元型
1856,男,18-24岁,生活|运动|科技|美食,生活家型
1857,女,31-40岁,游戏|动漫|搞笑|音乐,宅文化型
1858,女,18-24岁,宠物|生活|动漫|学习,动漫二次元型
1859,男,18岁以下,美食|生活,生活家型
1860,男,25-30岁,音乐|运动|美食,运动乐活型
1861,男,31-40岁,科技|学习|宠物|搞笑,进步青年型
1862,男,18-24岁,动漫|宠物|学习|生活,动漫二次元型
1863,男,18岁以下,搞笑|游戏,宅文化型
1864,女,40岁以上,音乐|美食,运动乐活型
1865,男,31-40岁,学习|科技|宠物|搞笑,进步青年型
1866,男,40岁以上,动漫|宠物|学习,动漫二次元型
1867,女,25-30岁,科技|学习|搞笑,进步青年型
1868,男,31-40岁,科技|学习,进步青年型
1869,女,18-24岁,学习|科技,进步青年型
1870,男,18岁以下,宠物|生活,动漫二次元型
1871,男,40岁以上,美食|生活|科技|运动,生活家型
1872,男,25-30岁,学习|科技,进步青年型
1873,女,18-24岁,搞笑|游戏,宅文化型
1874,男,18-24岁,科技|学习|宠物,进步青年型
1875,男,18岁以下,游戏|搞笑|音乐|动漫,宅文化型
1876,男,40岁以上,生活|美食|科技|运动,生活家型
1877,女,40岁以上,运动|音乐,运动乐活型
1878,男,18岁以下,搞笑|动漫|游戏|音乐,宅文化型
1879,女,25-30岁,科技|搞笑|宠物,进步青年型
1880,女,40岁以上,宠物|生活,动漫二次元型
1881,男,40岁以上,美食|生活|运动,生活家型
1882,男,40岁以上,运动|音乐|美食,运动乐活型
1883,女,31-40岁,搞笑|动漫|音乐,宅文化型
1884,男,18岁以下,动漫|学习|生活|宠物,动漫二次元型
1885,男,18岁以下,生活|美食,生活家型
1886,女,40岁以上,学习|科技|宠物,进步青年型
1887,男,40岁以上,搞笑|游戏,宅文化型
1888,女,40岁以上,美食|生活|运动,生活家型
1889,女,18岁以下,科技|学习,进步青年型
1890,男,25-30岁,运动|美食|音乐|游戏,运动乐活型
1891,女,18岁以下,生活|运动,生活家型
1892,男,31-40岁,音乐|运动,运动乐活型
1893,女,18-24岁,运动|音乐,运动乐活型
1894,男,18岁以下,科技|宠物|搞笑|学习,进步青年型
1895,男,18岁以下,音乐|美食|游戏|运动,运动乐活型
1896,男,18岁以下,学习|搞笑|宠物|科技,进步青年型
1897,女,25-30岁,学习|科技|搞笑|宠物,进步青年型
1898,女,40岁以上,游戏|动漫,宅文化型
1899,男,40岁以上,宠物|学习|动漫|生活,动漫二次元型
1900,男,18-24岁,学习|科技,进步青年型
1901,女,25-30岁,音乐|运动|游戏|美食,运动乐活型
1902,男,18-24岁,运动|美食|音乐|游戏,运动乐活型
1903,男,40岁以上,宠物|动漫|生活,动漫二次元型
1904,男,18-24岁,搞笑|游戏,宅文化型
1905,男,25-30岁,运动|音乐|美食|游戏,运动乐活型
1906,女,25-30岁,学习|科技|搞笑|宠物,进步青年型
1907,女,18岁以下,运动|音乐,运动乐活型
1908,女,40岁以上,搞笑|游戏|音乐|动漫,宅文化型
1909,女,25-30岁,生活|运动|科技,生活家型
1910,女,40岁以上,美食|生活|科技,生活家型
1911,女,25-30岁,搞笑|游戏|动漫|音乐,宅文化型
1912,男,18岁以下,生活|美食|科技|运动,生活家型
1913,男,40岁以上,音乐|美食|运动|游戏,运动乐活型
1914,男,18岁以下,动漫|生活,动漫二次元型
1915,女,31-40岁,宠物|动漫|学习|生活,动漫二次元型
1916,女,18-24岁,搞笑|游戏|音乐|动漫,宅文化型
1917,男,40岁以上,宠物|动漫|生活,动漫二次元型
1918,女,18岁以下,音乐|游戏|运动|美食,运动乐活型
1919,男,40岁以上,生活|美食|科技|运动,生活家型
1920,男,31-40岁,动漫|宠物|生活|学习,动漫二次元型
1921,女,40岁以上,动漫|宠物,动漫二次元型
1922,男,31-40岁,科技|宠物,进步青年型
1923,男,25-30岁,搞笑|音乐|游戏|动漫,宅文化型
1924,女,40岁以上,学习|科技|宠物|搞笑,进步青年型
1925,男,18-24岁,生活|美食|科技,生活家型
1926,女,31-40岁,搞笑|游戏,宅文化型
1927,女,25-30岁,搞笑|动漫|游戏|音乐,宅文化型
1928,男,18-24岁,游戏|音乐|动漫|搞笑,宅文化型
1929,男,18岁以下,动漫|宠物|生活|学习,动漫二次元型
1930,男,25-30岁,学习|科技|搞笑,进步青年型
1931,男,18-24岁,运动|游戏|美食|音乐,运动乐活型
1932,男,18岁以下,游戏|搞笑,宅文化型
1933,女,31-40岁,动漫|宠物|生活,动漫二次元型
1934,男,31-40岁,生活|美食|科技|运动,生活家型
1935,男,18岁以下,生活|美食,生活家型
1936,女,18-24岁,游戏|搞笑,宅文化型
1937,女,18-24岁,生活|运动,生活家型
1938,男,18-24岁,游戏|搞笑,宅文化型
1939,男,18-24岁,音乐|运动|游戏|美食,运动乐活型
1940,男,31-40岁,游戏|搞笑|动漫|音乐,宅文化型
1941,女,31-40岁,学习|科技|宠物,进步青年型
1942,男,31-40岁,美食|运动|科技|生活,生活家型
1943,男,18-24岁,生活|美食|科技|运动,生活家型
1944,男,18岁以下,游戏|动漫|搞笑|音乐,宅文化型
1945,女,18-24岁,运动|音乐|美食,运动乐活型
1946,女,25-30岁,运动|游戏,运动乐活型
1947,男,40岁以上,运动|游戏|美食,运动乐活型
1948,男,25-30岁,学习|科技|搞笑|宠物,进步青年型
1949,男,31-40岁,生活|美食,生活家型
1950,女,25-30岁,搞笑|游戏|动漫,宅文化型
1951,男,18-24岁,宠物|动漫,动漫二次元型
1952,男,40岁以上,运动|音乐|美食,运动乐活型
1953,男,25-30岁,音乐|美食|游戏|运动,运动乐活型
1954,女,18-24岁,生活|美食|运动|科技,生活家型
1955,女,31-40岁,音乐|运动,运动乐活型
1956,男,31-40岁,科技|学习|宠物|搞笑,进步青年型
1957,女,18岁以下,科技|搞笑,进步青年型
1958,女,31-40岁,音乐|运动,运动乐活型
1959,男,18岁以下,美食|生活|运动|科技,生活家型
1960,女,40岁以上,生活|美食|运动|科技,生活家型
1961,女,40岁以上,宠物|生活|动漫,动漫二次元型
1962,男,18岁以下,宠物|动漫|生活,动漫二次元型
1963,女,18-24岁,美食|生活|科技,生活家型
1964,男,18岁以下,搞笑|音乐,宅文化型
1965,男,25-30岁,学习|宠物|搞笑|科技,进步青年型
1966,男,18-24岁,运动|音乐|美食,运动乐活型
1967,女,18-24岁,美食|生活|科技,生活家型
1968,男,18岁以下,宠物|动漫|生活|学习,动漫二次元型
1969,女,40岁以上,音乐|游戏|美食|运动,运动乐活型
1970,女,40岁以上,美食|运动,生活家型
1971,女,40岁以上,音乐|运动,运动乐活型
1972,男,18岁以下,生活|科技|美食,生活家型
1973,男,18岁以下,美食|生活|科技,生活家型
1974,女,25-30岁,游戏|搞笑|音乐|动漫,宅文化型
1975,男,40岁以上,美食|生活|科技,生活家型
1976,女,31-40岁,游戏|搞笑|音乐,宅文化型
1977,男,25-30岁,学习|宠物|搞笑|科技,进步青年型
1978,男,40岁以上,学习|科技|搞笑,进步青年型
1979,男,18-24岁,动漫|学习|宠物,动漫二次元型
1980,女,40岁以上,美食|生活|运动|科技,生活家型
1981,女,18-24岁,科技|搞笑,进步青年型
1982,女,25-30岁,科技|学习,进步青年型
1983,男,18-24岁,美食|生活,生活家型
1984,男,40岁以上,搞笑|游戏,宅文化型
1985,男,31-40岁,运动|音乐,运动乐活型
1986,男,40岁以上,科技|学习|搞笑,进步青年型
1987,女,18-24岁,动漫|宠物,动漫二次元型
1988,女,18岁以下,宠物|动漫|生活|学习,动漫二次元型
1989,男,31-40岁,运动|音乐,运动乐活型
1990,女,25-30岁,科技|学习,进步青年型
1991,男,31-40岁,学习|科技|宠物|搞笑,进步青年型
1992,男,18岁以下,美食|生活,生活家型
1993,女,40岁以上,游戏|搞笑|动漫,宅文化型
1994,女,31-40岁,游戏|动漫|搞笑|音乐,宅文化型
1995,男,25-30岁,科技|宠物|学习,进步青年型
1996,男,40岁以上,运动|游戏,运动乐活型
1997,女,18岁以下,科技|学习|宠物,进步青年型
1998,女,31-40岁,动漫|宠物,动漫二次元型
1999,女,18-24岁,美食|生活|科技|运动,生活家型
2000,男,18岁以下,美食|科技|运动,生活家型
2001,男,40岁以上,生活|运动|美食|科技,生活家型
2002,男,25-30岁,科技|学习|宠物|搞笑,进步青年型
2003,男,18岁以下,动漫|生活|学习,动漫二次元型
2004,男,18岁以下,音乐|游戏|美食|运动,运动乐活型
2005,男,31-40岁,学习|科技,进步青年型
2006,女,18岁以下,科技|宠物,进步青年型
2007,女,25-30岁,学习|宠物|科技|搞笑,进步青年型
2008,男,25-30岁,动漫|宠物|生活,动漫二次元型
2009,男,18岁以下,科技|学习|搞笑|宠物,进步青年型
2010,女,40岁以上,生活|美食|运动,生活家型
2011,女,25-30岁,生活|美食|科技,生活家型
2012,女,25-30岁,动漫|宠物|学习,动漫二次元型
2013,男,18岁以下,学习|科技|宠物|搞笑,进步青年型
2014,女,25-30岁,动漫|生活|学习|宠物,动漫二次元型
2015,女,18岁以下,学习|科技|宠物|搞笑,进步青年型
2016,女,25-30岁,动漫|生活|学习,动漫二次元型
2017,男,40岁以上,学习|宠物|搞笑|科技,进步青年型
2018,女,18-24岁,学习|宠物|科技,进步青年型
2019,男,18-24岁,运动|美食|音乐|游戏,运动乐活型
2020,女,40岁以上,美食|科技|生活,生活家型
2021,女,40岁以上,运动|游戏|美食,运动乐活型
2022,男,25-30岁,宠物|动漫,动漫二次元型
2023,男,40岁以上,学习|科技,进步青年型
2024,男,25-30岁,学习|宠物|搞笑,进步青年型
2025,女,31-40岁,音乐|运动,运动乐活型
2026,男,25-30岁,动漫|宠物|生活|学习,动漫二次元型
2027,男,40岁以上,学习|科技,进步青年型
2028,女,40岁以上,科技|宠物|学习|搞笑,进步青年型
2029,女,18岁以下,游戏|音乐|动漫|搞笑,宅文化型
2030,男,18岁以下,音乐|运动|美食|游戏,运动乐活型
2031,男,40岁以上,宠物|动漫|学习,动漫二次元型
2032,女,31-40岁,搞笑|动漫,宅文化型
2033,女,31-40岁,音乐|运动|美食|游戏,运动乐活型
2034,女,31-40岁,音乐|运动|美食|游戏,运动乐活型
2035,男,18岁以下,游戏|搞笑|音乐|动漫,宅文化型
2036,男,18岁以下,科技|学习|宠物|搞笑,进步青年型
2037,女,18岁以下,学习|搞笑,进步青年型
2038,男,40岁以上,动漫|学习|生活|宠物,动漫二次元型
2039,女,18-24岁,动漫|宠物|学习|生活,动漫二次元型
2040,男,25-30岁,运动|游戏|音乐,运动乐活型
2041,女,18-24岁,科技|学习|搞笑,进步青年型
2042,女,40岁以上,宠物|动漫|生活|学习,动漫二次元型
2043,男,18岁以下,动漫|生活|宠物|学习,动漫二次元型
2044,男,31-40岁,科技|搞笑|学习,进步青年型
2045,男,40岁以上,美食|生活|科技,生活家型
2046,男,31-40岁,音乐|运动,运动乐活型
2047,女,18岁以下,美食|运动|生活,生活家型
2048,女,40岁以上,搞笑|游戏,宅文化型
2049,男,25-30岁,科技|宠物,进步青年型
2050,男,25-30岁,美食|生活|科技,生活家型
2051,女,25-30岁,美食|科技|生活,生活家型
2052,男,40岁以上,美食|生活|科技|运动,生活家型
2053,男,18-24岁,宠物|动漫|学习|生活,动漫二次元型
2054,男,25-30岁,搞笑|游戏,宅文化型
2055,女,31-40岁,音乐|运动|美食,运动乐活型
2056,男,40岁以上,运动|美食|游戏|音乐,运动乐活型
2057,女,31-40岁,科技|学习,进步青年型
2058,女,25-30岁,科技|学习,进步青年型
2059,男,18岁以下,运动|音乐|美食,运动乐活型
2060,男,18-24岁,音乐|运动|游戏,运动乐活型
2061,男,18-24岁,宠物|动漫|学习|生活,动漫二次元型
2062,女,40岁以上,生活|科技|运动,生活家型
2063,男,40岁以上,动漫|宠物|生活,动漫二次元型
2064,男,25-30岁,科技|学习,进步青年型
2065,男,18-24岁,生活|科技,生活家型
2066,女,31-40岁,动漫|宠物|学习|生活,动漫二次元型
2067,女,40岁以上,游戏|动漫|搞笑|音乐,宅文化型
2068,女,40岁以上,游戏|搞笑,宅文化型
2069,男,18岁以下,宠物|生活,动漫二次元型
2070,女,40岁以上,动漫|宠物|生活,动漫二次元型
2071,男,25-30岁,搞笑|动漫|游戏|音乐,宅文化型
2072,女,40岁以上,音乐|游戏|运动,运动乐活型
2073,女,18-24岁,音乐|运动,运动乐活型
2074,男,25-30岁,宠物|动漫|学习,动漫二次元型
2075,男,18岁以下,音乐|美食|游戏|运动,运动乐活型
2076,女,31-40岁,运动|音乐|游戏,运动乐活型
2077,女,31-40岁,学习|科技,进步青年型
2078,女,25-30岁,科技|搞笑,进步青年型
2079,女,31-40岁,游戏|搞笑,宅文化型
2080,女,31-40岁,搞笑|游戏|音乐|动漫,宅文化型
2081,女,18-24岁,宠物|生活|动漫,动漫二次元型
2082,男,18岁以下,学习|科技,进步青年型
2083,男,25-30岁,游戏|音乐|搞笑|动漫,宅文化型
2084,女,18-24岁,美食|生活|科技,生活家型
2085,男,18-24岁,运动|音乐,运动乐活型
2086,男,18-24岁,音乐|美食,运动乐活型
2087,男,18岁以下,游戏|搞笑|音乐|动漫,宅文化型
2088,女,18岁以下,动漫|宠物,动漫二次元型
2089,男,18岁以下,游戏|搞笑,宅文化型
2090,女,18岁以下,游戏|搞笑,宅文化型
2091,女,18岁以下,科技|学习|宠物,进步青年型
2092,男,25-30岁,动漫|宠物,动漫二次元型
2093,男,40岁以上,运动|音乐|美食,运动乐活型
2094,男,18-24岁,音乐|美食,运动乐活型
2095,女,18岁以下,动漫|宠物,动漫二次元型
2096,女,40岁以上,运动|音乐,运动乐活型
2097,女,31-40岁,美食|生活|运动|科技,生活家型
2098,女,40岁以上,游戏|动漫,宅文化型
2099,女,18-24岁,生活|美食|运动,生活家型
2100,女,31-40岁,宠物|动漫|学习,动漫二次元型
2101,女,40岁以上,搞笑|音乐|动漫,宅文化型
2102,男,40岁以上,生活|运动|科技|美食,生活家型
2103,男,31-40岁,学习|科技|宠物|搞笑,进步青年型
2104,女,40岁以上,音乐|运动|游戏,运动乐活型
2105,男,31-40岁,游戏|搞笑|动漫,宅文化型
2106,男,18-24岁,运动|美食|游戏|音乐,运动乐活型
2107,男,18-24岁,宠物|动漫,动漫二次元型
2108,女,18岁以下,搞笑|动漫,宅文化型
2109,女,25-30岁,宠物|生活|学习,动漫二次元型
2110,男,18-24岁,运动|音乐|游戏|美食,运动乐活型
2111,男,18-24岁,游戏|音乐,宅文化型
2112,男,40岁以上,动漫|生活|宠物|学习,动漫二次元型
2113,男,25-30岁,生活|美食,生活家型
2114,男,18岁以下,动漫|宠物,动漫二次元型
2115,男,31-40岁,科技|学习,进步青年型
2116,女,25-30岁,音乐|运动|美食|游戏,运动乐活型
2117,男,18-24岁,生活|美食|运动|科技,生活家型
2118,男,18岁以下,宠物|动漫|学习|生活,动漫二次元型
2119,女,31-40岁,宠物|动漫,动漫二次元型
2120,女,31-40岁,动漫|学习|宠物,动漫二次元型
2121,男,31-40岁,音乐|美食|运动,运动乐活型
2122,女,18-24岁,搞笑|音乐,宅文化型
2123,女,18-24岁,动漫|宠物,动漫二次元型
2124,女,18-24岁,科技|学习|搞笑,进步青年型
2125,女,18-24岁,生活|美食|运动|科技,生活家型
2126,女,18岁以下,动漫|宠物|生活|学习,动漫二次元型
2127,女,25-30岁,动漫|宠物|生活,动漫二次元型
2128,男,40岁以上,科技|学习|搞笑|宠物,进步青年型
2129,男,18-24岁,运动|音乐,运动乐活型
2130,女,40岁以上,游戏|动漫,宅文化型
2131,女,31-40岁,音乐|运动,运动乐活型
2132,男,31-40岁,运动|美食,运动乐活型
2133,女,18岁以下,音乐|运动,运动乐活型
2134,女,25-30岁,生活|美食,生活家型
2135,女,31-40岁,学习|科技,进步青年型
2136,女,40岁以上,美食|生活|运动|科技,生活家型
2137,男,31-40岁,游戏|音乐|搞笑|动漫,宅文化型
2138,男,40岁以上,学习|搞笑|科技,进步青年型
2139,女,31-40岁,学习|科技|宠物,进步青年型
2140,女,31-40岁,搞笑|音乐,宅文化型
2141,女,31-40岁,学习|科技|搞笑,进步青年型
2142,男,25-30岁,学习|科技|搞笑,进步青年型
2143,女,18-24岁,宠物|动漫|学习,动漫二次元型
2144,男,18-24岁,动漫|生活,动漫二次元型
2145,男,40岁以上,游戏|搞笑|动漫|音乐,宅文化型
2146,男,40岁以上,搞笑|游戏,宅文化型
2147,男,25-30岁,生活|美食|运动|科技,生活家型
2148,女,31-40岁,游戏|搞笑|动漫,宅文化型
2149,男,31-40岁,游戏|搞笑|音乐,宅文化型
2150,女,31-40岁,学习|科技,进步青年型
2151,女,25-30岁,音乐|运动|游戏|美食,运动乐活型
2152,男,40岁以上,游戏|搞笑|音乐,宅文化型
2153,女,18-24岁,运动|音乐,运动乐活型
2154,男,25-30岁,宠物|动漫,动漫二次元型
2155,女,40岁以上,科技|学习|搞笑,进步青年型
2156,女,31-40岁,宠物|学习|动漫,动漫二次元型
2157,女,40岁以上,动漫|宠物|学习|生活,动漫二次元型
2158,女,40岁以上,搞笑|游戏|音乐,宅文化型
2159,女,25-30岁,学习|科技,进步青年型
2160,男,31-40岁,科技|学习|搞笑,进步青年型
2161,男,18岁以下,音乐|美食,运动乐活型
2162,女,18岁以下,生活|美食,生活家型
2163,男,40岁以上,美食|生活|科技,生活家型
2164,女,25-30岁,科技|学习,进步青年型
2165,男,25-30岁,宠物|动漫|生活,动漫二次元型
2166,女,31-40岁,学习|搞笑|宠物,进步青年型
2167,男,18岁以下,科技|学习,进步青年型
2168,男,18岁以下,宠物|动漫|学习,动漫二次元型
2169,男,31-40岁,宠物|生活,动漫二次元型
2170,女,18-24岁,美食|科技,生活家型
2171,男,40岁以上,生活|科技,生活家型
2172,女,40岁以上,学习|宠物,进步青年型
2173,女,31-40岁,搞笑|游戏|音乐|动漫,宅文化型
2174,男,25-30岁,动漫|宠物|生活,动漫二次元型
2175,女,18-24岁,音乐|运动|美食,运动乐活型
2176,男,18-24岁,动漫|宠物,动漫二次元型
2177,男,18岁以下,音乐|运动|游戏|美食,运动乐活型
2178,女,18-24岁,音乐|游戏,运动乐活型
2179,男,40岁以上,运动|音乐,运动乐活型
2180,男,25-30岁,美食|生活|运动,生活家型
2181,女,18-24岁,搞笑|音乐|游戏|动漫,宅文化型
2182,女,31-40岁,搞笑|游戏,宅文化型
2183,女,18-24岁,音乐|运动,运动乐活型
2184,女,18岁以下,学习|宠物,进步青年型
2185,女,31-40岁,搞笑|游戏|动漫,宅文化型
2186,女,31-40岁,宠物|学习,动漫二次元型
2187,女,31-40岁,搞笑|动漫|游戏|音乐,宅文化型
2188,女,40岁以上,游戏|音乐|动漫|搞笑,宅文化型
2189,男,31-40岁,美食|生活|运动,生活家型
2190,男,25-30岁,生活|美食|运动,生活家型
2191,女,18-24岁,科技|学习|宠物,进步青年型
2192,女,40岁以上,学习|科技,进步青年型
2193,女,31-40岁,科技|学习|搞笑,进步青年型
2194,男,31-40岁,音乐|运动|游戏,运动乐活型
2195,男,18岁以下,动漫|宠物,动漫二次元型
2196,女,40岁以上,运动|游戏,运动乐活型
2197,男,31-40岁,生活|运动|美食|科技,生活家型
2198,男,18岁以下,运动|音乐|游戏|美食,运动乐活型
2199,女,18岁以下,游戏|动漫|搞笑,宅文化型
2200,女,25-30岁,音乐|运动|美食,运动乐活型
2201,女,40岁以上,动漫|学习|宠物|生活,动漫二次元型
2202,女,18-24岁,游戏|动漫|音乐|搞笑,宅文化型
2203,男,18-24岁,学习|宠物,进步青年型
2204,男,18岁以下,动漫|宠物|生活,动漫二次元型
2205,男,31-40岁,音乐|运动|美食,运动乐活型
2206,男,25-30岁,游戏|搞笑,宅文化型
2207,男,18-24岁,音乐|运动,运动乐活型
2208,女,31-40岁,宠物|动漫|生活|学习,动漫二次元型
2209,女,40岁以上,动漫|宠物|学习,动漫二次元型
2210,男,31-40岁,动漫|生活|宠物|学习,动漫二次元型
2211,男,18岁以下,科技|学习|宠物|搞笑,进步青年型
2212,女,18岁以下,宠物|动漫|生活,动漫二次元型
2213,男,31-40岁,音乐|运动|游戏|美食,运动乐活型
2214,男,18-24岁,生活|运动,生活家型
2215,女,25-30岁,科技|学习|宠物|搞笑,进步青年型
2216,女,31-40岁,美食|科技|运动|生活,生活家型
2217,男,31-40岁,宠物|生活|学习|动漫,动漫二次元型
2218,男,18-24岁,搞笑|动漫|音乐,宅文化型
2219,男,18-24岁,音乐|运动,运动乐活型
2220,女,40岁以上,搞笑|游戏,宅文化型
2221,女,18岁以下,美食|运动,生活家型
2222,男,40岁以上,动漫|宠物|生活|学习,动漫二次元型
2223,女,40岁以上,动漫|学习|宠物,动漫二次元型
2224,男,18-24岁,运动|音乐,运动乐活型
2225,男,18岁以下,游戏|搞笑,宅文化型
2226,男,40岁以上,动漫|宠物|生活,动漫二次元型
2227,女,18-24岁,美食|生活|科技,生活家型
2228,女,18岁以下,搞笑|动漫|游戏,宅文化型
2229,男,18岁以下,音乐|运动|美食,运动乐活型
2230,女,40岁以上,学习|宠物,进步青年型
2231,女,40岁以上,游戏|音乐|搞笑,宅文化型
2232,女,25-30岁,运动|美食|音乐,运动乐活型
2233,女,18岁以下,宠物|学习,动漫二次元型
2234,男,18岁以下,游戏|搞笑,宅文化型
2235,女,25-30岁,动漫|宠物|学习,动漫二次元型
2236,女,18岁以下,游戏|搞笑|音乐,宅文化型
2237,男,31-40岁,生活|运动|美食|科技,生活家型
2238,女,40岁以上,音乐|运动|游戏|美食,运动乐活型
2239,男,25-30岁,音乐|运动|美食|游戏,运动乐活型
2240,男,25-30岁,搞笑|游戏,宅文化型
2241,女,31-40岁,运动|游戏|音乐|美食,运动乐活型
2242,女,18岁以下,学习|科技|宠物|搞笑,进步青年型
2243,女,25-30岁,科技|学习|搞笑,进步青年型
2244,女,31-40岁,游戏|音乐|动漫|搞笑,宅文化型
2245,男,40岁以上,搞笑|游戏|动漫,宅文化型
2246,女,31-40岁,宠物|动漫,动漫二次元型
2247,女,25-30岁,音乐|美食|运动,运动乐活型
2248,女,25-30岁,音乐|游戏,运动乐活型
2249,男,31-40岁,学习|科技|宠物,进步青年型
2250,男,31-40岁,搞笑|游戏|动漫|音乐,宅文化型
2251,女,25-30岁,宠物|学习|生活,动漫二次元型
2252,女,18岁以下,学习|宠物|科技,进步青年型
2253,男,25-30岁,运动|美食|音乐|游戏,运动乐活型
2254,男,25-30岁,美食|生活|科技|运动,生活家型
2255,女,18岁以下,宠物|动漫|学习|生活,动漫二次元型
2256,男,40岁以上,音乐|游戏|运动|美食,运动乐活型
2257,男,40岁以上,学习|科技|宠物|搞笑,进步青年型
2258,女,25-30岁,搞笑|动漫|音乐,宅文化型
2259,女,31-40岁,游戏|搞笑|动漫,宅文化型
2260,男,25-30岁,科技|学习,进步青年型
2261,男,18-24岁,科技|宠物,进步青年型
2262,女,31-40岁,游戏|动漫,宅文化型
2263,男,31-40岁,学习|宠物,进步青年型
2264,男,18岁以下,科技|学习|宠物|搞笑,进步青年型
2265,女,18岁以下,游戏|搞笑|音乐,宅文化型
2266,男,31-40岁,宠物|生活,动漫二次元型
2267,男,18-24岁,音乐|运动|游戏,运动乐活型
2268,男,40岁以上,科技|学习|宠物|搞笑,进步青年型
2269,女,18岁以下,游戏|音乐,宅文化型
2270,男,40岁以上,动漫|学习,动漫二次元型
2271,女,18岁以下,生活|美食,生活家型
2272,男,18岁以下,运动|音乐,运动乐活型
2273,男,18-24岁,美食|生活|科技|运动,生活家型
2274,男,18-24岁,科技|学习|搞笑,进步青年型
2275,男,18-24岁,科技|学习|宠物|搞笑,进步青年型
2276,男,31-40岁,生活|美食|运动|科技,生活家型
2277,女,40岁以上,音乐|运动,运动乐活型
2278,女,18-24岁,学习|科技|宠物|搞笑,进步青年型
2279,男,40岁以上,运动|音乐,运动乐活型
2280,男,40岁以上,学习|科技|宠物|搞笑,进步青年型
2281,男,40岁以上,运动|音乐|游戏,运动乐活型
2282,女,18岁以下,音乐|运动,运动乐活型
2283,女,25-30岁,运动|美食,运动乐活型
2284,女,25-30岁,科技|学习,进步青年型
2285,女,40岁以上,美食|科技,生活家型
2286,男,18-24岁,游戏|动漫,宅文化型
2287,男,31-40岁,科技|学习,进步青年型
2288,男,31-40岁,运动|音乐|美食,运动乐活型
2289,女,25-30岁,音乐|运动,运动乐活型
2290,女,31-40岁,音乐|运动|游戏,运动乐活型
2291,女,40岁以上,科技|学习|宠物,进步青年型
2292,女,31-40岁,运动|音乐|美食|游戏,运动乐活型
2293,女,31-40岁,动漫|宠物|生活|学习,动漫二次元型
2294,女,18-24岁,科技|学习|宠物|搞笑,进步青年型
2295,女,18岁以下,运动|音乐,运动乐活型
2296,男,31-40岁,美食|科技|运动|生活,生活家型
2297,女,25-30岁,生活|运动|科技|美食,生活家型
2298,女,25-30岁,学习|科技|搞笑|宠物,进步青年型
2299,女,25-30岁,动漫|宠物|生活|学习,动漫二次元型
2300,男,40岁以上,宠物|动漫,动漫二次元型
2301,男,25-30岁,宠物|动漫,动漫二次元型
2302,男,25-30岁,学习|搞笑|宠物,进步青年型
2303,男,31-40岁,科技|学习|宠物,进步青年型
2304,女,31-40岁,音乐|美食|游戏,运动乐活型
2305,男,18岁以下,科技|学习,进步青年型
2306,女,40岁以上,动漫|宠物|生活,动漫二次元型
2307,男,25-30岁,科技|学习|宠物,进步青年型
2308,女,18岁以下,搞笑|动漫|游戏,宅文化型
2309,男,18-24岁,宠物|动漫,动漫二次元型
2310,女,25-30岁,生活|科技,生活家型
2311,女,18岁以下,游戏|动漫|音乐,宅文化型
2312,女,18-24岁,美食|生活|科技|运动,生活家型
2313,女,31-40岁,动漫|学习|宠物,动漫二次元型
2314,女,40岁以上,美食|生活|科技,生活家型
2315,女,18岁以下,美食|生活|科技|运动,生活家型
2316,女,40岁以上,游戏|动漫|搞笑,宅文化型
2317,男,18-24岁,宠物|学习|动漫|生活,动漫二次元型
2318,男,18-24岁,美食|生活,生活家型
2319,女,18-24岁,生活|科技,生活家型
2320,女,31-40岁,游戏|搞笑|音乐,宅文化型
2321,男,40岁以上,美食|生活,生活家型
2322,男,18岁以下,运动|音乐|美食,运动乐活型
2323,女,31-40岁,运动|音乐,运动乐活型
2324,男,18-24岁,动漫|宠物,动漫二次元型
2325,女,18岁以下,游戏|音乐,宅文化型
2326,男,25-30岁,运动|音乐|游戏,运动乐活型
2327,女,25-30岁,运动|音乐|美食,运动乐活型
2328,女,18-24岁,搞笑|游戏|音乐|动漫,宅文化型
2329,男,31-40岁,动漫|学习|生活|宠物,动漫二次元型
2330,男,31-40岁,美食|生活|科技,生活家型
2331,男,31-40岁,学习|科技|宠物,进步青年型
2332,女,18岁以下,游戏|搞笑,宅文化型
2333,女,18-24岁,运动|美食|音乐,运动乐活型
2334,男,18岁以下,音乐|游戏|运动,运动乐活型
2335,男,31-40岁,搞笑|游戏|动漫,宅文化型
2336,男,18-24岁,搞笑|游戏,宅文化型
2337,女,18岁以下,游戏|搞笑,宅文化型
2338,男,18-24岁,宠物|学习|动漫|生活,动漫二次元型
2339,男,31-40岁,学习|科技|宠物,进步青年型
2340,男,40岁以上,学习|科技,进步青年型
2341,女,31-40岁,宠物|动漫|学习|生活,动漫二次元型
2342,女,18岁以下,学习|搞笑|科技|宠物,进步青年型
2343,男,25-30岁,生活|科技,生活家型
2344,男,18-24岁,科技|学习|宠物,进步青年型
2345,女,31-40岁,运动|音乐,运动乐活型
2346,女,40岁以上,搞笑|音乐,宅文化型
2347,男,18-24岁,音乐|游戏|运动,运动乐活型
2348,女,18岁以下,动漫|宠物|学习,动漫二次元型
2349,女,31-40岁,运动|音乐|游戏|美食,运动乐活型
2350,男,25-30岁,运动|美食|音乐,运动乐活型
2351,男,40岁以上,学习|搞笑|科技|宠物,进步青年型
2352,女,18岁以下,科技|宠物|学习|搞笑,进步青年型
2353,女,18岁以下,宠物|动漫|生活|学习,动漫二次元型
2354,女,18岁以下,搞笑|游戏|动漫,宅文化型
2355,男,31-40岁,游戏|搞笑|音乐|动漫,宅文化型
2356,女,40岁以上,生活|科技|运动,生活家型
2357,男,18-24岁,美食|科技|生活,生活家型
2358,女,18-24岁,音乐|运动|美食,运动乐活型
2359,男,18-24岁,游戏|搞笑,宅文化型
2360,男,18岁以下,游戏|搞笑,宅文化型
2361,男,18-24岁,学习|科技|宠物,进步青年型
2362,男,25-30岁,运动|音乐|美食|游戏,运动乐活型
2363,女,18-24岁,搞笑|游戏|音乐|动漫,宅文化型
2364,男,18-24岁,学习|科技,进步青年型
2365,女,18-24岁,宠物|动漫|学习,动漫二次元型
2366,女,31-40岁,游戏|搞笑|动漫|音乐,宅文化型
2367,男,18岁以下,搞笑|游戏|音乐|动漫,宅文化型
2368,男,25-30岁,科技|宠物|学习|搞笑,进步青年型
2369,男,40岁以上,搞笑|游戏|音乐|动漫,宅文化型
2370,男,40岁以上,学习|科技,进步青年型
2371,男,18岁以下,宠物|动漫|学习,动漫二次元型
2372,男,25-30岁,搞笑|游戏|音乐,宅文化型
2373,男,31-40岁,运动|美食|音乐|游戏,运动乐活型
2374,女,40岁以上,搞笑|音乐|游戏,宅文化型
2375,女,25-30岁,学习|搞笑|科技,进步青年型
2376,男,40岁以上,宠物|动漫,动漫二次元型
2377,男,18岁以下,运动|音乐|游戏,运动乐活型
2378,女,18岁以下,生活|美食|运动,生活家型
2379,男,18岁以下,美食|生活,生活家型
2380,女,40岁以上,宠物|生活,动漫二次元型
2381,女,31-40岁,科技|学习,进步青年型
2382,男,18岁以下,生活|美食,生活家型
2383,男,31-40岁,游戏|搞笑,宅文化型
2384,女,31-40岁,游戏|搞笑,宅文化型
2385,女,18-24岁,搞笑|游戏,宅文化型
2386,女,25-30岁,动漫|学习,动漫二次元型
2387,女,18岁以下,音乐|游戏|美食|运动,运动乐活型
2388,女,18岁以下,音乐|运动|美食|游戏,运动乐活型
2389,男,25-30岁,科技|搞笑|学习,进步青年型
2390,男,18-24岁,生活|科技|运动|美食,生活家型
2391,男,25-30岁,学习|搞笑|宠物,进步青年型
2392,女,25-30岁,学习|宠物|科技,进步青年型
2393,男,18岁以下,动漫|生活,动漫二次元型
2394,男,18-24岁,宠物|动漫,动漫二次元型
2395,男,18岁以下,学习|科技,进步青年型
2396,男,18岁以下,音乐|游戏|运动,运动乐活型
2397,男,40岁以上,搞笑|游戏,宅文化型
2398,男,18岁以下,游戏|搞笑|音乐,宅文化型
2399,女,18岁以下,生活|美食,生活家型
2400,男,40岁以上,动漫|宠物|生活|学习,动漫二次元型
2401,女,31-40岁,音乐|运动|游戏|美食,运动乐活型
2402,男,25-30岁,美食|运动|生活|科技,生活家型
2403,女,18-24岁,运动|音乐|美食,运动乐活型
2404,女,40岁以上,搞笑|游戏|音乐|动漫,宅文化型
2405,女,31-40岁,宠物|动漫|生活|学习,动漫二次元型
2406,女,25-30岁,美食|运动,生活家型
2407,男,31-40岁,生活|美食|科技,生活家型
2408,女,25-30岁,美食|生活,生活家型
2409,女,25-30岁,搞笑|游戏|音乐|动漫,宅文化型
2410,女,25-30岁,学习|科技|宠物,进步青年型
2411,男,40岁以上,生活|美食|科技,生活家型
2412,男,25-30岁,运动|音乐|游戏|美食,运动乐活型
2413,男,18-24岁,生活|美食|科技|运动,生活家型
2414,女,40岁以上,运动|音乐|游戏|美食,运动乐活型
2415,男,40岁以上,运动|音乐,运动乐活型
2416,女,40岁以上,生活|美食|科技|运动,生活家型
2417,女,31-40岁,生活|美食,生活家型
2418,女,25-30岁,音乐|运动,运动乐活型
2419,女,31-40岁,美食|生活|运动,生活家型
2420,女,18-24岁,学习|科技|搞笑|宠物,进步青年型
2421,男,25-30岁,科技|宠物|学习|搞笑,进步青年型
2422,男,18岁以下,生活|美食|运动|科技,生活家型
2423,男,25-30岁,音乐|美食|运动|游戏,运动乐活型
2424,女,40岁以上,学习|科技|宠物|搞笑,进步青年型
2425,男,40岁以上,运动|音乐|游戏,运动乐活型
2426,男,40岁以上,运动|音乐|美食|游戏,运动乐活型
2427,男,31-40岁,科技|学习|搞笑,进步青年型
2428,女,18-24岁,生活|科技|美食|运动,生活家型
2429,男,31-40岁,生活|运动|科技|美食,生活家型
2430,男,40岁以上,宠物|动漫|生活|学习,动漫二次元型
2431,女,18岁以下,学习|搞笑|科技|宠物,进步青年型
2432,女,25-30岁,美食|运动,生活家型
2433,女,18岁以下,搞笑|动漫|音乐|游戏,宅文化型
2434,男,18-24岁,游戏|搞笑|音乐|动漫,宅文化型
2435,男,18岁以下,搞笑|游戏,宅文化型
2436,女,31-40岁,音乐|运动|游戏,运动乐活型
2437,女,31-40岁,音乐|美食|游戏,运动乐活型
2438,女,31-40岁,运动|音乐|美食|游戏,运动乐活型
2439,男,40岁以上,搞笑|游戏,宅文化型
2440,女,31-40岁,科技|学习,进步青年型
2441,男,18岁以下,宠物|动漫,动漫二次元型
2442,男,18岁以下,动漫|宠物,动漫二次元型
2443,女,18-24岁,搞笑|动漫|音乐,宅文化型
2444,女,31-40岁,生活|科技|运动,生活家型
2445,男,31-40岁,动漫|宠物,动漫二次元型
2446,男,18岁以下,科技|宠物|搞笑,进步青年型
2447,女,18岁以下,生活|美食,生活家型
2448,女,31-40岁,游戏|动漫|音乐|搞笑,宅文化型
2449,女,18岁以下,学习|科技,进步青年型
2450,女,18-24岁,动漫|宠物|生活|学习,动漫二次元型
2451,男,18岁以下,学习|科技|搞笑|宠物,进步青年型
2452,男,25-30岁,音乐|游戏|美食|运动,运动乐活型
2453,女,18-24岁,学习|科技|宠物|搞笑,进步青年型
2454,男,18-24岁,学习|宠物,进步青年型
2455,男,25-30岁,学习|科技|宠物|搞笑,进步青年型
2456,女,25-30岁,运动|音乐|游戏|美食,运动乐活型
2457,女,18-24岁,学习|科技|宠物,进步青年型
2458,女,18-24岁,美食|生活|科技,生活家型
2459,男,40岁以上,音乐|运动|美食,运动乐活型
2460,男,18-24岁,运动|游戏|美食|音乐,运动乐活型
2461,男,31-40岁,学习|科技,进步青年型
2462,男,25-30岁,搞笑|音乐,宅文化型
2463,女,25-30岁,动漫|宠物,动漫二次元型
2464,男,18岁以下,宠物|生活,动漫二次元型
2465,男,40岁以上,搞笑|游戏,宅文化型
2466,男,31-40岁,宠物|生活,动漫二次元型
2467,男,40岁以上,美食|生活,生活家型
2468,女,40岁以上,游戏|搞笑|音乐,宅文化型
2469,女,18岁以下,科技|学习,进步青年型
2470,男,18岁以下,宠物|动漫,动漫二次元型
2471,女,18岁以下,美食|生活,生活家型
2472,男,31-40岁,搞笑|游戏|动漫|音乐,宅文化型
2473,女,40岁以上,学习|科技|搞笑,进步青年型
2474,女,18岁以下,搞笑|游戏|音乐|动漫,宅文化型
2475,男,40岁以上,运动|音乐|美食|游戏,运动乐活型
2476,女,31-40岁,宠物|动漫,动漫二次元型
2477,女,18岁以下,宠物|学习|生活,动漫二次元型
2478,男,40岁以上,学习|科技|宠物,进步青年型
2479,男,31-40岁,学习|科技|宠物|搞笑,进步青年型
2480,男,31-40岁,学习|搞笑,进步青年型
2481,女,25-30岁,生活|运动|科技|美食,生活家型
2482,男,18岁以下,宠物|动漫|生活|学习,动漫二次元型
2483,女,40岁以上,搞笑|游戏|音乐|动漫,宅文化型
2484,男,18岁以下,美食|运动|生活|科技,生活家型
2485,女,31-40岁,美食|生活|科技,生活家型
2486,男,18-24岁,游戏|搞笑|音乐|动漫,宅文化型
2487,男,31-40岁,美食|运动,生活家型
2488,女,40岁以上,宠物|学习|动漫,动漫二次元型
2489,男,25-30岁,科技|搞笑,进步青年型
2490,女,18岁以下,生活|美食|科技|运动,生活家型
2491,男,31-40岁,游戏|音乐|动漫|搞笑,宅文化型
2492,男,40岁以上,生活|科技|运动|美食,生活家型
2493,男,18岁以下,学习|搞笑,进步青年型
2494,男,25-30岁,游戏|搞笑|动漫,宅文化型
2495,女,40岁以上,搞笑|游戏,宅文化型
2496,男,25-30岁,动漫|生活|宠物,动漫二次元型
2497,女,25-30岁,科技|学习,进步青年型
2498,女,31-40岁,宠物|学习,动漫二次元型
2499,男,25-30岁,音乐|游戏|美食,运动乐活型
2500,男,18-24岁,宠物|学习|动漫|生活,动漫二次元型
2501,女,18-24岁,宠物|学习|动漫|生活,动漫二次元型
2502,女,31-40岁,美食|生活|运动|科技,生活家型
2503,男,18-24岁,运动|音乐|游戏,运动乐活型
2504,男,18岁以下,游戏|搞笑,宅文化型
2505,女,31-40岁,搞笑|游戏,宅文化型
2506,女,18-24岁,搞笑|游戏|音乐|动漫,宅文化型
2507,男,25-30岁,学习|科技|宠物,进步青年型
2508,女,25-30岁,搞笑|游戏|音乐,宅文化型
2509,男,31-40岁,科技|学习|宠物,进步青年型
2510,女,18-24岁,科技|搞笑,进步青年型
2511,男,18岁以下,动漫|宠物,动漫二次元型
2512,男,40岁以上,搞笑|游戏|动漫|音乐,宅文化型
2513,女,31-40岁,搞笑|游戏|音乐|动漫,宅文化型
2514,男,31-40岁,动漫|宠物,动漫二次元型
2515,男,40岁以上,动漫|生活|学习|宠物,动漫二次元型
2516,女,18-24岁,美食|运动|生活,生活家型
2517,男,25-30岁,学习|宠物|科技|搞笑,进步青年型
2518,男,18-24岁,学习|科技,进步青年型
2519,男,31-40岁,生活|美食,生活家型
2520,男,18-24岁,运动|音乐|美食|游戏,运动乐活型
2521,女,40岁以上,搞笑|游戏,宅文化型
2522,男,25-30岁,宠物|动漫|生活|学习,动漫二次元型
2523,男,18岁以下,美食|运动,生活家型
2524,女,18-24岁,动漫|宠物|生活|学习,动漫二次元型
2525,男,25-30岁,生活|美食|运动,生活家型
2526,女,18岁以下,游戏|搞笑,宅文化型
2527,女,31-40岁,运动|美食|游戏,运动乐活型
2528,男,40岁以上,搞笑|音乐,宅文化型
2529,女,40岁以上,游戏|搞笑|音乐,宅文化型
2530,女,25-30岁,科技|宠物|搞笑,进步青年型
2531,女,40岁以上,动漫|宠物,动漫二次元型
2532,女,25-30岁,美食|生活|运动,生活家型
2533,女,40岁以上,生活|美食|运动|科技,生活家型
2534,女,31-40岁,生活|运动|美食,生活家型
2535,男,18岁以下,科技|宠物|学习,进步青年型
2536,女,31-40岁,生活|美食|科技,生活家型
2537,女,31-40岁,学习|科技|宠物|搞笑,进步青年型
2538,男,31-40岁,动漫|宠物|学习|生活,动漫二次元型
2539,男,25-30岁,科技|学习|宠物,进步青年型
2540,女,31-40岁,运动|游戏,运动乐活型
2541,女,25-30岁,生活|美食|科技,生活家型
2542,男,18-24岁,音乐|运动|游戏|美食,运动乐活型
2543,女,40岁以上,运动|游戏|音乐,运动乐活型
2544,男,18-24岁,科技|学习|宠物|搞笑,进步青年型
2545,男,18岁以下,宠物|动漫|学习,动漫二次元型
2546,女,25-30岁,搞笑|动漫|音乐,宅文化型
2547,女,31-40岁,美食|生活|运动|科技,生活家型
2548,男,25-30岁,搞笑|音乐,宅文化型
2549,女,18-24岁,动漫|宠物|生活,动漫二次元型
2550,女,31-40岁,运动|游戏,运动乐活型
2551,男,25-30岁,科技|学习,进步青年型
2552,男,31-40岁,游戏|搞笑|动漫|音乐,宅文化型
2553,女,25-30岁,学习|宠物|科技|搞笑,进步青年型
2554,男,25-30岁,宠物|生活|动漫|学习,动漫二次元型
2555,女,40岁以上,运动|音乐|美食|游戏,运动乐活型
2556,男,31-40岁,科技|搞笑,进步青年型
2557,男,18岁以下,学习|科技,进步青年型
2558,女,31-40岁,美食|生活,生活家型
2559,男,18-24岁,音乐|美食|游戏,运动乐活型
2560,男,18岁以下,运动|音乐,运动乐活型
2561,女,40岁以上,运动|音乐|游戏|美食,运动乐活型
2562,男,40岁以上,学习|科技|宠物|搞笑,进步青年型
2563,女,18岁以下,搞笑|游戏|动漫,宅文化型
2564,女,31-40岁,宠物|生活,动漫二次元型
2565,女,31-40岁,宠物|动漫,动漫二次元型
2566,男,31-40岁,科技|学习,进步青年型
2567,男,25-30岁,生活|美食|运动|科技,生活家型
2568,男,31-40岁,美食|生活,生活家型
2569,男,40岁以上,美食|生活,生活家型
2570,男,25-30岁,音乐|运动|游戏|美食,运动乐活型
2571,女,18-24岁,音乐|运动,运动乐活型
2572,女,25-30岁,音乐|运动|游戏|美食,运动乐活型
2573,男,25-30岁,生活|美食|运动|科技,生活家型
2574,女,18-24岁,生活|美食|科技,生活家型
2575,男,40岁以上,学习|搞笑,进步青年型
2576,男,31-40岁,科技|学习,进步青年型
2577,女,25-30岁,动漫|宠物|学习|生活,动漫二次元型
2578,女,25-30岁,学习|搞笑,进步青年型
2579,男,40岁以上,运动|游戏|美食|音乐,运动乐活型
2580,男,25-30岁,动漫|宠物|生活|学习,动漫二次元型
2581,女,18岁以下,宠物|动漫,动漫二次元型
2582,男,40岁以上,音乐|运动|游戏,运动乐活型
2583,女,25-30岁,科技|宠物|搞笑,进步青年型
2584,男,18-24岁,动漫|宠物,动漫二次元型
2585,女,18岁以下,搞笑|音乐|动漫,宅文化型
2586,女,25-30岁,运动|音乐|美食|游戏,运动乐活型
2587,男,25-30岁,音乐|运动|美食,运动乐活型
2588,女,31-40岁,动漫|宠物,动漫二次元型
2589,男,18岁以下,宠物|动漫,动漫二次元型
2590,女,25-30岁,搞笑|音乐,宅文化型
2591,女,31-40岁,宠物|生活|动漫|学习,动漫二次元型
2592,男,40岁以上,音乐|运动|游戏|美食,运动乐活型
2593,女,40岁以上,音乐|美食|运动,运动乐活型
2594,男,31-40岁,动漫|宠物,动漫二次元型
2595,女,18-24岁,宠物|动漫,动漫二次元型
2596,女,18-24岁,音乐|运动|游戏,运动乐活型
2597,女,40岁以上,搞笑|音乐,宅文化型
2598,女,25-30岁,搞笑|游戏|音乐,宅文化型
2599,男,40岁以上,学习|科技|搞笑,进步青年型
2600,女,40岁以上,游戏|搞笑|动漫,宅文化型
2601,女,18岁以下,学习|科技|搞笑,进步青年型
2602,男,40岁以上,美食|生活|运动,生活家型
2603,女,40岁以上,美食|生活|科技,生活家型
2604,男,18-24岁,生活|美食,生活家型
2605,男,18-24岁,运动|音乐|游戏|美食,运动乐活型
2606,男,18岁以下,运动|游戏|美食,运动乐活型
2607,男,40岁以上,运动|音乐,运动乐活型
2608,女,31-40岁,搞笑|动漫|音乐,宅文化型
2609,女,25-30岁,动漫|宠物|学习|生活,动漫二次元型
2610,女,18-24岁,学习|科技,进步青年型
2611,女,31-40岁,运动|美食|音乐,运动乐活型
2612,男,31-40岁,美食|科技|生活,生活家型
2613,女,40岁以上,运动|美食|游戏,运动乐活型
2614,女,31-40岁,游戏|搞笑|音乐,宅文化型
2615,男,25-30岁,游戏|搞笑,宅文化型
2616,女,31-40岁,美食|科技|运动|生活,生活家型
2617,女,18-24岁,学习|科技|搞笑|宠物,进步青年型
2618,女,31-40岁,搞笑|动漫|音乐|游戏,宅文化型
2619,女,18岁以下,科技|搞笑|学习,进步青年型
2620,女,18-24岁,运动|音乐|游戏|美食,运动乐活型
2621,女,40岁以上,生活|科技|运动,生活家型
2622,男,18岁以下,动漫|宠物|生活|学习,动漫二次元型
2623,男,40岁以上,学习|搞笑|宠物|科技,进步青年型
2624,女,40岁以上,运动|音乐,运动乐活型
2625,女,40岁以上,宠物|动漫|生活|学习,动漫二次元型
2626,男,18-24岁,游戏|动漫|音乐,宅文化型
2627,女,25-30岁,科技|搞笑|宠物|学习,进步青年型
2628,女,40岁以上,搞笑|游戏|动漫,宅文化型
2629,女,31-40岁,生活|美食,生活家型
2630,男,18岁以下,运动|游戏|音乐|美食,运动乐活型
2631,女,40岁以上,学习|科技|搞笑|宠物,进步青年型
2632,女,18岁以下,音乐|运动|美食|游戏,运动乐活型
2633,男,18岁以下,音乐|游戏,运动乐活型
2634,女,18岁以下,搞笑|动漫,宅文化型
2635,女,31-40岁,运动|音乐|游戏|美食,运动乐活型
2636,男,40岁以上,音乐|运动|美食|游戏,运动乐活型
2637,男,18-24岁,学习|科技|宠物,进步青年型
2638,男,40岁以上,生活|美食|科技|运动,生活家型
2639,女,31-40岁,运动|音乐,运动乐活型
2640,男,31-40岁,游戏|搞笑|动漫,宅文化型
2641,男,18-24岁,游戏|搞笑|音乐,宅文化型
2642,女,31-40岁,学习|搞笑|宠物,进步青年型
2643,女,18岁以下,动漫|宠物,动漫二次元型
2644,女,18岁以下,生活|美食|科技|运动,生活家型
2645,男,40岁以上,游戏|搞笑,宅文化型
2646,女,31-40岁,运动|音乐,运动乐活型
2647,女,40岁以上,动漫|宠物|生活,动漫二次元型
2648,男,18岁以下,游戏|搞笑|动漫|音乐,宅文化型
2649,男,25-30岁,动漫|生活|学习,动漫二次元型
2650,男,18岁以下,运动|音乐|游戏,运动乐活型
2651,女,31-40岁,科技|学习|宠物,进步青年型
2652,女,25-30岁,动漫|学习,动漫二次元型
2653,男,40岁以上,生活|美食,生活家型
2654,女,40岁以上,生活|美食|运动,生活家型
2655,女,18-24岁,美食|生活,生活家型
2656,男,18岁以下,学习|科技|宠物,进步青年型
2657,男,18岁以下,美食|生活,生活家型
2658,女,40岁以上,运动|音乐,运动乐活型
2659,男,18岁以下,音乐|游戏,运动乐活型
2660,男,40岁以上,美食|生活|运动|科技,生活家型
2661,女,25-30岁,搞笑|游戏,宅文化型
2662,女,18岁以下,搞笑|动漫|游戏|音乐,宅文化型
2663,女,18-24岁,美食|生活|科技,生活家型
2664,女,18岁以下,宠物|动漫|学习|生活,动漫二次元型
2665,女,18岁以下,搞笑|动漫|音乐,宅文化型
2666,女,40岁以上,生活|运动,生活家型
2667,女,31-40岁,动漫|宠物|学习|生活,动漫二次元型
2668,男,25-30岁,学习|宠物|科技,进步青年型
2669,女,18-24岁,学习|宠物|搞笑|科技,进步青年型
2670,男,40岁以上,搞笑|游戏|动漫|音乐,宅文化型
2671,女,25-30岁,搞笑|音乐|动漫|游戏,宅文化型
2672,女,18-24岁,运动|美食,运动乐活型
2673,女,18-24岁,生活|美食,生活家型
2674,女,25-30岁,游戏|搞笑|音乐,宅文化型
2675,男,18岁以下,科技|学习|搞笑,进步青年型
2676,男,40岁以上,动漫|宠物|学习,动漫二次元型
2677,女,25-30岁,生活|科技|美食|运动,生活家型
2678,女,31-40岁,生活|科技|美食|运动,生活家型
2679,男,18岁以下,宠物|动漫|学习,动漫二次元型
2680,男,25-30岁,宠物|动漫|生活,动漫二次元型
2681,女,18-24岁,动漫|宠物|学习,动漫二次元型
2682,女,31-40岁,动漫|宠物|学习,动漫二次元型
2683,男,40岁以上,科技|学习,进步青年型
2684,男,40岁以上,音乐|运动,运动乐活型
2685,女,25-30岁,游戏|搞笑|音乐,宅文化型
2686,男,31-40岁,搞笑|动漫|音乐|游戏,宅文化型
2687,男,25-30岁,宠物|生活|学习|动漫,动漫二次元型
2688,女,18-24岁,搞笑|游戏|音乐,宅文化型
2689,女,18岁以下,搞笑|游戏|动漫|音乐,宅文化型
2690,女,40岁以上,音乐|美食,运动乐活型
2691,男,25-30岁,音乐|运动|美食,运动乐活型
2692,女,31-40岁,生活|美食|运动|科技,生活家型
2693,女,31-40岁,科技|宠物|搞笑|学习,进步青年型
2694,男,31-40岁,美食|运动,生活家型
2695,女,25-30岁,游戏|搞笑|音乐|动漫,宅文化型
2696,男,40岁以上,音乐|运动,运动乐活型
2697,女,18岁以下,动漫|生活,动漫二次元型
2698,女,18岁以下,美食|生活|运动|科技,生活家型
2699,男,18岁以下,学习|科技,进步青年型
2700,男,18岁以下,美食|科技|生活|运动,生活家型
2701,男,31-40岁,宠物|生活|学习|动漫,动漫二次元型
2702,女,40岁以上,宠物|生活,动漫二次元型
2703,女,40岁以上,游戏|音乐,宅文化型
2704,男,31-40岁,生活|运动|科技,生活家型
2705,男,25-30岁,美食|生活,生活家型
2706,男,18-24岁,美食|生活|运动,生活家型
2707,女,18岁以下,搞笑|音乐|游戏,宅文化型
2708,男,25-30岁,动漫|宠物|生活|学习,动漫二次元型
2709,女,18岁以下,学习|科技|宠物|搞笑,进步青年型
2710,女,31-40岁,美食|科技|生活,生活家型
2711,女,18-24岁,动漫|宠物|生活|学习,动漫二次元型
2712,男,18-24岁,美食|生活|科技|运动,生活家型
2713,男,40岁以上,学习|搞笑|科技|宠物,进步青年型
2714,男,25-30岁,生活|运动,生活家型
2715,女,25-30岁,搞笑|游戏|音乐|动漫,宅文化型
2716,男,25-30岁,宠物|动漫|学习,动漫二次元型
2717,女,18-24岁,动漫|宠物,动漫二次元型
2718,女,18岁以下,运动|音乐|美食|游戏,运动乐活型
2719,女,25-30岁,科技|学习,进步青年型
2720,男,40岁以上,音乐|运动,运动乐活型
2721,男,25-30岁,宠物|学习|动漫,动漫二次元型
2722,男,18-24岁,运动|音乐,运动乐活型
2723,女,25-30岁,宠物|动漫,动漫二次元型
2724,女,31-40岁,搞笑|游戏,宅文化型
2725,女,18-24岁,宠物|学习|动漫,动漫二次元型
2726,女,18-24岁,搞笑|音乐,宅文化型
2727,女,40岁以上,运动|游戏|美食,运动乐活型
2728,男,18岁以下,音乐|运动|美食,运动乐活型
2729,男,40岁以上,生活|美食|运动,生活家型
2730,女,18岁以下,游戏|搞笑|动漫,宅文化型
2731,男,40岁以上,科技|宠物|搞笑,进步青年型
2732,女,25-30岁,美食|生活,生活家型
2733,女,40岁以上,动漫|生活|宠物|学习,动漫二次元型
2734,女,31-40岁,美食|运动|生活,生活家型
2735,男,31-40岁,宠物|生活|动漫|学习,动漫二次元型
2736,男,18-24岁,游戏|搞笑|音乐,宅文化型
2737,男,25-30岁,音乐|运动|游戏,运动乐活型
2738,女,31-40岁,游戏|搞笑,宅文化型
2739,男,31-40岁,美食|生活|运动|科技,生活家型
2740,女,18岁以下,学习|宠物,进步青年型
2741,男,40岁以上,学习|科技|搞笑,进步青年型
2742,男,18-24岁,生活|美食,生活家型
2743,男,31-40岁,运动|音乐,运动乐活型
2744,男,31-40岁,美食|科技|生活|运动,生活家型
2745,男,31-40岁,学习|科技|搞笑,进步青年型
2746,男,25-30岁,搞笑|游戏|音乐|动漫,宅文化型
2747,男,40岁以上,搞笑|游戏|音乐|动漫,宅文化型
2748,女,40岁以上,科技|学习|搞笑,进步青年型
2749,男,18岁以下,游戏|音乐|搞笑,宅文化型
2750,女,40岁以上,音乐|运动|美食,运动乐活型
2751,女,18-24岁,生活|美食,生活家型
2752,女,31-40岁,搞笑|游戏|音乐,宅文化型
2753,男,25-30岁,游戏|搞笑|动漫|音乐,宅文化型
2754,女,18-24岁,音乐|美食|运动,运动乐活型
2755,女,25-30岁,搞笑|游戏|音乐,宅文化型
2756,男,18-24岁,搞笑|游戏|动漫|音乐,宅文化型
2757,女,18-24岁,学习|科技,进步青年型
2758,女,18岁以下,动漫|生活|学习|宠物,动漫二次元型
2759,男,40岁以上,宠物|学习|生活|动漫,动漫二次元型
2760,女,31-40岁,美食|科技|运动,生活家型
2761,女,31-40岁,音乐|运动|美食,运动乐活型
2762,女,18岁以下,宠物|生活|动漫,动漫二次元型
2763,女,40岁以上,科技|学习|宠物,进步青年型
2764,男,40岁以上,搞笑|游戏|音乐,宅文化型
2765,男,18-24岁,科技|学习|宠物,进步青年型
2766,男,40岁以上,动漫|宠物,动漫二次元型
2767,男,31-40岁,游戏|音乐|动漫,宅文化型
2768,女,18-24岁,生活|美食|运动|科技,生活家型
2769,女,18-24岁,搞笑|动漫,宅文化型
2770,女,40岁以上,生活|美食|运动,生活家型
2771,女,31-40岁,游戏|搞笑,宅文化型
2772,女,31-40岁,生活|美食|科技|运动,生活家型
2773,男,18-24岁,音乐|美食|运动,运动乐活型
2774,男,18岁以下,搞笑|游戏|动漫,宅文化型
2775,女,31-40岁,音乐|美食,运动乐活型
2776,男,31-40岁,美食|科技|生活,生活家型
2777,女,25-30岁,搞笑|游戏|音乐,宅文化型
2778,女,18-24岁,运动|音乐,运动乐活型
2779,男,40岁以上,音乐|运动,运动乐活型
2780,男,40岁以上,游戏|搞笑,宅文化型
2781,男,25-30岁,搞笑|游戏|音乐|动漫,宅文化型
2782,男,40岁以上,搞笑|游戏|动漫,宅文化型
2783,男,18岁以下,游戏|搞笑,宅文化型
2784,女,31-40岁,科技|学习|搞笑|宠物,进步青年型
2785,女,31-40岁,运动|音乐,运动乐活型
2786,男,18岁以下,生活|科技|美食|运动,生活家型
2787,女,25-30岁,美食|生活|科技,生活家型
2788,男,18-24岁,生活|美食,生活家型
2789,男,18-24岁,宠物|生活,动漫二次元型
2790,女,18-24岁,动漫|宠物|生活|学习,动漫二次元型
2791,男,18-24岁,科技|搞笑,进步青年型
2792,男,18-24岁,学习|科技|搞笑|宠物,进步青年型
2793,男,25-30岁,生活|美食|运动,生活家型
2794,男,40岁以上,动漫|宠物,动漫二次元型
2795,男,31-40岁,学习|搞笑|宠物,进步青年型
2796,男,31-40岁,宠物|动漫|学习|生活,动漫二次元型
2797,男,18岁以下,学习|科技|宠物|搞笑,进步青年型
2798,男,18岁以下,音乐|运动,运动乐活型
2799,男,31-40岁,动漫|学习|生活,动漫二次元型
2800,男,40岁以上,学习|科技|搞笑,进步青年型
2801,男,18-24岁,学习|科技|搞笑,进步青年型
2802,男,18岁以下,美食|生活,生活家型
2803,男,18岁以下,科技|宠物,进步青年型
2804,男,31-40岁,学习|科技|搞笑,进步青年型
2805,女,18岁以下,搞笑|游戏,宅文化型
2806,男,40岁以上,音乐|运动|游戏|美食,运动乐活型
2807,男,31-40岁,生活|美食|运动,生活家型
2808,男,40岁以上,学习|科技|搞笑,进步青年型
2809,女,25-30岁,学习|科技|搞笑|宠物,进步青年型
2810,男,25-30岁,科技|学习|宠物|搞笑,进步青年型
2811,女,40岁以上,宠物|动漫|生活,动漫二次元型
2812,男,25-30岁,音乐|游戏|运动,运动乐活型
2813,男,40岁以上,学习|科技|搞笑,进步青年型
2814,男,40岁以上,学习|科技,进步青年型
2815,女,25-30岁,生活|美食|运动|科技,生活家型
2816,男,18-24岁,美食|生活,生活家型
2817,男,18岁以下,科技|学习,进步青年型
2818,女,25-30岁,生活|科技|运动,生活家型
2819,女,40岁以上,游戏|搞笑|音乐|动漫,宅文化型
2820,男,18岁以下,科技|搞笑|学习,进步青年型
2821,女,40岁以上,游戏|动漫|搞笑,宅文化型
2822,女,18岁以下,动漫|学习|宠物,动漫二次元型
2823,男,25-30岁,运动|游戏|美食,运动乐活型
2824,女,40岁以上,学习|科技|宠物,进步青年型
2825,女,18-24岁,运动|音乐|游戏,运动乐活型
2826,女,18岁以下,搞笑|游戏,宅文化型
2827,男,31-40岁,游戏|动漫|搞笑|音乐,宅文化型
2828,男,18-24岁,学习|科技,进步青年型
2829,女,25-30岁,运动|音乐|美食|游戏,运动乐活型
2830,女,25-30岁,学习|科技,进步青年型
2831,女,25-30岁,音乐|美食|运动,运动乐活型
2832,男,31-40岁,学习|科技|搞笑|宠物,进步青年型
2833,女,31-40岁,美食|运动,生活家型
2834,男,25-30岁,生活|美食,生活家型
2835,女,40岁以上,动漫|学习|生活,动漫二次元型
2836,女,25-30岁,学习|科技|搞笑,进步青年型
2837,女,18-24岁,美食|科技,生活家型
2838,男,40岁以上,学习|科技|宠物,进步青年型
2839,男,18-24岁,生活|美食|运动|科技,生活家型
2840,女,18-24岁,学习|科技|宠物|搞笑,进步青年型
2841,女,18-24岁,游戏|搞笑,宅文化型
2842,女,18-24岁,美食|生活,生活家型
2843,男,18-24岁,美食|生活|科技|运动,生活家型
2844,男,18-24岁,游戏|搞笑,宅文化型
2845,女,25-30岁,音乐|美食|游戏|运动,运动乐活型
2846,男,25-30岁,游戏|动漫|音乐,宅文化型
2847,女,18岁以下,搞笑|动漫|游戏,宅文化型
2848,男,18岁以下,音乐|运动,运动乐活型
2849,男,18-24岁,搞笑|音乐|动漫|游戏,宅文化型
2850,女,31-40岁,音乐|美食|运动|游戏,运动乐活型
2851,女,31-40岁,科技|搞笑|学习,进步青年型
2852,男,40岁以上,运动|音乐|美食,运动乐活型
2853,男,40岁以上,搞笑|游戏|音乐,宅文化型
2854,男,18岁以下,游戏|音乐|动漫|搞笑,宅文化型
2855,男,18岁以下,动漫|宠物|生活|学习,动漫二次元型
2856,男,18-24岁,美食|生活|科技|运动,生活家型
2857,男,31-40岁,运动|音乐,运动乐活型
2858,男,31-40岁,学习|科技|宠物|搞笑,进步青年型
2859,男,18岁以下,运动|游戏,运动乐活型
2860,女,18岁以下,宠物|动漫|学习|生活,动漫二次元型
2861,女,18岁以下,运动|音乐|美食,运动乐活型
2862,女,25-30岁,学习|科技,进步青年型
2863,女,18岁以下,运动|音乐,运动乐活型
2864,男,18-24岁,科技|学习|搞笑,进步青年型
2865,男,18-24岁,动漫|宠物,动漫二次元型
2866,男,18-24岁,动漫|生活|宠物,动漫二次元型
2867,女,25-30岁,科技|学习|宠物,进步青年型
2868,女,25-30岁,搞笑|游戏|音乐|动漫,宅文化型
2869,男,25-30岁,生活|美食|运动,生活家型
2870,女,25-30岁,游戏|音乐|动漫|搞笑,宅文化型
2871,女,40岁以上,科技|宠物,进步青年型
2872,男,25-30岁,音乐|运动|游戏|美食,运动乐活型
2873,女,18岁以下,音乐|运动|游戏|美食,运动乐活型
2874,男,18-24岁,学习|科技|搞笑|宠物,进步青年型
2875,女,40岁以上,运动|音乐|游戏,运动乐活型
2876,女,40岁以上,宠物|生活,动漫二次元型
2877,女,31-40岁,生活|美食|科技|运动,生活家型
2878,男,25-30岁,生活|美食|运动|科技,生活家型
2879,男,18岁以下,音乐|运动|游戏|美食,运动乐活型
2880,男,18-24岁,动漫|宠物|学习,动漫二次元型
2881,女,31-40岁,音乐|运动|游戏|美食,运动乐活型
2882,女,40岁以上,运动|音乐|游戏,运动乐活型
2883,男,31-40岁,运动|音乐|游戏,运动乐活型
2884,女,40岁以上,动漫|宠物,动漫二次元型
2885,女,18岁以下,生活|美食|运动|科技,生活家型
2886,女,31-40岁,宠物|生活|动漫|学习,动漫二次元型
2887,女,18岁以下,搞笑|游戏|动漫|音乐,宅文化型
2888,女,18岁以下,音乐|运动|游戏,运动乐活型
2889,女,18岁以下,学习|科技|搞笑|宠物,进步青年型
2890,女,18-24岁,美食|科技|运动,生活家型
2891,男,18-24岁,音乐|运动,运动乐活型
2892,男,40岁以上,美食|运动|科技|生活,生活家型
2893,女,31-40岁,运动|音乐,运动乐活型
2894,女,18-24岁,宠物|动漫|生活|学习,动漫二次元型
2895,女,40岁以上,游戏|搞笑|音乐|动漫,宅文化型
2896,女,31-40岁,宠物|动漫,动漫二次元型
2897,女,25-30岁,科技|学习,进步青年型
2898,女,25-30岁,搞笑|音乐|动漫,宅文化型
2899,女,18-24岁,音乐|美食|游戏|运动,运动乐活型
2900,女,40岁以上,音乐|运动|游戏,运动乐活型
2901,女,40岁以上,学习|宠物|搞笑|科技,进步青年型
2902,男,18-24岁,运动|美食|游戏,运动乐活型
2903,女,18岁以下,运动|音乐,运动乐活型
2904,男,40岁以上,运动|游戏|音乐|美食,运动乐活型
2905,男,25-30岁,科技|学习|搞笑,进步青年型
2906,男,31-40岁,学习|科技|搞笑|宠物,进步青年型
2907,女,40岁以上,搞笑|游戏|音乐|动漫,宅文化型
2908,男,25-30岁,音乐|游戏,运动乐活型
2909,女,18-24岁,搞笑|音乐,宅文化型
2910,女,25-30岁,音乐|游戏,运动乐活型
2911,女,31-40岁,游戏|动漫|搞笑,宅文化型
2912,男,40岁以上,音乐|运动,运动乐活型
2913,女,25-30岁,宠物|动漫,动漫二次元型
2914,男,18-24岁,运动|音乐|游戏|美食,运动乐活型
2915,女,25-30岁,音乐|游戏|运动|美食,运动乐活型
2916,女,31-40岁,学习|科技|搞笑,进步青年型
2917,女,18岁以下,音乐|游戏,运动乐活型
2918,女,31-40岁,生活|美食|运动|科技,生活家型
2919,男,18岁以下,宠物|动漫|学习,动漫二次元型
2920,女,18岁以下,学习|科技|搞笑,进步青年型
2921,女,25-30岁,运动|音乐,运动乐活型
2922,女,18岁以下,宠物|动漫,动漫二次元型
2923,女,25-30岁,搞笑|动漫|音乐|游戏,宅文化型
2924,男,25-30岁,游戏|搞笑,宅文化型
2925,男,25-30岁,生活|美食|运动,生活家型
2926,男,31-40岁,学习|科技|宠物|搞笑,进步青年型
2927,男,25-30岁,生活|运动|美食,生活家型
2928,男,18岁以下,学习|科技|宠物,进步青年型
2929,男,18-24岁,搞笑|音乐|游戏|动漫,宅文化型
2930,女,18-24岁,学习|科技|宠物,进步青年型
2931,男,18岁以下,运动|音乐,运动乐活型
2932,女,18岁以下,动漫|宠物|学习|生活,动漫二次元型
2933,男,40岁以上,动漫|宠物,动漫二次元型
2934,男,18-24岁,音乐|美食|游戏,运动乐活型
2935,女,18岁以下,科技|学习|宠物|搞笑,进步青年型
2936,男,40岁以上,运动|音乐|美食|游戏,运动乐活型
2937,女,31-40岁,动漫|生活|学习|宠物,动漫二次元型
2938,女,31-40岁,宠物|动漫,动漫二次元型
2939,女,40岁以上,动漫|宠物|学习,动漫二次元型
2940,男,31-40岁,音乐|运动|美食,运动乐活型
2941,男,18-24岁,运动|游戏|美食,运动乐活型
2942,男,40岁以上,宠物|动漫|学习|生活,动漫二次元型
2943,女,25-30岁,音乐|运动,运动乐活型
2944,男,31-40岁,音乐|游戏|运动,运动乐活型
2945,女,40岁以上,美食|生活,生活家型
2946,男,18-24岁,动漫|宠物|学习,动漫二次元型
2947,女,31-40岁,生活|运动,生活家型
2948,女,31-40岁,宠物|生活|学习,动漫二次元型
2949,男,40岁以上,音乐|美食|游戏|运动,运动乐活型
2950,女,18岁以下,科技|学习|宠物,进步青年型
2951,男,25-30岁,音乐|游戏|美食|运动,运动乐活型
2952,女,18岁以下,学习|搞笑,进步青年型
2953,女,18-24岁,学习|科技|宠物,进步青年型
2954,女,18-24岁,生活|美食|运动,生活家型
2955,男,31-40岁,游戏|搞笑|动漫|音乐,宅文化型
2956,男,18-24岁,动漫|宠物|学习|生活,动漫二次元型
2957,女,31-40岁,音乐|美食|运动,运动乐活型
2958,男,25-30岁,运动|游戏|美食,运动乐活型
2959,男,18岁以下,科技|学习|宠物,进步青年型
2960,男,25-30岁,美食|科技,生活家型
2961,女,31-40岁,学习|科技,进步青年型
2962,女,18-24岁,音乐|游戏|美食|运动,运动乐活型
2963,男,18岁以下,音乐|运动|美食|游戏,运动乐活型
2964,女,25-30岁,音乐|游戏|运动|美食,运动乐活型
2965,男,31-40岁,学习|科技|搞笑,进步青年型
2966,男,18岁以下,宠物|动漫|学习|生活,动漫二次元型
2967,女,31-40岁,动漫|宠物|生活,动漫二次元型
2968,男,18岁以下,生活|美食,生活家型
2969,男,18岁以下,生活|科技|美食|运动,生活家型
2970,女,25-30岁,美食|运动|生活,生活家型
2971,男,18岁以下,搞笑|游戏,宅文化型
2972,男,18岁以下,生活|美食|科技,生活家型
2973,女,40岁以上,搞笑|动漫|游戏|音乐,宅文化型
2974,男,31-40岁,学习|科技|宠物,进步青年型
2975,男,18-24岁,宠物|动漫|学习|生活,动漫二次元型
2976,男,40岁以上,音乐|运动,运动乐活型
2977,男,40岁以上,游戏|搞笑|动漫,宅文化型
2978,女,31-40岁,美食|生活|科技,生活家型
2979,女,31-40岁,美食|生活,生活家型
2980,女,18-24岁,美食|科技,生活家型
2981,女,31-40岁,运动|音乐|游戏|美食,运动乐活型
2982,男,40岁以上,运动|音乐|游戏,运动乐活型
2983,男,18岁以下,学习|科技|搞笑,进步青年型
2984,男,18岁以下,美食|生活|科技,生活家型
2985,男,18岁以下,音乐|运动,运动乐活型
2986,男,40岁以上,学习|科技,进步青年型
2987,男,25-30岁,美食|生活,生活家型
2988,男,25-30岁,运动|音乐|美食,运动乐活型
2989,女,31-40岁,生活|美食|科技,生活家型
2990,女,31-40岁,科技|学习,进步青年型
2991,女,31-40岁,游戏|搞笑|动漫,宅文化型
2992,男,25-30岁,运动|游戏|美食|音乐,运动乐活型
2993,女,31-40岁,科技|搞笑|宠物,进步青年型
2994,女,18-24岁,音乐|美食|游戏,运动乐活型
2995,女,18岁以下,宠物|动漫|生活|学习,动漫二次元型
2996,男,40岁以上,科技|宠物,进步青年型
2997,女,25-30岁,学习|科技|宠物,进步青年型
2998,女,18岁以下,科技|学习,进步青年型
2999,男,18岁以下,美食|生活|运动|科技,生活家型
3000,女,18岁以下,音乐|运动|美食,运动乐活型
3001,男,40岁以上,科技|宠物,进步青年型
3002,女,18-24岁,搞笑|游戏|动漫,宅文化型
3003,男,40岁以上,动漫|宠物|学习|生活,动漫二次元型
3004,男,18岁以下,音乐|运动|游戏,运动乐活型
3005,女,18-24岁,音乐|运动|美食|游戏,运动乐活型
3006,男,40岁以上,运动|音乐|美食|游戏,运动乐活型
3007,男,25-30岁,科技|学习|宠物,进步青年型
3008,男,25-30岁,学习|科技,进步青年型
3009,女,25-30岁,科技|搞笑|宠物|学习,进步青年型
3010,女,40岁以上,动漫|宠物|学习|生活,动漫二次元型
3011,女,18-24岁,宠物|动漫|生活|学习,动漫二次元型
3012,男,40岁以上,生活|美食,生活家型
3013,女,18岁以下,游戏|搞笑|动漫,宅文化型
3014,女,31-40岁,运动|游戏|美食,运动乐活型
3015,女,31-40岁,宠物|动漫|学习|生活,动漫二次元型
3016,男,25-30岁,宠物|动漫,动漫二次元型
3017,男,18岁以下,美食|生活|运动|科技,生活家型
3018,男,18-24岁,运动|游戏,运动乐活型
3019,女,31-40岁,动漫|宠物|生活,动漫二次元型
3020,女,31-40岁,动漫|学习|宠物|生活,动漫二次元型
3021,女,31-40岁,音乐|运动,运动乐活型
3022,男,18-24岁,科技|学习|宠物,进步青年型
3023,女,31-40岁,美食|生活|科技|运动,生活家型
3024,男,18-24岁,音乐|运动,运动乐活型
3025,男,25-30岁,宠物|动漫|生活,动漫二次元型
3026,女,25-30岁,美食|生活|科技|运动,生活家型
3027,女,31-40岁,搞笑|游戏|动漫,宅文化型
3028,男,25-30岁,美食|生活,生活家型
3029,男,31-40岁,生活|美食|运动,生活家型
3030,女,31-40岁,学习|科技,进步青年型
3031,女,40岁以上,游戏|搞笑,宅文化型
3032,女,25-30岁,动漫|生活|学习,动漫二次元型
3033,男,18岁以下,游戏|音乐|动漫,宅文化型
3034,男,25-30岁,运动|游戏|美食|音乐,运动乐活型
3035,女,40岁以上,学习|科技,进步青年型
3036,女,18-24岁,运动|音乐|游戏,运动乐活型
3037,男,40岁以上,游戏|音乐|动漫|搞笑,宅文化型
3038,女,18-24岁,科技|学习|搞笑,进步青年型
3039,女,18岁以下,学习|科技|宠物,进步青年型
3040,女,18-24岁,学习|科技|搞笑|宠物,进步青年型
3041,男,40岁以上,动漫|宠物|生活|学习,动漫二次元型
3042,男,40岁以上,运动|音乐,运动乐活型
3043,男,31-40岁,音乐|运动,运动乐活型
3044,男,40岁以上,游戏|音乐|动漫|搞笑,宅文化型
3045,女,18岁以下,科技|学习,进步青年型
3046,男,31-40岁,音乐|运动|游戏,运动乐活型
3047,女,18-24岁,学习|宠物|搞笑|科技,进步青年型
3048,女,18岁以下,运动|美食,运动乐活型
3049,男,40岁以上,游戏|搞笑,宅文化型
3050,女,40岁以上,动漫|宠物|生活|学习,动漫二次元型
3051,女,18-24岁,美食|生活|科技,生活家型
3052,男,40岁以上,动漫|学习|宠物|生活,动漫二次元型
3053,男,25-30岁,运动|音乐,运动乐活型
3054,男,18岁以下,音乐|美食|游戏,运动乐活型
3055,男,18岁以下,美食|科技,生活家型
3056,男,18-24岁,宠物|学习,动漫二次元型
3057,女,31-40岁,宠物|动漫|学习|生活,动漫二次元型
3058,女,31-40岁,动漫|宠物|学习|生活,动漫二次元型
3059,女,31-40岁,生活|美食|运动|科技,生活家型
3060,女,40岁以上,科技|学习,进步青年型
3061,男,31-40岁,美食|科技,生活家型
3062,女,31-40岁,音乐|运动,运动乐活型
3063,女,18岁以下,科技|学习,进步青年型
3064,男,25-30岁,音乐|美食|游戏|运动,运动乐活型
3065,男,18岁以下,生活|运动,生活家型
3066,男,40岁以上,动漫|学习|生活,动漫二次元型
3067,男,40岁以上,音乐|运动|美食|游戏,运动乐活型
3068,男,18-24岁,动漫|宠物|学习,动漫二次元型
3069,女,18岁以下,学习|宠物|科技,进步青年型
3070,女,25-30岁,美食|科技|生活,生活家型
3071,男,40岁以上,美食|生活|科技|运动,生活家型
3072,男,18-24岁,宠物|学习|生活,动漫二次元型
3073,女,18岁以下,科技|学习,进步青年型
3074,男,31-40岁,音乐|游戏|运动|美食,运动乐活型
3075,男,18-24岁,音乐|运动|游戏|美食,运动乐活型
3076,女,31-40岁,生活|美食|科技|运动,生活家型
3077,男,40岁以上,生活|科技|运动|美食,生活家型
3078,女,18-24岁,学习|科技,进步青年型
3079,女,40岁以上,科技|宠物|学习,进步青年型
3080,女,25-30岁,学习|宠物|科技|搞笑,进步青年型
3081,男,40岁以上,动漫|宠物|生活|学习,动漫二次元型
3082,女,18-24岁,生活|美食,生活家型
3083,女,40岁以上,生活|美食|运动|科技,生活家型
3084,男,18-24岁,搞笑|游戏,宅文化型
3085,女,25-30岁,游戏|动漫|音乐|搞笑,宅文化型
3086,女,31-40岁,宠物|动漫|生活,动漫二次元型
3087,男,18岁以下,美食|运动|生活|科技,生活家型
3088,女,18-24岁,游戏|动漫|音乐|搞笑,宅文化型
3089,男,18-24岁,动漫|生活|宠物|学习,动漫二次元型
3090,男,40岁以上,动漫|宠物|生活,动漫二次元型
3091,女,18岁以下,游戏|音乐|搞笑,宅文化型
3092,女,18-24岁,游戏|搞笑|动漫,宅文化型
3093,男,25-30岁,生活|科技|运动|美食,生活家型
3094,男,18-24岁,宠物|学习,动漫二次元型
3095,女,40岁以上,搞笑|动漫|游戏,宅文化型
3096,女,18-24岁,运动|音乐|美食|游戏,运动乐活型
3097,男,40岁以上,运动|美食|音乐,运动乐活型
3098,女,18-24岁,运动|音乐,运动乐活型
3099,男,18岁以下,生活|科技,生活家型
3100,女,18-24岁,动漫|宠物|生活|学习,动漫二次元型
3101,男,18岁以下,科技|搞笑,进步青年型
3102,女,31-40岁,音乐|运动|美食,运动乐活型
3103,女,18岁以下,搞笑|游戏,宅文化型
3104,女,31-40岁,生活|美食,生活家型
3105,男,18岁以下,生活|美食,生活家型
3106,女,40岁以上,生活|美食|运动,生活家型
3107,男,40岁以上,生活|运动|科技|美食,生活家型
3108,女,18-24岁,运动|音乐|美食,运动乐活型
3109,女,18岁以下,生活|美食|科技,生活家型
3110,男,31-40岁,生活|美食|科技,生活家型
3111,男,25-30岁,音乐|美食,运动乐活型
3112,男,18岁以下,游戏|动漫,宅文化型
3113,男,31-40岁,科技|学习,进步青年型
3114,男,40岁以上,音乐|运动,运动乐活型
3115,男,18岁以下,运动|音乐|美食,运动乐活型
3116,女,31-40岁,搞笑|音乐|动漫|游戏,宅文化型
3117,女,25-30岁,动漫|宠物|学习,动漫二次元型
3118,女,18岁以下,搞笑|动漫,宅文化型
3119,女,40岁以上,学习|科技,进步青年型
3120,女,18-24岁,宠物|学习,动漫二次元型
3121,男,18-24岁,生活|科技|运动|美食,生活家型
3122,女,18-24岁,学习|宠物,进步青年型
3123,女,40岁以上,生活|美食|科技,生活家型
3124,女,31-40岁,生活|美食|科技,生活家型
3125,男,25-30岁,搞笑|动漫|游戏,宅文化型
3126,女,40岁以上,美食|生活|运动,生活家型
3127,男,40岁以上,宠物|生活,动漫二次元型
3128,男,18岁以下,动漫|宠物|生活,动漫二次元型
3129,女,18-24岁,宠物|生活|学习|动漫,动漫二次元型
3130,男,40岁以上,音乐|运动|游戏|美食,运动乐活型
3131,男,40岁以上,游戏|搞笑|音乐|动漫,宅文化型
3132,女,18-24岁,音乐|运动,运动乐活型
3133,男,40岁以上,生活|美食|科技,生活家型
3134,男,18岁以下,生活|运动|美食,生活家型
3135,女,40岁以上,游戏|音乐|搞笑|动漫,宅文化型
3136,女,40岁以上,宠物|学习|动漫,动漫二次元型
3137,女,40岁以上,运动|游戏,运动乐活型
3138,男,31-40岁,搞笑|游戏,宅文化型
3139,女,18-24岁,运动|音乐|游戏|美食,运动乐活型
3140,男,18-24岁,游戏|动漫,宅文化型
3141,男,25-30岁,学习|科技,进步青年型
3142,男,25-30岁,宠物|生活|动漫|学习,动漫二次元型
3143,女,31-40岁,宠物|动漫|学习,动漫二次元型
3144,女,40岁以上,科技|学习,进步青年型
3145,男,18-24岁,游戏|音乐,宅文化型
3146,男,18-24岁,动漫|学习|生活|宠物,动漫二次元型
3147,女,18-24岁,学习|科技,进步青年型
3148,男,40岁以上,音乐|运动|游戏,运动乐活型
3149,男,18-24岁,动漫|宠物|生活|学习,动漫二次元型
3150,女,31-40岁,科技|学习|搞笑|宠物,进步青年型
3151,男,18岁以下,学习|宠物|科技,进步青年型
3152,男,18岁以下,生活|科技|运动,生活家型
3153,女,31-40岁,游戏|音乐|动漫,宅文化型
3154,男,40岁以上,动漫|宠物|学习,动漫二次元型
3155,女,25-30岁,美食|生活|科技|运动,生活家型
3156,男,18岁以下,搞笑|音乐,宅文化型
3157,男,40岁以上,动漫|宠物|学习|生活,动漫二次元型
3158,女,40岁以上,搞笑|游戏|动漫,宅文化型
3159,男,31-40岁,宠物|动漫,动漫二次元型
3160,女,31-40岁,美食|生活|科技,生活家型
3161,男,40岁以上,宠物|动漫|生活,动漫二次元型
3162,女,31-40岁,游戏|搞笑|动漫|音乐,宅文化型
3163,男,31-40岁,生活|美食|运动,生活家型
3164,男,40岁以上,宠物|动漫|学习,动漫二次元型
3165,女,40岁以上,音乐|运动|游戏|美食,运动乐活型
3166,男,40岁以上,音乐|运动|美食,运动乐活型
3167,男,40岁以上,动漫|宠物|生活|学习,动漫二次元型
3168,男,40岁以上,科技|搞笑|宠物,进步青年型
3169,男,31-40岁,游戏|搞笑|音乐|动漫,宅文化型
3170,女,25-30岁,音乐|运动,运动乐活型
3171,女,18岁以下,美食|生活|科技,生活家型
3172,男,40岁以上,搞笑|游戏,宅文化型
3173,男,40岁以上,科技|学习,进步青年型
3174,女,25-30岁,科技|宠物|搞笑,进步青年型
3175,男,18岁以下,音乐|美食,运动乐活型
3176,男,18岁以下,运动|音乐,运动乐活型
3177,女,40岁以上,运动|音乐|美食|游戏,运动乐活型
3178,女,25-30岁,音乐|运动,运动乐活型
3179,女,18岁以下,运动|音乐,运动乐活型
3180,男,31-40岁,生活|美食,生活家型
3181,女,18岁以下,游戏|搞笑|音乐|动漫,宅文化型
3182,男,31-40岁,学习|科技,进步青年型
3183,男,25-30岁,美食|科技,生活家型
3184,女,25-30岁,动漫|宠物|生活|学习,动漫二次元型
3185,女,31-40岁,游戏|搞笑|音乐,宅文化型
3186,女,40岁以上,运动|音乐,运动乐活型
3187,男,25-30岁,生活|美食|科技,生活家型
3188,女,31-40岁,宠物|动漫|学习|生活,动漫二次元型
3189,男,18岁以下,动漫|宠物|学习|生活,动漫二次元型
3190,女,25-30岁,搞笑|游戏|动漫,宅文化型
3191,女,18-24岁,动漫|宠物|生活|学习,动漫二次元型
3192,男,18岁以下,动漫|宠物,动漫二次元型
3193,男,40岁以上,动漫|宠物|生活|学习,动漫二次元型
3194,男,40岁以上,动漫|生活|宠物,动漫二次元型
3195,男,18岁以下,宠物|动漫|学习,动漫二次元型
3196,女,18岁以下,音乐|运动|游戏|美食,运动乐活型
3197,女,31-40岁,游戏|搞笑|动漫,宅文化型
3198,男,18岁以下,学习|科技|宠物,进步青年型
3199,女,18-24岁,美食|科技|生活|运动,生活家型
3200,男,40岁以上,运动|美食,运动乐活型
3201,男,31-40岁,音乐|运动,运动乐活型
3202,男,31-40岁,科技|学习,进步青年型
3203,男,18-24岁,宠物|生活,动漫二次元型
3204,女,25-30岁,学习|科技|搞笑|宠物,进步青年型
3205,女,18-24岁,学习|宠物|搞笑,进步青年型
3206,男,18岁以下,科技|学习,进步青年型
3207,女,25-30岁,动漫|学习|生活|宠物,动漫二次元型
3208,男,25-30岁,生活|科技|美食|运动,生活家型
3209,男,25-30岁,动漫|宠物|生活|学习,动漫二次元型
3210,女,18岁以下,音乐|运动|游戏|美食,运动乐活型
3211,男,18岁以下,宠物|动漫|学习|生活,动漫二次元型
3212,女,25-30岁,音乐|运动|美食|游戏,运动乐活型
3213,女,18岁以下,音乐|运动|游戏|美食,运动乐活型
3214,女,31-40岁,生活|美食|科技|运动,生活家型
3215,男,18-24岁,学习|科技,进步青年型
3216,女,25-30岁,科技|学习|搞笑|宠物,进步青年型
3217,女,18-24岁,搞笑|动漫|游戏,宅文化型
3218,男,18岁以下,宠物|动漫|生活,动漫二次元型
3219,女,40岁以上,宠物|动漫,动漫二次元型
3220,女,40岁以上,游戏|搞笑,宅文化型
3221,男,31-40岁,科技|学习|宠物,进步青年型
3222,男,40岁以上,美食|生活|科技,生活家型
3223,女,40岁以上,搞笑|游戏|动漫,宅文化型
3224,男,18岁以下,宠物|动漫|学习|生活,动漫二次元型
3225,女,31-40岁,动漫|宠物,动漫二次元型
3226,男,31-40岁,游戏|搞笑|动漫|音乐,宅文化型
3227,女,18-24岁,运动|音乐|游戏,运动乐活型
3228,男,25-30岁,学习|科技|宠物|搞笑,进步青年型
3229,男,31-40岁,生活|美食|科技|运动,生活家型
3230,男,18岁以下,搞笑|游戏|音乐,宅文化型
3231,女,25-30岁,音乐|运动|美食|游戏,运动乐活型
3232,女,31-40岁,搞笑|动漫|游戏,宅文化型
3233,女,40岁以上,游戏|搞笑|音乐,宅文化型
3234,女,18岁以下,搞笑|音乐|游戏,宅文化型
3235,女,40岁以上,宠物|动漫,动漫二次元型
3236,男,18岁以下,美食|运动|科技,生活家型
3237,女,18岁以下,搞笑|游戏,宅文化型
3238,男,18-24岁,学习|科技|宠物,进步青年型
3239,女,40岁以上,动漫|宠物,动漫二次元型
3240,女,40岁以上,音乐|游戏|运动|美食,运动乐活型
3241,女,40岁以上,美食|运动|生活|科技,生活家型
3242,女,25-30岁,宠物|动漫|生活,动漫二次元型
3243,男,18岁以下,生活|美食|科技,生活家型
3244,女,18岁以下,美食|运动,生活家型
3245,男,18岁以下,宠物|动漫,动漫二次元型
3246,男,18-24岁,搞笑|游戏|动漫,宅文化型
3247,男,18-24岁,宠物|动漫|生活|学习,动漫二次元型
3248,女,25-30岁,游戏|搞笑,宅文化型
3249,男,25-30岁,运动|游戏,运动乐活型
3250,男,18岁以下,运动|游戏|音乐|美食,运动乐活型
3251,男,31-40岁,动漫|宠物|学习,动漫二次元型
3252,男,31-40岁,宠物|动漫,动漫二次元型
3253,女,40岁以上,搞笑|游戏,宅文化型
3254,男,31-40岁,生活|美食|科技,生活家型
3255,女,18岁以下,学习|搞笑,进步青年型
3256,男,40岁以上,运动|音乐,运动乐活型
3257,女,40岁以上,搞笑|动漫,宅文化型
3258,男,40岁以上,搞笑|游戏|音乐,宅文化型
3259,女,40岁以上,学习|科技|宠物|搞笑,进步青年型
3260,男,18岁以下,音乐|运动,运动乐活型
3261,女,25-30岁,音乐|游戏|运动|美食,运动乐活型
3262,女,31-40岁,搞笑|游戏,宅文化型
3263,男,25-30岁,美食|运动|科技,生活家型
3264,男,18-24岁,搞笑|音乐|游戏|动漫,宅文化型
3265,男,25-30岁,游戏|音乐|搞笑,宅文化型
3266,男,18岁以下,音乐|运动|美食|游戏,运动乐活型
3267,女,18岁以下,美食|生活|科技,生活家型
3268,女,40岁以上,美食|生活|科技,生活家型
3269,女,18岁以下,学习|科技|宠物|搞笑,进步青年型
3270,男,40岁以上,宠物|学习,动漫二次元型
3271,男,40岁以上,搞笑|音乐|游戏,宅文化型
3272,女,18岁以下,生活|美食|科技,生活家型
3273,男,18-24岁,生活|美食|科技,生活家型
3274,男,25-30岁,游戏|搞笑,宅文化型
3275,女,31-40岁,生活|运动|科技,生活家型
3276,女,25-30岁,音乐|游戏,运动乐活型
3277,女,31-40岁,美食|生活|科技|运动,生活家型
3278,女,18岁以下,美食|生活|科技|运动,生活家型
3279,女,31-40岁,游戏|音乐,宅文化型
3280,男,31-40岁,音乐|美食,运动乐活型
3281,男,31-40岁,游戏|音乐|搞笑|动漫,宅文化型
3282,女,18岁以下,运动|音乐|游戏|美食,运动乐活型
3283,女,18-24岁,搞笑|动漫|音乐|游戏,宅文化型
3284,女,31-40岁,游戏|音乐|动漫,宅文化型
3285,女,18岁以下,美食|生活|科技|运动,生活家型
3286,男,40岁以上,动漫|宠物|学习|生活,动漫二次元型
3287,女,40岁以上,动漫|生活|宠物|学习,动漫二次元型
3288,男,25-30岁,生活|美食|科技|运动,生活家型
3289,男,18-24岁,学习|科技|搞笑,进步青年型
3290,女,31-40岁,运动|音乐,运动乐活型
3291,女,18岁以下,科技|学习|宠物|搞笑,进步青年型
3292,男,18-24岁,运动|音乐|美食|游戏,运动乐活型
3293,女,18-24岁,动漫|宠物,动漫二次元型
3294,男,31-40岁,搞笑|游戏|音乐,宅文化型
3295,女,25-30岁,游戏|动漫,宅文化型
3296,女,18岁以下,搞笑|音乐|动漫|游戏,宅文化型
3297,女,18岁以下,宠物|动漫,动漫二次元型
3298,女,40岁以上,搞笑|游戏,宅文化型
3299,男,18岁以下,动漫|宠物|生活|学习,动漫二次元型
3300,女,18岁以下,生活|运动|美食|科技,生活家型
3301,男,18-24岁,美食|运动|生活|科技,生活家型
3302,男,31-40岁,搞笑|音乐|动漫|游戏,宅文化型
3303,女,31-40岁,动漫|学习|宠物,动漫二次元型
3304,男,18岁以下,科技|学习,进步青年型
3305,男,18岁以下,音乐|运动|美食|游戏,运动乐活型
3306,男,25-30岁,生活|美食|科技|运动,生活家型
3307,女,18-24岁,搞笑|游戏,宅文化型
3308,女,18岁以下,生活|美食|运动,生活家型
3309,女,25-30岁,生活|科技,生活家型
3310,女,40岁以上,美食|生活|科技,生活家型
3311,女,18岁以下,运动|游戏,运动乐活型
3312,女,18-24岁,游戏|搞笑|音乐,宅文化型
3313,男,18-24岁,游戏|搞笑|动漫,宅文化型
3314,男,40岁以上,动漫|宠物|生活|学习,动漫二次元型
3315,男,25-30岁,宠物|学习|动漫,动漫二次元型
3316,女,18-24岁,学习|宠物|搞笑,进步青年型
3317,女,18-24岁,搞笑|游戏|动漫|音乐,宅文化型
3318,女,18岁以下,动漫|学习|宠物|生活,动漫二次元型
3319,女,18岁以下,运动|游戏,运动乐活型
3320,女,40岁以上,运动|音乐,运动乐活型
3321,男,18-24岁,搞笑|音乐,宅文化型
3322,女,18-24岁,动漫|生活|学习|宠物,动漫二次元型
3323,女,18-24岁,科技|宠物,进步青年型
3324,女,18岁以下,科技|学习,进步青年型
3325,女,40岁以上,游戏|搞笑|音乐|动漫,宅文化型
3326,女,25-30岁,搞笑|游戏,宅文化型
3327,女,18岁以下,美食|生活|科技,生活家型
3328,男,31-40岁,搞笑|游戏,宅文化型
3329,女,18-24岁,运动|音乐,运动乐活型
3330,女,25-30岁,运动|音乐,运动乐活型
3331,男,18岁以下,生活|运动,生活家型
3332,女,40岁以上,运动|美食|音乐|游戏,运动乐活型
3333,男,40岁以上,科技|搞笑|宠物|学习,进步青年型
3334,男,25-30岁,运动|音乐|美食|游戏,运动乐活型
3335,女,40岁以上,运动|音乐,运动乐活型
3336,男,25-30岁,学习|科技|宠物|搞笑,进步青年型
3337,男,25-30岁,搞笑|游戏|动漫,宅文化型
3338,男,31-40岁,科技|搞笑|宠物|学习,进步青年型
3339,男,25-30岁,搞笑|动漫,宅文化型
3340,女,40岁以上,生活|科技,生活家型
3341,男,31-40岁,科技|学习|搞笑,进步青年型
3342,男,40岁以上,游戏|搞笑|动漫|音乐,宅文化型
3343,女,40岁以上,学习|科技|宠物,进步青年型
3344,男,31-40岁,游戏|音乐,宅文化型
3345,男,18-24岁,动漫|学习|宠物,动漫二次元型
3346,女,25-30岁,美食|生活|科技|运动,生活家型
3347,男,25-30岁,科技|搞笑,进步青年型
3348,女,40岁以上,宠物|动漫,动漫二次元型
3349,男,18-24岁,音乐|运动|游戏,运动乐活型
3350,男,40岁以上,音乐|运动|美食,运动乐活型
3351,男,31-40岁,宠物|动漫|生活|学习,动漫二次元型
3352,女,18-24岁,运动|音乐|游戏,运动乐活型
3353,男,25-30岁,学习|科技,进步青年型
3354,男,18岁以下,运动|音乐|游戏,运动乐活型
3355,男,18-24岁,音乐|运动,运动乐活型
3356,女,18-24岁,生活|美食,生活家型
3357,女,18-24岁,音乐|美食,运动乐活型
3358,女,18岁以下,学习|科技,进步青年型
3359,女,25-30岁,科技|搞笑|学习|宠物,进步青年型
3360,女,40岁以上,搞笑|音乐,宅文化型
3361,男,18岁以下,动漫|生活|宠物|学习,动漫二次元型
3362,女,18-24岁,游戏|搞笑|音乐|动漫,宅文化型
3363,男,31-40岁,科技|学习|搞笑|宠物,进步青年型
3364,女,40岁以上,游戏|搞笑,宅文化型
3365,女,18岁以下,生活|运动|美食|科技,生活家型
3366,男,18-24岁,生活|美食,生活家型
3367,女,25-30岁,运动|音乐|美食|游戏,运动乐活型
3368,男,40岁以上,游戏|搞笑,宅文化型
3369,男,18岁以下,运动|音乐|美食|游戏,运动乐活型
3370,男,25-30岁,美食|生活,生活家型
3371,女,25-30岁,美食|运动|生活|科技,生活家型
3372,女,18岁以下,科技|学习,进步青年型
3373,女,31-40岁,动漫|生活|宠物|学习,动漫二次元型
3374,女,18岁以下,生活|美食,生活家型
3375,男,18-24岁,游戏|搞笑|动漫,宅文化型
3376,女,31-40岁,动漫|生活|学习,动漫二次元型
3377,男,40岁以上,生活|运动,生活家型
3378,女,31-40岁,音乐|游戏|美食|运动,运动乐活型
3379,男,25-30岁,动漫|学习|生活,动漫二次元型
3380,男,18-24岁,动漫|生活|学习,动漫二次元型
3381,女,31-40岁,搞笑|游戏|音乐,宅文化型
3382,男,31-40岁,动漫|生活|学习,动漫二次元型
3383,女,25-30岁,科技|学习,进步青年型
3384,男,18-24岁,动漫|宠物|学习,动漫二次元型
3385,男,18岁以下,生活|美食|科技|运动,生活家型
3386,女,31-40岁,美食|生活|运动|科技,生活家型
3387,男,40岁以上,搞笑|音乐,宅文化型
3388,女,31-40岁,游戏|搞笑|动漫,宅文化型
3389,女,18-24岁,音乐|运动|美食|游戏,运动乐活型
3390,男,25-30岁,运动|音乐|游戏,运动乐活型
3391,男,25-30岁,生活|运动|科技|美食,生活家型
3392,女,18-24岁,搞笑|游戏,宅文化型
3393,女,40岁以上,美食|科技,生活家型
3394,女,31-40岁,生活|科技|运动,生活家型
3395,男,25-30岁,动漫|宠物,动漫二次元型
3396,男,31-40岁,宠物|学习|生活,动漫二次元型
3397,女,31-40岁,运动|音乐|美食|游戏,运动乐活型
3398,女,18岁以下,运动|游戏|音乐,运动乐活型
3399,男,40岁以上,生活|美食|运动|科技,生活家型
3400,女,25-30岁,美食|生活|科技,生活家型
3401,女,31-40岁,美食|科技,生活家型
3402,女,40岁以上,音乐|运动|游戏|美食,运动乐活型
3403,女,31-40岁,动漫|宠物|生活,动漫二次元型
3404,女,18-24岁,搞笑|游戏|动漫|音乐,宅文化型
3405,男,18-24岁,美食|生活,生活家型
3406,女,25-30岁,美食|生活|运动,生活家型
3407,女,31-40岁,学习|科技|宠物,进步青年型
3408,女,18-24岁,科技|学习|搞笑,进步青年型
3409,女,18-24岁,生活|美食|运动|科技,生活家型
3410,男,31-40岁,运动|游戏|美食,运动乐活型
3411,男,18岁以下,美食|生活|运动|科技,生活家型
3412,女,31-40岁,美食|生活,生活家型
3413,女,25-30岁,宠物|生活|动漫,动漫二次元型
3414,女,31-40岁,游戏|音乐,宅文化型
3415,女,40岁以上,学习|科技,进步青年型
3416,女,18-24岁,动漫|宠物|生活|学习,动漫二次元型
3417,男,31-40岁,运动|美食|音乐|游戏,运动乐活型
3418,女,25-30岁,宠物|动漫,动漫二次元型
3419,男,31-40岁,宠物|动漫|生活|学习,动漫二次元型
3420,女,25-30岁,生活|美食|运动,生活家型
3421,男,40岁以上,音乐|运动,运动乐活型
3422,女,25-30岁,科技|宠物,进步青年型
3423,女,18-24岁,音乐|游戏|美食|运动,运动乐活型
3424,男,18-24岁,学习|科技|宠物|搞笑,进步青年型
3425,女,18-24岁,动漫|宠物|生活,动漫二次元型
3426,男,18-24岁,运动|游戏,运动乐活型
3427,女,40岁以上,动漫|宠物|生活|学习,动漫二次元型
3428,女,25-30岁,动漫|生活|宠物,动漫二次元型
3429,男,18-24岁,搞笑|音乐|动漫|游戏,宅文化型
3430,男,25-30岁,音乐|游戏|美食|运动,运动乐活型
3431,女,31-40岁,宠物|生活|学习,动漫二次元型
3432,女,40岁以上,宠物|动漫,动漫二次元型
3433,男,18岁以下,学习|科技|宠物,进步青年型
3434,男,31-40岁,动漫|宠物,动漫二次元型
3435,女,31-40岁,动漫|宠物,动漫二次元型
3436,女,25-30岁,游戏|音乐,宅文化型
3437,女,25-30岁,宠物|生活|学习|动漫,动漫二次元型
3438,女,18岁以下,生活|运动|美食|科技,生活家型
3439,男,40岁以上,游戏|动漫|音乐,宅文化型
3440,男,25-30岁,学习|搞笑|科技|宠物,进步青年型
3441,女,18-24岁,学习|科技|搞笑,进步青年型
3442,男,40岁以上,搞笑|游戏,宅文化型
3443,男,18-24岁,搞笑|音乐|游戏,宅文化型
3444,男,40岁以上,科技|宠物|学习,进步青年型
3445,男,40岁以上,游戏|音乐,宅文化型
3446,女,31-40岁,游戏|搞笑,宅文化型
3447,女,25-30岁,搞笑|音乐,宅文化型
3448,男,18岁以下,音乐|运动|游戏|美食,运动乐活型
3449,男,18-24岁,音乐|运动|游戏|美食,运动乐活型
3450,男,18岁以下,搞笑|游戏|音乐|动漫,宅文化型
3451,女,31-40岁,美食|生活|运动|科技,生活家型
3452,男,40岁以上,运动|音乐,运动乐活型
3453,男,18-24岁,音乐|美食|游戏,运动乐活型
3454,男,40岁以上,宠物|生活,动漫二次元型
3455,女,18岁以下,音乐|运动,运动乐活型
3456,女,18-24岁,生活|美食|运动,生活家型
3457,男,18-24岁,动漫|宠物,动漫二次元型
3458,男,18-24岁,运动|美食,运动乐活型
3459,男,18-24岁,动漫|宠物|生活|学习,动漫二次元型
3460,女,40岁以上,宠物|学习|生活|动漫,动漫二次元型
3461,男,18-24岁,游戏|音乐,宅文化型
3462,女,18-24岁,宠物|动漫|生活|学习,动漫二次元型
3463,男,25-30岁,宠物|动漫|生活,动漫二次元型
3464,女,31-40岁,游戏|搞笑|动漫,宅文化型
3465,女,31-40岁,美食|生活|科技|运动,生活家型
3466,女,18-24岁,搞笑|游戏,宅文化型
3467,男,25-30岁,美食|运动|科技,生活家型
3468,女,31-40岁,动漫|生活,动漫二次元型
3469,女,40岁以上,音乐|游戏|美食,运动乐活型
3470,男,31-40岁,音乐|运动|游戏|美食,运动乐活型
3471,女,18-24岁,音乐|游戏|美食,运动乐活型
3472,男,18-24岁,宠物|学习|动漫|生活,动漫二次元型
3473,男,25-30岁,游戏|搞笑|音乐,宅文化型
3474,女,31-40岁,科技|学习|宠物|搞笑,进步青年型
3475,女,18岁以下,美食|生活,生活家型
3476,男,31-40岁,美食|生活,生活家型
3477,男,25-30岁,科技|学习,进步青年型
3478,男,18-24岁,动漫|生活|学习|宠物,动漫二次元型
3479,女,25-30岁,运动|游戏,运动乐活型
3480,女,31-40岁,美食|科技|生活|运动,生活家型
3481,男,18-24岁,学习|科技|搞笑|宠物,进步青年型
3482,女,40岁以上,音乐|运动|游戏|美食,运动乐活型
3483,男,25-30岁,游戏|搞笑,宅文化型
3484,女,40岁以上,生活|科技|运动|美食,生活家型
3485,女,25-30岁,运动|音乐|游戏|美食,运动乐活型
3486,女,25-30岁,生活|运动,生活家型
3487,男,31-40岁,运动|音乐|游戏,运动乐活型
3488,男,31-40岁,运动|音乐|游戏,运动乐活型
3489,男,25-30岁,学习|科技,进步青年型
3490,女,25-30岁,运动|音乐,运动乐活型
3491,女,18岁以下,游戏|搞笑,宅文化型
3492,男,40岁以上,宠物|动漫|学习|生活,动漫二次元型
3493,女,40岁以上,美食|生活|科技,生活家型
3494,男,18岁以下,美食|生活|运动,生活家型
3495,男,18-24岁,游戏|搞笑|动漫|音乐,宅文化型
3496,男,25-30岁,音乐|运动|美食|游戏,运动乐活型
3497,男,40岁以上,生活|美食|运动|科技,生活家型
3498,男,18-24岁,音乐|运动|游戏,运动乐活型
3499,女,40岁以上,游戏|搞笑|音乐,宅文化型
3500,男,31-40岁,搞笑|游戏|动漫,宅文化型
3501,男,31-40岁,美食|生活|科技,生活家型
3502,女,18岁以下,美食|生活|运动,生活家型
3503,女,18-24岁,美食|生活|运动|科技,生活家型
3504,男,18岁以下,生活|美食|运动,生活家型
3505,男,25-30岁,音乐|运动|美食,运动乐活型
3506,男,18岁以下,音乐|游戏|美食|运动,运动乐活型
3507,女,25-30岁,学习|搞笑,进步青年型
3508,女,18岁以下,生活|美食|科技|运动,生活家型
3509,男,18-24岁,游戏|动漫|音乐,宅文化型
3510,女,18-24岁,运动|游戏|美食|音乐,运动乐活型
3511,男,18岁以下,动漫|生活,动漫二次元型
3512,男,18-24岁,科技|宠物|搞笑,进步青年型
3513,男,25-30岁,游戏|搞笑,宅文化型
3514,男,18-24岁,美食|科技,生活家型
3515,女,31-40岁,游戏|搞笑|音乐,宅文化型
3516,女,25-30岁,音乐|运动|美食|游戏,运动乐活型
3517,男,25-30岁,科技|学习|宠物|搞笑,进步青年型
3518,女,31-40岁,运动|美食|游戏,运动乐活型
3519,女,40岁以上,宠物|学习,动漫二次元型
3520,男,18岁以下,运动|音乐|美食,运动乐活型
3521,男,18-24岁,宠物|动漫|学习|生活,动漫二次元型
3522,女,18岁以下,动漫|宠物,动漫二次元型
3523,男,40岁以上,搞笑|游戏|动漫,宅文化型
3524,男,25-30岁,科技|学习|宠物,进步青年型
3525,男,25-30岁,游戏|动漫|搞笑|音乐,宅文化型
3526,男,40岁以上,动漫|宠物|生活,动漫二次元型
3527,女,31-40岁,音乐|运动|美食,运动乐活型
3528,女,40岁以上,动漫|宠物|学习|生活,动漫二次元型
3529,男,25-30岁,运动|音乐|游戏,运动乐活型
3530,男,31-40岁,游戏|搞笑|动漫|音乐,宅文化型
3531,女,18-24岁,游戏|动漫,宅文化型
3532,女,18-24岁,美食|科技|生活|运动,生活家型
3533,女,25-30岁,音乐|美食,运动乐活型
3534,男,25-30岁,宠物|动漫,动漫二次元型
3535,男,18-24岁,搞笑|游戏|动漫,宅文化型
3536,男,40岁以上,音乐|游戏,运动乐活型
3537,女,18岁以下,宠物|学习,动漫二次元型
3538,女,40岁以上,学习|科技|搞笑,进步青年型
3539,男,25-30岁,美食|生活|运动|科技,生活家型
3540,男,18-24岁,学习|搞笑|科技|宠物,进步青年型
3541,男,25-30岁,美食|生活|科技,生活家型
3542,女,31-40岁,生活|美食|运动,生活家型
3543,女,18岁以下,宠物|动漫|学习|生活,动漫二次元型
3544,男,40岁以上,生活|美食|科技,生活家型
3545,男,25-30岁,搞笑|游戏|动漫,宅文化型
3546,男,25-30岁,宠物|动漫|学习,动漫二次元型
3547,男,25-30岁,科技|学习,进步青年型
3548,女,18岁以下,科技|宠物,进步青年型
3549,男,18岁以下,搞笑|游戏,宅文化型
3550,男,25-30岁,音乐|运动|美食|游戏,运动乐活型
3551,女,25-30岁,音乐|运动|游戏|美食,运动乐活型
3552,女,31-40岁,运动|美食|游戏,运动乐活型
3553,男,18岁以下,美食|生活|运动,生活家型
3554,女,18岁以下,运动|音乐,运动乐活型
3555,男,25-30岁,科技|搞笑,进步青年型
3556,女,31-40岁,美食|生活,生活家型
3557,男,40岁以上,搞笑|游戏|音乐|动漫,宅文化型
3558,男,25-30岁,宠物|学习|生活,动漫二次元型
3559,男,18-24岁,生活|美食|科技|运动,生活家型
3560,男,40岁以上,搞笑|游戏|音乐,宅文化型
3561,男,25-30岁,科技|学习,进步青年型
3562,男,40岁以上,搞笑|音乐,宅文化型
3563,女,25-30岁,游戏|搞笑|音乐,宅文化型
3564,女,18岁以下,学习|科技|宠物,进步青年型
3565,男,31-40岁,宠物|动漫|生活|学习,动漫二次元型
3566,男,18岁以下,生活|美食|科技,生活家型
3567,女,25-30岁,宠物|动漫|学习|生活,动漫二次元型
3568,女,18-24岁,生活|科技|美食|运动,生活家型
3569,女,18-24岁,美食|科技|运动|生活,生活家型
3570,男,18-24岁,游戏|搞笑|音乐|动漫,宅文化型
3571,男,25-30岁,美食|生活|科技,生活家型
3572,男,31-40岁,学习|科技,进步青年型
3573,男,18岁以下,游戏|搞笑|音乐|动漫,宅文化型
3574,女,40岁以上,学习|科技|搞笑|宠物,进步青年型
3575,男,40岁以上,搞笑|游戏,宅文化型
3576,女,18-24岁,宠物|学习|动漫|生活,动漫二次元型
3577,男,31-40岁,宠物|动漫,动漫二次元型
3578,女,18-24岁,生活|美食|科技|运动,生活家型
3579,男,31-40岁,科技|宠物|搞笑|学习,进步青年型
3580,女,31-40岁,游戏|搞笑|动漫,宅文化型
3581,男,40岁以上,搞笑|音乐|动漫|游戏,宅文化型
3582,男,25-30岁,运动|音乐|游戏|美食,运动乐活型
3583,男,18-24岁,搞笑|音乐|游戏|动漫,宅文化型
3584,女,25-30岁,搞笑|游戏|音乐,宅文化型
3585,女,18-24岁,游戏|音乐,宅文化型
3586,男,31-40岁,运动|音乐|美食,运动乐活型
3587,男,40岁以上,宠物|动漫|生活,动漫二次元型
3588,女,25-30岁,生活|科技,生活家型
3589,男,25-30岁,宠物|动漫|学习|生活,动漫二次元型
3590,男,18-24岁,美食|生活|科技|运动,生活家型
3591,女,25-30岁,音乐|运动|美食|游戏,运动乐活型
3592,男,31-40岁,动漫|宠物,动漫二次元型
3593,男,18-24岁,宠物|动漫|学习,动漫二次元型
3594,女,18岁以下,科技|学习,进步青年型
3595,男,31-40岁,音乐|运动|游戏,运动乐活型
3596,男,31-40岁,科技|搞笑|学习,进步青年型
3597,男,31-40岁,生活|美食|运动|科技,生活家型
3598,男,18-24岁,运动|美食,运动乐活型
3599,男,25-30岁,美食|生活,生活家型
3600,女,31-40岁,生活|美食|科技|运动,生活家型
3601,男,18-24岁,生活|美食|运动|科技,生活家型
3602,男,40岁以上,美食|生活|科技|运动,生活家型
3603,女,31-40岁,运动|音乐|美食,运动乐活型
3604,男,18-24岁,宠物|生活,动漫二次元型
3605,女,18岁以下,科技|宠物,进步青年型
3606,男,18岁以下,动漫|生活,动漫二次元型
3607,男,40岁以上,学习|科技|搞笑,进步青年型
3608,女,18-24岁,美食|生活,生活家型
3609,男,40岁以上,生活|美食|科技,生活家型
3610,男,40岁以上,生活|美食|科技,生活家型
3611,男,25-30岁,科技|搞笑,进步青年型
3612,男,18岁以下,运动|音乐,运动乐活型
3613,男,40岁以上,宠物|生活|学习|动漫,动漫二次元型
3614,男,31-40岁,宠物|动漫|生活|学习,动漫二次元型
3615,女,18岁以下,科技|学习,进步青年型
3616,女,40岁以上,生活|美食,生活家型
3617,女,18-24岁,搞笑|游戏|动漫,宅文化型
3618,男,40岁以上,音乐|运动,运动乐活型
3619,女,40岁以上,音乐|游戏|美食|运动,运动乐活型
3620,女,18-24岁,音乐|运动|美食|游戏,运动乐活型
3621,女,31-40岁,生活|美食|运动,生活家型
3622,男,31-40岁,科技|学习,进步青年型
3623,男,18岁以下,动漫|生活,动漫二次元型
3624,男,18-24岁,音乐|运动|美食,运动乐活型
3625,男,18-24岁,生活|美食|运动,生活家型
3626,女,25-30岁,科技|宠物,进步青年型
3627,男,31-40岁,搞笑|游戏|音乐|动漫,宅文化型
3628,男,18-24岁,游戏|搞笑|音乐|动漫,宅文化型
3629,女,25-30岁,生活|美食|运动,生活家型
3630,男,25-30岁,美食|生活,生活家型
3631,男,18岁以下,宠物|动漫,动漫二次元型
3632,男,18-24岁,动漫|宠物,动漫二次元型
3633,男,25-30岁,搞笑|音乐|动漫|游戏,宅文化型
3634,男,18-24岁,学习|科技,进步青年型
3635,男,31-40岁,宠物|动漫,动漫二次元型
3636,女,18-24岁,美食|生活|运动|科技,生活家型
3637,女,40岁以上,宠物|动漫,动漫二次元型
3638,女,18岁以下,科技|搞笑,进步青年型
3639,女,18-24岁,动漫|宠物|学习|生活,动漫二次元型
3640,女,18-24岁,游戏|动漫|搞笑|音乐,宅文化型
3641,女,40岁以上,美食|运动|科技|生活,生活家型
3642,女,18岁以下,音乐|游戏|美食,运动乐活型
3643,女,40岁以上,科技|学习,进步青年型
3644,男,40岁以上,运动|音乐,运动乐活型
3645,女,40岁以上,学习|科技,进步青年型
3646,男,25-30岁,游戏|音乐|动漫|搞笑,宅文化型
3647,女,25-30岁,运动|音乐|美食|游戏,运动乐活型
3648,男,25-30岁,科技|搞笑,进步青年型
3649,男,18-24岁,运动|音乐,运动乐活型
3650,男,40岁以上,宠物|学习|生活|动漫,动漫二次元型
3651,男,18岁以下,动漫|宠物|学习|生活,动漫二次元型
3652,女,25-30岁,美食|运动|科技,生活家型
3653,女,40岁以上,学习|科技|搞笑|宠物,进步青年型
3654,女,31-40岁,生活|运动,生活家型
3655,女,25-30岁,科技|学习|搞笑|宠物,进步青年型
3656,女,18-24岁,音乐|运动,运动乐活型
3657,女,18岁以下,学习|科技,进步青年型
3658,男,25-30岁,运动|游戏|美食|音乐,运动乐活型
3659,女,31-40岁,学习|科技|宠物|搞笑,进步青年型
3660,女,31-40岁,宠物|动漫|生活,动漫二次元型
3661,女,40岁以上,生活|运动,生活家型
3662,男,40岁以上,音乐|运动,运动乐活型
3663,女,25-30岁,科技|搞笑|学习,进步青年型
3664,男,18岁以下,美食|生活|科技,生活家型
3665,女,31-40岁,科技|学习|宠物|搞笑,进步青年型
3666,男,40岁以上,科技|学习|搞笑,进步青年型
3667,男,25-30岁,搞笑|音乐,宅文化型
3668,男,18岁以下,学习|科技|搞笑,进步青年型
3669,男,25-30岁,科技|宠物,进步青年型
3670,女,18-24岁,科技|学习|搞笑|宠物,进步青年型
3671,女,25-30岁,搞笑|游戏|音乐,宅文化型
3672,男,31-40岁,科技|搞笑|学习|宠物,进步青年型
3673,男,40岁以上,音乐|运动,运动乐活型
3674,男,18-24岁,动漫|宠物|学习|生活,动漫二次元型
3675,女,31-40岁,科技|学习|搞笑|宠物,进步青年型
3676,男,31-40岁,动漫|生活|宠物|学习,动漫二次元型
3677,男,25-30岁,宠物|动漫|生活|学习,动漫二次元型
3678,男,40岁以上,动漫|宠物,动漫二次元型
3679,男,25-30岁,游戏|搞笑|动漫,宅文化型
3680,男,18岁以下,宠物|动漫|学习,动漫二次元型
3681,女,18岁以下,科技|学习|宠物|搞笑,进步青年型
3682,女,25-30岁,运动|音乐|美食|游戏,运动乐活型
3683,男,31-40岁,生活|美食|运动,生活家型
3684,男,40岁以上,生活|美食,生活家型
3685,男,31-40岁,运动|音乐|游戏|美食,运动乐活型
3686,男,18岁以下,运动|音乐|美食|游戏,运动乐活型
3687,女,25-30岁,搞笑|音乐|游戏|动漫,宅文化型
3688,女,25-30岁,生活|美食,生活家型
3689,男,18岁以下,生活|美食|科技|运动,生活家型
3690,男,31-40岁,美食|科技|运动,生活家型
3691,男,40岁以上,学习|科技|搞笑,进步青年型
3692,男,18-24岁,音乐|游戏|美食,运动乐活型
3693,女,31-40岁,游戏|动漫|搞笑|音乐,宅文化型
3694,女,18-24岁,科技|宠物,进步青年型
3695,男,18-24岁,动漫|宠物,动漫二次元型
3696,女,40岁以上,动漫|宠物,动漫二次元型
3697,女,31-40岁,学习|搞笑|科技,进步青年型
3698,男,31-40岁,学习|科技,进步青年型
3699,女,31-40岁,科技|搞笑,进步青年型
3700,男,18-24岁,动漫|宠物|学习,动漫二次元型
3701,男,31-40岁,美食|生活,生活家型
3702,男,40岁以上,运动|音乐,运动乐活型
3703,男,25-30岁,运动|游戏|音乐|美食,运动乐活型
3704,女,25-30岁,音乐|美食|游戏|运动,运动乐活型
3705,女,31-40岁,游戏|动漫|音乐|搞笑,宅文化型
3706,男,18-24岁,宠物|动漫,动漫二次元型
3707,女,25-30岁,生活|运动,生活家型
3708,男,25-30岁,宠物|动漫|学习|生活,动漫二次元型
3709,男,25-30岁,动漫|宠物|学习|生活,动漫二次元型
3710,女,31-40岁,运动|音乐|美食|游戏,运动乐活型
3711,女,18-24岁,美食|生活|科技|运动,生活家型
3712,女,31-40岁,学习|科技,进步青年型
3713,男,31-40岁,动漫|宠物|生活|学习,动漫二次元型
3714,女,18-24岁,科技|搞笑,进步青年型
3715,女,25-30岁,动漫|宠物,动漫二次元型
3716,男,31-40岁,游戏|动漫,宅文化型
3717,女,40岁以上,搞笑|游戏|音乐|动漫,宅文化型
3718,男,31-40岁,动漫|宠物,动漫二次元型
3719,女,18岁以下,科技|学习|宠物,进步青年型
3720,女,18岁以下,游戏|动漫,宅文化型
3721,男,18岁以下,学习|宠物|搞笑,进步青年型
3722,男,40岁以上,动漫|生活,动漫二次元型
3723,女,40岁以上,美食|生活|运动|科技,生活家型
3724,女,18岁以下,游戏|搞笑,宅文化型
3725,男,40岁以上,动漫|宠物,动漫二次元型
3726,男,18岁以下,宠物|生活|学习,动漫二次元型
3727,女,31-40岁,生活|美食|运动,生活家型
3728,女,31-40岁,动漫|生活|学习,动漫二次元型
3729,女,18岁以下,音乐|美食,运动乐活型
3730,女,25-30岁,动漫|宠物|生活|学习,动漫二次元型
3731,男,40岁以上,动漫|学习,动漫二次元型
3732,男,25-30岁,科技|学习|宠物,进步青年型
3733,女,18岁以下,游戏|搞笑|动漫|音乐,宅文化型
3734,女,31-40岁,生活|美食,生活家型
3735,男,40岁以上,生活|美食|科技,生活家型
3736,男,18-24岁,搞笑|动漫|音乐,宅文化型
3737,男,18岁以下,游戏|搞笑|动漫,宅文化型
3738,女,40岁以上,音乐|运动,运动乐活型
3739,女,18-24岁,运动|音乐|游戏|美食,运动乐活型
3740,男,18岁以下,动漫|宠物|生活,动漫二次元型
3741,女,25-30岁,生活|美食|科技,生活家型
3742,男,31-40岁,动漫|宠物|生活,动漫二次元型
3743,男,18-24岁,游戏|搞笑|动漫,宅文化型
3744,女,40岁以上,动漫|宠物|学习|生活,动漫二次元型
3745,女,31-40岁,美食|生活|科技|运动,生活家型
3746,女,18-24岁,搞笑|游戏|音乐|动漫,宅文化型
3747,女,40岁以上,动漫|宠物|学习|生活,动漫二次元型
3748,男,31-40岁,运动|游戏|音乐,运动乐活型
3749,男,25-30岁,宠物|学习,动漫二次元型
3750,男,18岁以下,科技|学习|搞笑,进步青年型
3751,女,31-40岁,学习|科技|宠物,进步青年型
3752,女,18岁以下,搞笑|音乐|动漫,宅文化型
3753,男,18岁以下,运动|音乐|游戏|美食,运动乐活型
3754,男,18岁以下,搞笑|游戏,宅文化型
3755,女,40岁以上,游戏|搞笑,宅文化型
3756,男,31-40岁,生活|科技|运动|美食,生活家型
3757,男,18岁以下,宠物|生活|动漫,动漫二次元型
3758,女,25-30岁,运动|音乐,运动乐活型
3759,男,18岁以下,游戏|搞笑|动漫|音乐,宅文化型
3760,男,31-40岁,音乐|运动|美食,运动乐活型
3761,男,31-40岁,学习|科技|宠物,进步青年型
3762,男,31-40岁,科技|学习|宠物|搞笑,进步青年型
3763,女,25-30岁,动漫|学习,动漫二次元型
3764,女,18岁以下,运动|音乐|美食|游戏,运动乐活型
3765,男,40岁以上,生活|科技,生活家型
3766,女,40岁以上,运动|音乐,运动乐活型
3767,男,18岁以下,生活|科技|运动,生活家型
3768,男,25-30岁,学习|科技|搞笑,进步青年型
3769,女,18岁以下,学习|科技,进步青年型
3770,女,31-40岁,美食|生活|运动|科技,生活家型
3771,女,18-24岁,游戏|音乐,宅文化型
3772,男,18-24岁,搞笑|音乐,宅文化型
3773,女,18岁以下,生活|科技|运动,生活家型
3774,女,31-40岁,搞笑|游戏|音乐|动漫,宅文化型
3775,女,40岁以上,音乐|运动|游戏|美食,运动乐活型
3776,男,18岁以下,科技|学习|搞笑|宠物,进步青年型
3777,女,25-30岁,美食|运动|生活|科技,生活家型
3778,男,25-30岁,运动|音乐|游戏|美食,运动乐活型
3779,女,18岁以下,音乐|美食|游戏|运动,运动乐活型
3780,男,25-30岁,科技|学习|宠物|搞笑,进步青年型
3781,男,25-30岁,美食|生活|科技|运动,生活家型
3782,女,25-30岁,美食|生活,生活家型
3783,男,25-30岁,科技|学习|搞笑,进步青年型
3784,女,18-24岁,游戏|搞笑|动漫|音乐,宅文化型
3785,女,40岁以上,生活|美食|科技|运动,生活家型
3786,女,31-40岁,科技|搞笑|学习|宠物,进步青年型
3787,男,18-24岁,搞笑|游戏|动漫|音乐,宅文化型
3788,女,18岁以下,学习|科技,进步青年型
3789,女,40岁以上,生活|美食|科技|运动,生活家型
3790,女,18-24岁,运动|音乐|游戏,运动乐活型
3791,男,31-40岁,音乐|运动|美食|游戏,运动乐活型
3792,男,18岁以下,运动|音乐|游戏|美食,运动乐活型
3793,女,31-40岁,运动|音乐|游戏|美食,运动乐活型
3794,女,40岁以上,游戏|搞笑|动漫,宅文化型
3795,男,18岁以下,音乐|运动|美食,运动乐活型
3796,女,18-24岁,学习|科技|宠物,进步青年型
3797,男,18岁以下,音乐|游戏,运动乐活型
3798,男,18-24岁,动漫|宠物,动漫二次元型
3799,女,18-24岁,生活|科技|运动|美食,生活家型
3800,男,31-40岁,生活|美食|运动|科技,生活家型
3801,男,18岁以下,科技|宠物|搞笑|学习,进步青年型
3802,女,25-30岁,生活|美食,生活家型
3803,男,18岁以下,运动|游戏|美食|音乐,运动乐活型
3804,男,18-24岁,学习|搞笑|宠物|科技,进步青年型
3805,女,31-40岁,音乐|运动|美食|游戏,运动乐活型
3806,男,40岁以上,音乐|运动|美食,运动乐活型
3807,男,25-30岁,学习|科技,进步青年型
3808,女,18-24岁,动漫|宠物,动漫二次元型
3809,男,18-24岁,学习|科技,进步青年型
3810,女,18-24岁,科技|学习,进步青年型
3811,男,31-40岁,美食|科技|运动|生活,生活家型
3812,女,31-40岁,音乐|运动|游戏,运动乐活型
3813,女,31-40岁,学习|科技|搞笑|宠物,进步青年型
3814,男,18-24岁,美食|生活|运动|科技,生活家型
3815,男,31-40岁,宠物|学习|生活|动漫,动漫二次元型
3816,男,31-40岁,运动|游戏,运动乐活型
3817,女,40岁以上,运动|音乐|美食,运动乐活型
3818,男,40岁以上,运动|音乐|游戏,运动乐活型
3819,男,18岁以下,学习|科技,进步青年型
3820,女,25-30岁,动漫|宠物|生活,动漫二次元型
3821,男,40岁以上,动漫|学习,动漫二次元型
3822,女,31-40岁,音乐|运动,运动乐活型
3823,女,18-24岁,学习|宠物|搞笑,进步青年型
3824,男,18岁以下,美食|生活|科技,生活家型
3825,男,25-30岁,美食|生活,生活家型
3826,男,18岁以下,学习|科技,进步青年型
3827,女,40岁以上,运动|音乐,运动乐活型
3828,男,18-24岁,学习|科技|搞笑,进步青年型
3829,女,18岁以下,动漫|宠物,动漫二次元型
3830,女,25-30岁,美食|生活|运动,生活家型
3831,男,31-40岁,运动|音乐|游戏|美食,运动乐活型
3832,男,18岁以下,音乐|运动|游戏,运动乐活型
3833,男,18-24岁,游戏|搞笑,宅文化型
3834,男,18-24岁,美食|生活|运动|科技,生活家型
3835,男,31-40岁,运动|音乐|美食,运动乐活型
3836,男,18岁以下,美食|科技|运动|生活,生活家型
3837,女,25-30岁,生活|美食|运动|科技,生活家型
3838,男,40岁以上,学习|宠物|科技|搞笑,进步青年型
3839,男,18岁以下,美食|生活|运动,生活家型
3840,女,40岁以上,科技|学习|搞笑|宠物,进步青年型
3841,男,25-30岁,科技|学习|宠物,进步青年型
3842,男,18-24岁,学习|科技|搞笑|宠物,进步青年型
3843,男,31-40岁,科技|宠物,进步青年型
3844,女,18-24岁,生活|美食|运动,生活家型
3845,男,18-24岁,宠物|学习|动漫|生活,动漫二次元型
3846,女,40岁以上,生活|美食,生活家型
3847,男,18岁以下,音乐|运动|美食|游戏,运动乐活型
3848,女,18-24岁,运动|音乐|游戏,运动乐活型
3849,女,25-30岁,美食|科技|运动,生活家型
3850,女,25-30岁,美食|生活|运动|科技,生活家型
3851,男,18岁以下,科技|学习,进步青年型
3852,女,18-24岁,运动|美食|音乐,运动乐活型
3853,男,31-40岁,美食|科技,生活家型
3854,男,40岁以上,运动|音乐|游戏|美食,运动乐活型
3855,男,18岁以下,搞笑|游戏,宅文化型
3856,男,18岁以下,音乐|运动|美食,运动乐活型
3857,男,40岁以上,生活|美食,生活家型
3858,女,31-40岁,宠物|动漫,动漫二次元型
3859,男,25-30岁,学习|科技|搞笑|宠物,进步青年型
3860,女,18-24岁,生活|美食,生活家型
3861,男,25-30岁,动漫|生活|学习|宠物,动漫二次元型
3862,女,31-40岁,运动|音乐,运动乐活型
3863,女,18-24岁,游戏|搞笑,宅文化型
3864,女,18-24岁,搞笑|游戏|音乐|动漫,宅文化型
3865,男,40岁以上,宠物|动漫|生活,动漫二次元型
3866,女,18-24岁,运动|音乐,运动乐活型
3867,男,31-40岁,学习|科技|搞笑,进步青年型
3868,男,18-24岁,游戏|音乐|动漫,宅文化型
3869,男,18岁以下,游戏|音乐|动漫|搞笑,宅文化型
3870,女,18-24岁,美食|生活|科技|运动,生活家型
3871,男,31-40岁,搞笑|游戏|动漫,宅文化型
3872,男,31-40岁,宠物|动漫|学习|生活,动漫二次元型
3873,女,25-30岁,科技|宠物|搞笑,进步青年型
3874,男,31-40岁,学习|科技,进步青年型
3875,男,31-40岁,动漫|宠物|生活,动漫二次元型
3876,女,31-40岁,美食|运动|生活,生活家型
3877,女,25-30岁,学习|科技,进步青年型
3878,男,25-30岁,科技|宠物,进步青年型
3879,女,18-24岁,搞笑|游戏,宅文化型
3880,男,31-40岁,音乐|游戏,运动乐活型
3881,男,18-24岁,美食|科技|生活,生活家型
3882,男,18-24岁,学习|科技,进步青年型
3883,女,18-24岁,搞笑|动漫|音乐|游戏,宅文化型
3884,女,40岁以上,音乐|运动,运动乐活型
3885,男,31-40岁,搞笑|游戏,宅文化型
3886,女,18岁以下,学习|科技|宠物|搞笑,进步青年型
3887,女,31-40岁,运动|美食,运动乐活型
3888,女,25-30岁,学习|科技|宠物|搞笑,进步青年型
3889,男,25-30岁,科技|搞笑|学习,进步青年型
3890,女,40岁以上,搞笑|动漫|音乐|游戏,宅文化型
3891,女,18岁以下,游戏|搞笑|音乐|动漫,宅文化型
3892,男,18-24岁,科技|学习|搞笑|宠物,进步青年型
3893,女,31-40岁,宠物|学习|动漫,动漫二次元型
3894,男,40岁以上,动漫|生活|学习|宠物,动漫二次元型
3895,女,18-24岁,宠物|动漫|生活,动漫二次元型
3896,女,40岁以上,动漫|宠物|学习,动漫二次元型
3897,女,31-40岁,搞笑|动漫|游戏|音乐,宅文化型
3898,男,18-24岁,动漫|宠物,动漫二次元型
3899,女,18-24岁,搞笑|游戏|动漫,宅文化型
3900,女,18-24岁,游戏|搞笑|音乐|动漫,宅文化型
3901,女,40岁以上,动漫|宠物|学习,动漫二次元型
3902,男,18岁以下,运动|游戏,运动乐活型
3903,男,18岁以下,生活|运动|科技,生活家型
3904,男,40岁以上,宠物|生活,动漫二次元型
3905,女,18岁以下,动漫|宠物|生活|学习,动漫二次元型
3906,男,18-24岁,美食|科技,生活家型
3907,女,25-30岁,音乐|美食|运动,运动乐活型
3908,男,18-24岁,运动|游戏|美食|音乐,运动乐活型
3909,女,18岁以下,宠物|动漫|学习,动漫二次元型
3910,女,18岁以下,宠物|学习|生活,动漫二次元型
3911,男,25-30岁,运动|音乐|美食|游戏,运动乐活型
3912,男,31-40岁,动漫|生活,动漫二次元型
3913,女,25-30岁,搞笑|游戏|动漫|音乐,宅文化型
3914,男,25-30岁,宠物|动漫|生活|学习,动漫二次元型
3915,女,40岁以上,宠物|动漫,动漫二次元型
3916,男,18岁以下,游戏|搞笑|音乐|动漫,宅文化型
3917,男,18岁以下,美食|生活,生活家型
3918,女,31-40岁,科技|学习|宠物|搞笑,进步青年型
3919,女,18岁以下,游戏|搞笑,宅文化型
3920,男,25-30岁,科技|学习|搞笑|宠物,进步青年型
3921,男,25-30岁,生活|美食,生活家型
3922,女,18-24岁,生活|美食,生活家型
3923,女,18-24岁,科技|宠物|学习|搞笑,进步青年型
3924,男,25-30岁,音乐|运动|美食,运动乐活型
3925,女,18岁以下,生活|美食|科技|运动,生活家型
3926,男,25-30岁,学习|科技|搞笑|宠物,进步青年型
3927,女,31-40岁,动漫|生活|学习,动漫二次元型
3928,男,18-24岁,宠物|学习|动漫|生活,动漫二次元型
3929,女,31-40岁,游戏|搞笑,宅文化型
3930,女,18岁以下,生活|美食|科技,生活家型
3931,女,18-24岁,音乐|游戏|美食|运动,运动乐活型
3932,女,25-30岁,生活|科技|美食,生活家型
3933,女,18-24岁,学习|科技|宠物,进步青年型
3934,男,18-24岁,搞笑|音乐|动漫,宅文化型
3935,女,18岁以下,学习|科技,进步青年型
3936,男,40岁以上,宠物|动漫|生活,动漫二次元型
3937,女,31-40岁,科技|学习,进步青年型
3938,女,18-24岁,搞笑|游戏|音乐,宅文化型
3939,男,18岁以下,科技|学习|搞笑|宠物,进步青年型
3940,女,18-24岁,音乐|运动,运动乐活型
3941,男,18岁以下,动漫|宠物,动漫二次元型
3942,女,25-30岁,游戏|搞笑|动漫|音乐,宅文化型
3943,男,18-24岁,学习|科技|宠物|搞笑,进步青年型
3944,男,31-40岁,学习|科技|宠物,进步青年型
3945,女,25-30岁,科技|学习|宠物,进步青年型
3946,女,18岁以下,生活|科技|运动,生活家型
3947,男,18岁以下,科技|宠物,进步青年型
3948,女,18-24岁,游戏|动漫|音乐|搞笑,宅文化型
3949,男,31-40岁,宠物|动漫,动漫二次元型
3950,女,40岁以上,美食|生活,生活家型
3951,男,25-30岁,宠物|学习,动漫二次元型
3952,男,31-40岁,科技|学习|宠物,进步青年型
3953,女,31-40岁,生活|运动|美食,生活家型
3954,女,18岁以下,游戏|搞笑|动漫|音乐,宅文化型
3955,女,18-24岁,科技|学习|宠物|搞笑,进步青年型
3956,男,25-30岁,音乐|美食,运动乐活型
3957,男,18-24岁,运动|游戏,运动乐活型
3958,男,31-40岁,动漫|宠物|生活,动漫二次元型
3959,男,18岁以下,美食|生活,生活家型
3960,男,25-30岁,搞笑|游戏,宅文化型
3961,女,40岁以上,科技|搞笑,进步青年型
3962,女,31-40岁,动漫|宠物|生活|学习,动漫二次元型
3963,男,25-30岁,美食|生活,生活家型
3964,女,18岁以下,学习|科技,进步青年型
3965,男,18-24岁,动漫|宠物|学习|生活,动漫二次元型
3966,男,18岁以下,运动|音乐,运动乐活型
3967,男,25-30岁,学习|科技,进步青年型
3968,男,25-30岁,游戏|动漫,宅文化型
3969,女,18岁以下,动漫|学习,动漫二次元型
3970,男,18-24岁,生活|美食|运动|科技,生活家型
3971,男,40岁以上,搞笑|音乐|游戏,宅文化型
3972,女,31-40岁,搞笑|音乐|游戏|动漫,宅文化型
3973,男,31-40岁,运动|音乐,运动乐活型
3974,男,31-40岁,宠物|动漫|学习|生活,动漫二次元型
3975,女,18岁以下,宠物|生活,动漫二次元型
3976,男,31-40岁,科技|搞笑,进步青年型
3977,女,18岁以下,科技|搞笑|学习,进步青年型
3978,女,18岁以下,音乐|运动|游戏|美食,运动乐活型
3979,男,18-24岁,运动|音乐,运动乐活型
3980,女,18-24岁,生活|美食|科技,生活家型
3981,男,18岁以下,音乐|运动|美食|游戏,运动乐活型
3982,女,31-40岁,美食|生活,生活家型
3983,女,18-24岁,音乐|美食|运动,运动乐活型
3984,女,40岁以上,科技|学习,进步青年型
3985,男,31-40岁,运动|音乐|游戏|美食,运动乐活型
3986,女,18-24岁,科技|搞笑|宠物|学习,进步青年型
3987,男,31-40岁,搞笑|游戏,宅文化型
3988,男,18-24岁,游戏|动漫|音乐,宅文化型
3989,男,18-24岁,动漫|宠物|学习,动漫二次元型
3990,男,31-40岁,音乐|游戏|美食|运动,运动乐活型
3991,男,40岁以上,运动|音乐|游戏|美食,运动乐活型
3992,男,40岁以上,美食|运动,生活家型
3993,男,18-24岁,宠物|动漫,动漫二次元型
3994,男,25-30岁,搞笑|音乐|游戏,宅文化型
3995,男,40岁以上,宠物|动漫|学习,动漫二次元型
3996,男,18岁以下,宠物|动漫,动漫二次元型
3997,女,18-24岁,生活|美食|运动,生活家型
3998,女,18岁以下,科技|宠物|搞笑|学习,进步青年型
3999,女,18岁以下,生活|科技|美食|运动,生活家型
4000,男,18岁以下,动漫|宠物|生活|学习,动漫二次元型
4001,女,18-24岁,搞笑|游戏|动漫,宅文化型
4002,男,25-30岁,游戏|音乐|搞笑,宅文化型
4003,男,40岁以上,科技|学习|宠物|搞笑,进步青年型
4004,男,18岁以下,美食|科技|运动|生活,生活家型
4005,女,18岁以下,生活|美食|运动|科技,生活家型
4006,女,18岁以下,学习|科技,进步青年型
4007,男,40岁以上,美食|生活,生活家型
4008,女,18岁以下,运动|音乐|游戏|美食,运动乐活型
4009,男,18-24岁,游戏|搞笑,宅文化型
4010,女,40岁以上,科技|学习,进步青年型
4011,男,18岁以下,生活|美食,生活家型
4012,男,18-24岁,动漫|学习|生活|宠物,动漫二次元型
4013,男,18岁以下,学习|搞笑|宠物|科技,进步青年型
4014,女,18岁以下,生活|科技,生活家型
4015,男,31-40岁,宠物|动漫|生活,动漫二次元型
4016,女,31-40岁,游戏|搞笑,宅文化型
4017,女,25-30岁,学习|宠物|科技|搞笑,进步青年型
4018,男,25-30岁,学习|科技|宠物,进步青年型
4019,男,40岁以上,游戏|音乐|动漫,宅文化型
4020,女,18岁以下,音乐|运动,运动乐活型
4021,男,31-40岁,运动|音乐,运动乐活型
4022,男,25-30岁,音乐|美食,运动乐活型
4023,男,18-24岁,搞笑|游戏,宅文化型
4024,男,31-40岁,学习|科技|宠物,进步青年型
4025,男,31-40岁,搞笑|游戏|音乐,宅文化型
4026,女,18岁以下,生活|运动|美食|科技,生活家型
4027,男,18-24岁,生活|美食|科技,生活家型
4028,男,25-30岁,游戏|音乐|搞笑,宅文化型
4029,男,18岁以下,学习|宠物|科技,进步青年型
4030,女,18-24岁,宠物|动漫|学习|生活,动漫二次元型
4031,男,18岁以下,宠物|动漫|生活,动漫二次元型
4032,女,40岁以上,生活|运动|美食|科技,生活家型
4033,男,31-40岁,宠物|生活|学习,动漫二次元型
4034,男,18-24岁,科技|宠物,进步青年型
4035,女,18-24岁,宠物|学习|动漫,动漫二次元型
4036,女,40岁以上,动漫|宠物|学习|生活,动漫二次元型
4037,女,31-40岁,动漫|宠物,动漫二次元型
4038,女,25-30岁,科技|学习|搞笑,进步青年型
4039,男,31-40岁,动漫|学习|宠物,动漫二次元型
4040,男,18-24岁,运动|音乐|美食,运动乐活型
4041,男,25-30岁,音乐|运动|游戏|美食,运动乐活型
4042,女,25-30岁,动漫|学习,动漫二次元型
4043,男,31-40岁,搞笑|动漫|音乐,宅文化型
4044,女,40岁以上,学习|宠物,进步青年型
4045,女,18-24岁,游戏|搞笑,宅文化型
4046,女,25-30岁,音乐|运动|美食|游戏,运动乐活型
4047,男,18岁以下,运动|音乐|游戏,运动乐活型
4048,男,31-40岁,美食|生活|科技|运动,生活家型
4049,男,31-40岁,生活|科技|运动,生活家型
4050,男,25-30岁,运动|美食|游戏|音乐,运动乐活型
4051,女,40岁以上,动漫|宠物|生活,动漫二次元型
4052,男,40岁以上,科技|宠物|搞笑|学习,进步青年型
4053,男,25-30岁,宠物|生活|学习,动漫二次元型
4054,女,18-24岁,游戏|音乐|搞笑,宅文化型
4055,女,18岁以下,搞笑|动漫,宅文化型
4056,女,31-40岁,学习|搞笑,进步青年型
4057,男,31-40岁,音乐|美食|游戏|运动,运动乐活型
4058,女,18岁以下,宠物|动漫,动漫二次元型
4059,男,18岁以下,游戏|搞笑|动漫|音乐,宅文化型
4060,女,25-30岁,美食|生活|科技,生活家型
4061,女,18-24岁,科技|学习|搞笑,进步青年型
4062,男,18-24岁,科技|学习,进步青年型
4063,男,40岁以上,生活|科技,生活家型
4064,男,31-40岁,游戏|搞笑|音乐,宅文化型
4065,男,40岁以上,动漫|宠物|学习|生活,动漫二次元型
4066,女,25-30岁,美食|生活|科技|运动,生活家型
4067,男,40岁以上,科技|学习|宠物|搞笑,进步青年型
4068,女,31-40岁,科技|宠物|搞笑|学习,进步青年型
4069,男,18岁以下,宠物|动漫|学习|生活,动漫二次元型
4070,女,31-40岁,音乐|运动,运动乐活型
4071,男,25-30岁,搞笑|音乐|动漫|游戏,宅文化型
4072,男,40岁以上,学习|搞笑|科技,进步青年型
4073,男,40岁以上,搞笑|动漫|音乐,宅文化型
4074,女,31-40岁,学习|科技,进步青年型
4075,女,31-40岁,宠物|动漫|生活,动漫二次元型
4076,女,31-40岁,动漫|宠物|学习,动漫二次元型
4077,男,18岁以下,科技|搞笑,进步青年型
4078,女,40岁以上,游戏|搞笑|动漫|音乐,宅文化型
4079,女,18岁以下,美食|生活|运动|科技,生活家型
4080,男,18-24岁,宠物|动漫,动漫二次元型
4081,男,31-40岁,音乐|美食|运动|游戏,运动乐活型
4082,男,25-30岁,科技|学习|宠物,进步青年型
4083,男,40岁以上,学习|科技|宠物,进步青年型
4084,女,18-24岁,动漫|生活,动漫二次元型
4085,男,31-40岁,科技|学习,进步青年型
4086,男,31-40岁,运动|美食|音乐,运动乐活型
4087,男,40岁以上,美食|生活|运动,生活家型
4088,男,18-24岁,生活|美食,生活家型
4089,女,40岁以上,运动|美食,运动乐活型
4090,女,25-30岁,搞笑|动漫|游戏,宅文化型
4091,女,40岁以上,科技|学习|搞笑|宠物,进步青年型
4092,男,18-24岁,美食|运动|生活|科技,生活家型
4093,女,18岁以下,搞笑|游戏|音乐,宅文化型
4094,女,18-24岁,运动|音乐,运动乐活型
4095,女,31-40岁,科技|学习,进步青年型
4096,女,40岁以上,游戏|搞笑|动漫|音乐,宅文化型
4097,女,25-30岁,搞笑|游戏|动漫,宅文化型
4098,男,31-40岁,搞笑|动漫|音乐,宅文化型
4099,女,18岁以下,游戏|搞笑,宅文化型
4100,男,31-40岁,音乐|运动,运动乐活型
4101,女,25-30岁,运动|美食|音乐,运动乐活型
4102,女,18-24岁,生活|美食|运动|科技,生活家型
4103,女,25-30岁,科技|学习|宠物,进步青年型
4104,女,40岁以上,游戏|搞笑|音乐|动漫,宅文化型
4105,男,31-40岁,搞笑|游戏|音乐|动漫,宅文化型
4106,男,18岁以下,生活|运动,生活家型
4107,男,40岁以上,游戏|搞笑|音乐|动漫,宅文化型
4108,女,18岁以下,音乐|运动,运动乐活型
4109,女,25-30岁,搞笑|游戏,宅文化型
4110,女,40岁以上,美食|生活|运动,生活家型
4111,男,31-40岁,科技|学习|宠物,进步青年型
4112,女,18岁以下,美食|科技|生活|运动,生活家型
4113,女,40岁以上,运动|音乐,运动乐活型
4114,男,31-40岁,美食|运动|生活,生活家型
4115,男,31-40岁,宠物|学习|动漫|生活,动漫二次元型
4116,女,31-40岁,美食|生活|运动|科技,生活家型
4117,男,25-30岁,游戏|搞笑|音乐|动漫,宅文化型
4118,女,31-40岁,运动|音乐,运动乐活型
4119,女,18-24岁,宠物|学习|生活,动漫二次元型
4120,女,18-24岁,运动|美食,运动乐活型
4121,女,25-30岁,宠物|动漫|学习,动漫二次元型
4122,男,25-30岁,科技|学习|搞笑,进步青年型
4123,男,25-30岁,音乐|游戏,运动乐活型
4124,男,31-40岁,宠物|动漫,动漫二次元型
4125,男,40岁以上,生活|美食,生活家型
4126,男,18-24岁,运动|音乐|美食,运动乐活型
4127,女,18-24岁,学习|科技|宠物,进步青年型
4128,女,40岁以上,动漫|宠物,动漫二次元型
4129,女,40岁以上,生活|美食|运动|科技,生活家型
4130,女,18岁以下,美食|生活|科技|运动,生活家型
4131,女,18岁以下,运动|游戏|美食,运动乐活型
4132,男,18-24岁,运动|音乐|美食,运动乐活型
4133,男,18-24岁,音乐|游戏|运动,运动乐活型
4134,女,31-40岁,宠物|动漫|学习,动漫二次元型
4135,女,40岁以上,学习|科技|搞笑,进步青年型
4136,男,40岁以上,美食|科技|运动|生活,生活家型
4137,女,25-30岁,动漫|生活|宠物|学习,动漫二次元型
4138,男,18岁以下,动漫|宠物|生活,动漫二次元型
4139,女,31-40岁,学习|搞笑|宠物,进步青年型
4140,男,40岁以上,学习|搞笑|宠物,进步青年型
4141,女,18岁以下,美食|生活,生活家型
4142,女,25-30岁,美食|运动|科技|生活,生活家型
4143,女,18岁以下,科技|学习|宠物|搞笑,进步青年型
4144,男,18岁以下,音乐|运动|美食,运动乐活型
4145,男,40岁以上,运动|游戏,运动乐活型
4146,男,18岁以下,宠物|生活,动漫二次元型
4147,女,18岁以下,动漫|宠物,动漫二次元型
4148,女,31-40岁,游戏|动漫,宅文化型
4149,女,40岁以上,运动|游戏,运动乐活型
4150,男,18-24岁,音乐|运动|美食,运动乐活型
4151,男,40岁以上,运动|游戏|音乐,运动乐活型
4152,男,25-30岁,宠物|动漫|生活|学习,动漫二次元型
4153,男,18岁以下,音乐|运动|游戏,运动乐活型
4154,男,31-40岁,音乐|运动|美食,运动乐活型
4155,女,18岁以下,动漫|宠物|学习|生活,动漫二次元型
4156,男,18-24岁,搞笑|游戏|音乐,宅文化型
4157,男,40岁以上,科技|宠物|学习|搞笑,进步青年型
4158,女,40岁以上,搞笑|动漫|游戏|音乐,宅文化型
4159,男,31-40岁,学习|科技|搞笑,进步青年型
4160,男,40岁以上,搞笑|音乐|游戏|动漫,宅文化型
4161,男,18-24岁,生活|运动|美食,生活家型
4162,女,31-40岁,生活|美食|科技,生活家型
4163,女,31-40岁,游戏|音乐|搞笑|动漫,宅文化型
4164,男,18岁以下,学习|宠物|科技,进步青年型
4165,女,40岁以上,美食|运动|生活|科技,生活家型
4166,男,25-30岁,动漫|宠物|生活,动漫二次元型
4167,男,40岁以上,学习|科技|搞笑|宠物,进步青年型
4168,女,18岁以下,生活|美食|科技,生活家型
4169,女,18岁以下,动漫|宠物|生活|学习,动漫二次元型
4170,男,18-24岁,音乐|美食,运动乐活型
4171,女,18岁以下,运动|音乐|美食,运动乐活型
4172,女,40岁以上,科技|学习|搞笑,进步青年型
4173,女,18-24岁,科技|学习|宠物,进步青年型
4174,女,25-30岁,科技|宠物|学习,进步青年型
4175,女,18-24岁,动漫|宠物,动漫二次元型
4176,男,40岁以上,宠物|动漫,动漫二次元型
4177,男,18岁以下,动漫|宠物,动漫二次元型
4178,男,18-24岁,音乐|美食|运动|游戏,运动乐活型
4179,女,40岁以上,宠物|生活|学习,动漫二次元型
4180,女,31-40岁,美食|科技,生活家型
4181,男,18-24岁,宠物|动漫|生活|学习,动漫二次元型
4182,女,25-30岁,动漫|宠物|生活|学习,动漫二次元型
4183,男,25-30岁,动漫|生活|学习|宠物,动漫二次元型
4184,男,18-24岁,运动|音乐|美食,运动乐活型
4185,男,18岁以下,生活|美食|科技|运动,生活家型
4186,男,25-30岁,搞笑|动漫,宅文化型
4187,女,18-24岁,音乐|运动|美食|游戏,运动乐活型
4188,男,31-40岁,美食|生活,生活家型
4189,女,31-40岁,美食|生活,生活家型
4190,男,40岁以上,运动|音乐|美食|游戏,运动乐活型
4191,女,31-40岁,美食|生活|运动,生活家型
4192,女,18岁以下,搞笑|音乐,宅文化型
4193,男,31-40岁,学习|宠物,进步青年型
4194,男,31-40岁,运动|音乐,运动乐活型
4195,女,25-30岁,生活|运动|科技,生活家型
4196,女,18-24岁,动漫|生活|宠物|学习,动漫二次元型
4197,男,31-40岁,学习|搞笑|科技,进步青年型
4198,男,25-30岁,科技|学习|搞笑,进步青年型
4199,女,18岁以下,学习|搞笑|科技,进步青年型
4200,男,40岁以上,动漫|宠物,动漫二次元型
4201,男,40岁以上,动漫|学习|生活,动漫二次元型
4202,男,18-24岁,宠物|动漫,动漫二次元型
4203,女,18-24岁,音乐|运动|美食|游戏,运动乐活型
4204,女,31-40岁,美食|运动|生活|科技,生活家型
4205,女,31-40岁,搞笑|游戏|动漫,宅文化型
4206,女,25-30岁,科技|学习,进步青年型
4207,男,18-24岁,学习|科技|搞笑,进步青年型
4208,女,18岁以下,宠物|动漫|学习|生活,动漫二次元型
4209,男,40岁以上,学习|科技|搞笑|宠物,进步青年型
4210,女,31-40岁,生活|美食|科技|运动,生活家型
4211,男,40岁以上,搞笑|游戏,宅文化型
4212,男,25-30岁,宠物|动漫|生活,动漫二次元型
4213,男,18-24岁,科技|学习|搞笑,进步青年型
4214,女,40岁以上,学习|科技|宠物,进步青年型
4215,女,25-30岁,动漫|宠物,动漫二次元型
4216,男,18岁以下,动漫|宠物|生活,动漫二次元型
4217,男,25-30岁,宠物|动漫|学习,动漫二次元型
4218,男,31-40岁,学习|搞笑|科技|宠物,进步青年型
4219,男,25-30岁,科技|学习|宠物|搞笑,进步青年型
4220,女,25-30岁,搞笑|游戏|动漫|音乐,宅文化型
4221,男,25-30岁,运动|游戏,运动乐活型
4222,女,25-30岁,动漫|宠物,动漫二次元型
4223,男,18岁以下,美食|运动|科技|生活,生活家型
4224,男,31-40岁,科技|宠物|搞笑|学习,进步青年型
4225,男,40岁以上,游戏|搞笑,宅文化型
4226,男,40岁以上,宠物|生活,动漫二次元型
4227,男,25-30岁,美食|科技,生活家型
4228,男,18岁以下,生活|美食|运动,生活家型
4229,男,40岁以上,动漫|宠物|学习,动漫二次元型
4230,女,31-40岁,科技|学习|搞笑,进步青年型
4231,女,18岁以下,游戏|搞笑|动漫|音乐,宅文化型
4232,男,18-24岁,运动|音乐|美食|游戏,运动乐活型
4233,女,18岁以下,生活|科技|运动,生活家型
4234,男,31-40岁,运动|音乐,运动乐活型
4235,男,31-40岁,宠物|生活,动漫二次元型
4236,男,31-40岁,生活|美食|科技,生活家型
4237,男,18-24岁,运动|音乐|美食|游戏,运动乐活型
4238,女,31-40岁,搞笑|游戏,宅文化型
4239,男,40岁以上,音乐|运动,运动乐活型
4240,女,25-30岁,动漫|宠物|生活|学习,动漫二次元型
4241,男,18-24岁,学习|搞笑,进步青年型
4242,女,40岁以上,宠物|生活|学习|动漫,动漫二次元型
4243,女,31-40岁,生活|科技,生活家型
4244,女,18岁以下,运动|音乐|美食|游戏,运动乐活型
4245,女,18-24岁,游戏|搞笑,宅文化型
4246,女,25-30岁,游戏|搞笑,宅文化型
4247,女,18岁以下,运动|音乐|美食|游戏,运动乐活型
4248,女,40岁以上,生活|科技,生活家型
4249,女,40岁以上,宠物|学习,动漫二次元型
4250,女,40岁以上,美食|科技|运动|生活,生活家型
4251,女,40岁以上,搞笑|游戏|动漫|音乐,宅文化型
4252,女,25-30岁,动漫|学习|宠物|生活,动漫二次元型
4253,男,18岁以下,宠物|动漫|学习,动漫二次元型
4254,女,31-40岁,音乐|运动|美食|游戏,运动乐活型
4255,男,18-24岁,搞笑|游戏|音乐|动漫,宅文化型
4256,女,40岁以上,生活|美食|科技,生活家型
4257,女,18-24岁,运动|音乐|游戏|美食,运动乐活型
4258,女,18岁以下,美食|生活|科技|运动,生活家型
4259,男,25-30岁,运动|美食|音乐,运动乐活型
4260,女,18-24岁,科技|学习|搞笑,进步青年型
4261,男,31-40岁,宠物|动漫|生活,动漫二次元型
4262,男,31-40岁,动漫|学习|生活,动漫二次元型
4263,女,25-30岁,搞笑|音乐,宅文化型
4264,女,40岁以上,生活|科技|运动|美食,生活家型
4265,男,31-40岁,科技|学习|搞笑|宠物,进步青年型
4266,男,18岁以下,搞笑|游戏|音乐,宅文化型
4267,男,25-30岁,宠物|学习|生活,动漫二次元型
4268,女,31-40岁,美食|生活,生活家型
4269,女,18-24岁,学习|科技,进步青年型
4270,女,18-24岁,音乐|运动,运动乐活型
4271,男,18岁以下,美食|生活,生活家型
4272,男,40岁以上,宠物|学习|生活|动漫,动漫二次元型
4273,男,40岁以上,生活|美食|运动,生活家型
4274,女,18岁以下,动漫|宠物|学习|生活,动漫二次元型
4275,男,31-40岁,宠物|动漫,动漫二次元型
4276,男,18岁以下,宠物|动漫|生活|学习,动漫二次元型
4277,男,25-30岁,宠物|动漫,动漫二次元型
4278,女,18-24岁,生活|运动|美食|科技,生活家型
4279,男,25-30岁,学习|搞笑|科技|宠物,进步青年型
4280,女,40岁以上,宠物|动漫|生活|学习,动漫二次元型
4281,女,18岁以下,游戏|搞笑|音乐,宅文化型
4282,女,18-24岁,运动|音乐|游戏|美食,运动乐活型
4283,男,18岁以下,音乐|运动,运动乐活型
4284,男,31-40岁,搞笑|游戏|音乐|动漫,宅文化型
4285,男,40岁以上,学习|科技,进步青年型
4286,女,18岁以下,美食|科技,生活家型
4287,男,40岁以上,科技|宠物|学习|搞笑,进步青年型
4288,女,31-40岁,科技|搞笑|宠物|学习,进步青年型
4289,女,25-30岁,学习|科技,进步青年型
4290,男,25-30岁,科技|搞笑,进步青年型
4291,女,31-40岁,学习|科技|宠物|搞笑,进步青年型
4292,男,25-30岁,动漫|宠物|生活|学习,动漫二次元型
4293,女,40岁以上,游戏|搞笑,宅文化型
4294,女,25-30岁,学习|搞笑|宠物,进步青年型
4295,男,25-30岁,宠物|学习,动漫二次元型
4296,男,31-40岁,搞笑|游戏,宅文化型
4297,女,31-40岁,生活|科技|美食,生活家型
4298,女,25-30岁,美食|生活|科技|运动,生活家型
4299,男,31-40岁,学习|宠物|科技|搞笑,进步青年型
4300,男,18岁以下,美食|运动|生活,生活家型
4301,女,18岁以下,生活|美食,生活家型
4302,男,18岁以下,游戏|搞笑,宅文化型
4303,男,18-24岁,搞笑|游戏|音乐|动漫,宅文化型
4304,男,18-24岁,动漫|宠物|学习|生活,动漫二次元型
4305,女,31-40岁,美食|生活,生活家型
4306,女,25-30岁,动漫|宠物|生活,动漫二次元型
4307,女,31-40岁,美食|运动,生活家型
4308,女,40岁以上,运动|音乐|美食|游戏,运动乐活型
4309,女,25-30岁,搞笑|游戏|音乐,宅文化型
4310,男,18-24岁,学习|宠物|科技,进步青年型
4311,男,18岁以下,生活|美食|运动,生活家型
4312,女,25-30岁,音乐|运动,运动乐活型
4313,男,40岁以上,音乐|运动,运动乐活型
4314,男,31-40岁,美食|生活,生活家型
4315,男,40岁以上,动漫|宠物,动漫二次元型
4316,女,18-24岁,学习|宠物|搞笑,进步青年型
4317,男,31-40岁,学习|宠物,进步青年型
4318,女,18岁以下,生活|美食,生活家型
4319,男,18岁以下,游戏|搞笑|音乐,宅文化型
4320,女,40岁以上,搞笑|音乐|动漫,宅文化型
4321,男,18-24岁,音乐|运动|游戏,运动乐活型
4322,女,31-40岁,生活|运动|美食|科技,生活家型
4323,女,40岁以上,美食|生活|运动,生活家型
4324,男,18-24岁,游戏|搞笑|动漫|音乐,宅文化型
4325,男,31-40岁,运动|音乐,运动乐活型
4326,男,18-24岁,运动|游戏|音乐,运动乐活型
4327,女,31-40岁,宠物|动漫,动漫二次元型
4328,女,25-30岁,学习|科技,进步青年型
4329,女,40岁以上,运动|音乐,运动乐活型
4330,男,18-24岁,音乐|运动|游戏|美食,运动乐活型
4331,女,31-40岁,游戏|搞笑|音乐,宅文化型
4332,女,31-40岁,宠物|学习,动漫二次元型
4333,女,25-30岁,科技|搞笑|学习|宠物,进步青年型
4334,女,25-30岁,运动|游戏|美食|音乐,运动乐活型
4335,女,31-40岁,音乐|运动|美食,运动乐活型
4336,女,18-24岁,动漫|宠物|学习,动漫二次元型
4337,女,25-30岁,宠物|动漫|学习|生活,动漫二次元型
4338,女,18岁以下,运动|音乐,运动乐活型
4339,男,18岁以下,科技|宠物,进步青年型
4340,男,25-30岁,美食|生活|科技,生活家型
4341,女,31-40岁,学习|搞笑,进步青年型
4342,女,18岁以下,动漫|宠物,动漫二次元型
4343,男,31-40岁,宠物|动漫,动漫二次元型
4344,女,18岁以下,动漫|宠物|生活|学习,动漫二次元型
4345,男,25-30岁,运动|音乐|美食|游戏,运动乐活型
4346,女,18-24岁,学习|宠物|科技|搞笑,进步青年型
4347,女,25-30岁,科技|搞笑,进步青年型
4348,女,40岁以上,宠物|动漫|生活,动漫二次元型
4349,男,31-40岁,学习|科技|搞笑,进步青年型
4350,女,18岁以下,运动|音乐|游戏|美食,运动乐活型
4351,女,18岁以下,科技|学习|宠物,进步青年型
4352,男,18-24岁,科技|学习,进步青年型
4353,女,25-30岁,动漫|宠物|学习|生活,动漫二次元型
4354,男,18-24岁,生活|运动,生活家型
4355,女,18岁以下,生活|美食,生活家型
4356,女,31-40岁,音乐|运动,运动乐活型
4357,男,18-24岁,搞笑|动漫,宅文化型
4358,女,18-24岁,动漫|生活|宠物|学习,动漫二次元型
4359,男,40岁以上,搞笑|游戏|音乐,宅文化型
4360,男,18-24岁,游戏|搞笑|动漫,宅文化型
4361,男,40岁以上,科技|学习|宠物,进步青年型
4362,女,18岁以下,运动|音乐|美食,运动乐活型
4363,女,25-30岁,美食|生活|科技|运动,生活家型
4364,女,18岁以下,游戏|搞笑|音乐,宅文化型
4365,女,25-30岁,宠物|学习|动漫|生活,动漫二次元型
4366,男,40岁以上,运动|游戏,运动乐活型
4367,男,40岁以上,美食|生活|运动,生活家型
4368,男,18岁以下,生活|科技|美食|运动,生活家型
4369,男,40岁以上,学习|科技,进步青年型
4370,男,40岁以上,美食|生活,生活家型
4371,男,40岁以上,科技|学习|宠物,进步青年型
4372,男,18-24岁,学习|科技,进步青年型
4373,男,40岁以上,运动|音乐,运动乐活型
4374,男,40岁以上,生活|美食,生活家型
4375,女,25-30岁,音乐|游戏|美食|运动,运动乐活型
4376,女,25-30岁,运动|音乐|美食|游戏,运动乐活型
4377,女,31-40岁,生活|美食,生活家型
4378,女,18-24岁,生活|美食,生活家型
4379,男,40岁以上,宠物|动漫,动漫二次元型
4380,女,18-24岁,学习|科技,进步青年型
4381,女,18岁以下,科技|学习|宠物|搞笑,进步青年型
4382,男,31-40岁,美食|生活,生活家型
4383,男,18-24岁,科技|宠物,进步青年型
4384,男,31-40岁,音乐|运动|美食|游戏,运动乐活型
4385,女,18-24岁,生活|美食,生活家型
4386,男,40岁以上,科技|学习|搞笑|宠物,进步青年型
4387,女,31-40岁,宠物|动漫,动漫二次元型
4388,女,18-24岁,搞笑|游戏|音乐,宅文化型
4389,女,40岁以上,运动|音乐|游戏,运动乐活型
4390,女,18岁以下,搞笑|游戏,宅文化型
4391,男,40岁以上,学习|科技|宠物|搞笑,进步青年型
4392,女,18岁以下,宠物|动漫|生活|学习,动漫二次元型
4393,女,18-24岁,学习|科技|搞笑|宠物,进步青年型
4394,女,31-40岁,搞笑|动漫|游戏,宅文化型
4395,女,18-24岁,科技|搞笑|宠物|学习,进步青年型
4396,男,18岁以下,运动|美食|音乐|游戏,运动乐活型
4397,女,31-40岁,音乐|游戏|美食,运动乐活型
4398,男,18岁以下,运动|音乐,运动乐活型
4399,男,25-30岁,动漫|生活|学习|宠物,动漫二次元型
4400,男,18-24岁,宠物|动漫|生活,动漫二次元型
4401,男,25-30岁,动漫|宠物|学习,动漫二次元型
4402,女,31-40岁,美食|生活|运动,生活家型
4403,男,25-30岁,科技|宠物|学习,进步青年型
4404,男,31-40岁,运动|音乐,运动乐活型
4405,男,18-24岁,运动|游戏|美食|音乐,运动乐活型
4406,女,31-40岁,科技|学习|搞笑,进步青年型
4407,女,40岁以上,生活|科技|美食|运动,生活家型
4408,男,25-30岁,宠物|动漫|生活|学习,动漫二次元型
4409,女,31-40岁,生活|美食|科技|运动,生活家型
4410,女,40岁以上,运动|游戏|美食|音乐,运动乐活型
4411,男,40岁以上,游戏|搞笑|动漫,宅文化型
4412,男,18岁以下,生活|美食|科技,生活家型
4413,男,25-30岁,动漫|宠物,动漫二次元型
4414,男,31-40岁,宠物|动漫,动漫二次元型
4415,男,31-40岁,生活|科技|运动|美食,生活家型
4416,男,18岁以下,美食|科技|生活,生活家型
4417,女,31-40岁,运动|音乐|美食,运动乐活型
4418,女,31-40岁,动漫|生活|学习,动漫二次元型
4419,女,18岁以下,科技|宠物|学习|搞笑,进步青年型
4420,男,31-40岁,动漫|宠物|生活,动漫二次元型
4421,女,40岁以上,搞笑|音乐|动漫,宅文化型
4422,女,18-24岁,宠物|动漫|学习,动漫二次元型
4423,男,40岁以上,生活|美食|运动|科技,生活家型
4424,女,18岁以下,生活|美食|科技,生活家型
4425,男,18岁以下,生活|科技|美食|运动,生活家型
4426,男,25-30岁,学习|科技,进步青年型
4427,男,25-30岁,宠物|动漫|生活|学习,动漫二次元型
4428,男,40岁以上,学习|科技|宠物|搞笑,进步青年型
4429,女,18-24岁,生活|科技|美食|运动,生活家型
4430,男,40岁以上,游戏|搞笑,宅文化型
4431,男,25-30岁,游戏|搞笑,宅文化型
4432,女,25-30岁,游戏|音乐|动漫,宅文化型
4433,女,25-30岁,动漫|宠物|学习|生活,动漫二次元型
4434,女,18岁以下,动漫|宠物|学习|生活,动漫二次元型
4435,女,18岁以下,音乐|运动|美食,运动乐活型
4436,女,40岁以上,科技|搞笑|宠物,进步青年型
4437,男,18-24岁,科技|学习|搞笑|宠物,进步青年型
4438,女,18岁以下,生活|美食,生活家型
4439,男,31-40岁,音乐|游戏,运动乐活型
4440,女,40岁以上,搞笑|游戏,宅文化型
4441,男,31-40岁,游戏|搞笑|动漫|音乐,宅文化型
4442,男,40岁以上,宠物|动漫,动漫二次元型
4443,女,25-30岁,音乐|运动|游戏,运动乐活型
4444,女,40岁以上,宠物|生活,动漫二次元型
4445,男,31-40岁,宠物|学习|动漫|生活,动漫二次元型
4446,男,25-30岁,宠物|动漫|学习,动漫二次元型
4447,男,18岁以下,美食|生活|运动|科技,生活家型
4448,女,18岁以下,运动|音乐|游戏,运动乐活型
4449,女,40岁以上,科技|学习|搞笑,进步青年型
4450,男,31-40岁,动漫|生活,动漫二次元型
4451,男,31-40岁,美食|生活|科技,生活家型
4452,女,40岁以上,科技|宠物|搞笑,进步青年型
4453,女,31-40岁,生活|美食,生活家型
4454,女,25-30岁,游戏|搞笑,宅文化型
4455,男,18岁以下,美食|科技,生活家型
4456,男,18-24岁,动漫|学习,动漫二次元型
4457,女,18岁以下,科技|学习|搞笑|宠物,进步青年型
4458,男,25-30岁,运动|美食,运动乐活型
4459,女,40岁以上,音乐|运动|美食,运动乐活型
4460,女,31-40岁,音乐|运动|游戏|美食,运动乐活型
4461,男,25-30岁,生活|美食,生活家型
4462,女,40岁以上,科技|宠物|学习|搞笑,进步青年型
4463,女,18-24岁,音乐|游戏|美食,运动乐活型
4464,女,18-24岁,生活|美食|运动,生活家型
4465,女,18-24岁,生活|科技,生活家型
4466,女,25-30岁,搞笑|游戏|动漫,宅文化型
4467,男,25-30岁,搞笑|游戏,宅文化型
4468,男,18-24岁,宠物|动漫,动漫二次元型
4469,男,31-40岁,学习|宠物|搞笑|科技,进步青年型
4470,女,25-30岁,搞笑|游戏|动漫,宅文化型
4471,女,18岁以下,动漫|生活,动漫二次元型
4472,男,25-30岁,美食|生活,生活家型
4473,女,18岁以下,科技|搞笑|学习,进步青年型
4474,女,25-30岁,音乐|运动|游戏|美食,运动乐活型
4475,男,25-30岁,动漫|生活,动漫二次元型
4476,男,40岁以上,学习|科技|搞笑|宠物,进步青年型
4477,女,25-30岁,游戏|搞笑|动漫,宅文化型
4478,男,40岁以上,游戏|动漫|音乐,宅文化型
4479,女,40岁以上,运动|音乐,运动乐活型
4480,男,18-24岁,学习|搞笑|宠物,进步青年型
4481,女,31-40岁,搞笑|游戏|动漫,宅文化型
4482,男,31-40岁,学习|科技|搞笑,进步青年型
4483,女,31-40岁,动漫|宠物|生活|学习,动漫二次元型
4484,女,18-24岁,学习|宠物|科技,进步青年型
4485,女,18-24岁,游戏|搞笑,宅文化型
4486,女,18-24岁,动漫|宠物|生活,动漫二次元型
4487,男,40岁以上,运动|游戏|音乐|美食,运动乐活型
4488,男,31-40岁,宠物|动漫|学习,动漫二次元型
4489,女,18-24岁,学习|科技|宠物|搞笑,进步青年型
4490,女,40岁以上,游戏|动漫|音乐|搞笑,宅文化型
4491,女,31-40岁,生活|运动|美食,生活家型
4492,女,31-40岁,美食|生活|科技,生活家型
4493,女,18岁以下,生活|运动,生活家型
4494,女,40岁以上,运动|音乐|美食,运动乐活型
4495,女,18-24岁,美食|生活,生活家型
4496,男,31-40岁,搞笑|游戏,宅文化型
4497,女,31-40岁,宠物|动漫,动漫二次元型
4498,男,40岁以上,运动|音乐|美食|游戏,运动乐活型
4499,女,31-40岁,学习|搞笑|宠物,进步青年型
4500,女,25-30岁,美食|科技|运动,生活家型
4501,女,18岁以下,科技|学习|搞笑|宠物,进步青年型
4502,男,40岁以上,搞笑|游戏|音乐|动漫,宅文化型
4503,女,18岁以下,搞笑|游戏|音乐,宅文化型
4504,男,31-40岁,宠物|学习,动漫二次元型
4505,男,18岁以下,动漫|生活|宠物,动漫二次元型
4506,女,18-24岁,宠物|动漫|生活|学习,动漫二次元型
4507,女,31-40岁,生活|美食|科技|运动,生活家型
4508,男,40岁以上,动漫|宠物|生活|学习,动漫二次元型
4509,男,40岁以上,动漫|学习|生活,动漫二次元型
4510,男,31-40岁,音乐|运动,运动乐活型
4511,女,18岁以下,游戏|搞笑|动漫|音乐,宅文化型
4512,男,18岁以下,音乐|运动|美食,运动乐活型
4513,男,18-24岁,游戏|动漫|音乐|搞笑,宅文化型
4514,女,31-40岁,科技|搞笑,进步青年型
4515,男,31-40岁,动漫|宠物|学习,动漫二次元型
4516,女,18-24岁,生活|美食,生活家型
4517,男,25-30岁,宠物|动漫|生活,动漫二次元型
4518,男,40岁以上,运动|音乐|美食,运动乐活型
4519,男,18-24岁,美食|生活|科技,生活家型
4520,男,18岁以下,搞笑|游戏,宅文化型
4521,女,18岁以下,动漫|宠物|生活,动漫二次元型
4522,男,25-30岁,游戏|搞笑|音乐|动漫,宅文化型
4523,女,25-30岁,游戏|搞笑|音乐|动漫,宅文化型
4524,男,18-24岁,动漫|宠物,动漫二次元型
4525,男,18岁以下,学习|搞笑|宠物,进步青年型
4526,女,40岁以上,动漫|生活|学习,动漫二次元型
4527,女,18岁以下,生活|美食|运动,生活家型
4528,男,31-40岁,学习|科技|宠物|搞笑,进步青年型
4529,男,25-30岁,运动|游戏,运动乐活型
4530,男,31-40岁,游戏|搞笑,宅文化型
4531,男,18-24岁,运动|音乐,运动乐活型
4532,女,18-24岁,生活|美食,生活家型
4533,女,18岁以下,宠物|动漫|生活,动漫二次元型
4534,男,31-40岁,搞笑|游戏,宅文化型
4535,男,18岁以下,学习|科技,进步青年型
4536,女,18-24岁,音乐|游戏|美食,运动乐活型
4537,男,31-40岁,动漫|宠物|生活|学习,动漫二次元型
4538,女,31-40岁,学习|科技|搞笑|宠物,进步青年型
4539,女,18岁以下,动漫|宠物|学习,动漫二次元型
4540,男,31-40岁,宠物|动漫|学习|生活,动漫二次元型
4541,男,40岁以上,美食|科技|生活|运动,生活家型
4542,女,31-40岁,科技|宠物,进步青年型
4543,男,31-40岁,科技|宠物,进步青年型
4544,女,18岁以下,宠物|学习,动漫二次元型
4545,女,18-24岁,游戏|动漫,宅文化型
4546,男,18岁以下,运动|音乐,运动乐活型
4547,男,25-30岁,宠物|动漫|学习|生活,动漫二次元型
4548,男,18-24岁,学习|宠物|科技,进步青年型
4549,女,18-24岁,动漫|生活|宠物,动漫二次元型
4550,男,25-30岁,宠物|学习|动漫|生活,动漫二次元型
4551,男,25-30岁,学习|科技,进步青年型
4552,男,25-30岁,音乐|运动|游戏|美食,运动乐活型
4553,女,40岁以上,宠物|动漫|生活|学习,动漫二次元型
4554,男,18-24岁,搞笑|游戏|动漫|音乐,宅文化型
4555,女,25-30岁,音乐|运动,运动乐活型
4556,男,25-30岁,学习|科技|搞笑,进步青年型
4557,男,18岁以下,学习|搞笑|科技|宠物,进步青年型
4558,男,40岁以上,游戏|搞笑|动漫|音乐,宅文化型
4559,男,18岁以下,运动|音乐,运动乐活型
4560,男,40岁以上,搞笑|游戏,宅文化型
4561,女,18岁以下,宠物|动漫|学习|生活,动漫二次元型
4562,女,31-40岁,运动|音乐,运动乐活型
4563,女,31-40岁,科技|学习,进步青年型
4564,男,25-30岁,音乐|运动|游戏|美食,运动乐活型
4565,男,18岁以下,学习|科技,进步青年型
4566,男,18-24岁,生活|运动,生活家型
4567,男,25-30岁,学习|宠物|搞笑|科技,进步青年型
4568,男,40岁以上,游戏|音乐|动漫,宅文化型
4569,男,31-40岁,生活|美食|运动|科技,生活家型
4570,男,18岁以下,音乐|游戏|美食|运动,运动乐活型
4571,女,31-40岁,动漫|生活|学习|宠物,动漫二次元型
4572,女,40岁以上,动漫|宠物|生活|学习,动漫二次元型
4573,男,25-30岁,宠物|学习|动漫|生活,动漫二次元型
4574,女,31-40岁,科技|搞笑,进步青年型
4575,男,25-30岁,学习|科技|搞笑,进步青年型
4576,女,18-24岁,美食|科技|运动|生活,生活家型
4577,女,31-40岁,生活|科技,生活家型
4578,女,25-30岁,学习|搞笑,进步青年型
4579,女,31-40岁,搞笑|音乐|游戏,宅文化型
4580,女,31-40岁,游戏|搞笑,宅文化型
4581,女,31-40岁,游戏|搞笑|音乐,宅文化型
4582,男,18岁以下,学习|科技|搞笑,进步青年型
4583,女,18-24岁,生活|美食,生活家型
4584,女,18岁以下,学习|科技|搞笑|宠物,进步青年型
4585,男,31-40岁,生活|美食|科技,生活家型
4586,男,40岁以上,音乐|运动|美食|游戏,运动乐活型
4587,男,40岁以上,学习|搞笑|科技,进步青年型
4588,女,18岁以下,生活|科技|美食,生活家型
4589,男,40岁以上,运动|游戏|美食,运动乐活型
4590,男,31-40岁,科技|学习|宠物|搞笑,进步青年型
4591,男,31-40岁,生活|美食,生活家型
4592,男,40岁以上,音乐|运动,运动乐活型
4593,男,25-30岁,搞笑|游戏|动漫|音乐,宅文化型
4594,女,40岁以上,科技|宠物|搞笑|学习,进步青年型
4595,男,25-30岁,动漫|学习|宠物,动漫二次元型
4596,女,31-40岁,学习|科技,进步青年型
4597,男,18-24岁,美食|生活|科技|运动,生活家型
4598,男,31-40岁,动漫|生活|宠物,动漫二次元型
4599,女,18-24岁,美食|生活|运动|科技,生活家型
4600,男,18岁以下,运动|音乐|美食|游戏,运动乐活型
4601,女,25-30岁,运动|音乐,运动乐活型
4602,女,31-40岁,宠物|学习,动漫二次元型
4603,男,25-30岁,动漫|生活|学习|宠物,动漫二次元型
4604,男,31-40岁,运动|游戏|音乐|美食,运动乐活型
4605,女,18岁以下,美食|生活,生活家型
4606,男,18岁以下,运动|音乐|美食|游戏,运动乐活型
4607,男,18岁以下,科技|宠物|搞笑|学习,进步青年型
4608,女,18岁以下,学习|科技|搞笑|宠物,进步青年型
4609,男,40岁以上,动漫|宠物|生活,动漫二次元型
4610,男,40岁以上,生活|美食|科技|运动,生活家型
4611,男,31-40岁,学习|科技|搞笑|宠物,进步青年型
4612,男,31-40岁,宠物|动漫,动漫二次元型
4613,女,18岁以下,美食|运动,生活家型
4614,女,31-40岁,运动|游戏|美食,运动乐活型
4615,男,18-24岁,学习|科技|宠物|搞笑,进步青年型
4616,女,40岁以上,动漫|宠物|生活|学习,动漫二次元型
4617,女,18岁以下,生活|科技|美食|运动,生活家型
4618,男,40岁以上,音乐|运动|美食|游戏,运动乐活型
4619,男,18-24岁,美食|科技,生活家型
4620,男,18岁以下,运动|美食|音乐|游戏,运动乐活型
4621,女,40岁以上,运动|音乐|美食,运动乐活型
4622,男,31-40岁,生活|科技|美食|运动,生活家型
4623,男,18岁以下,运动|音乐,运动乐活型
4624,女,40岁以上,科技|学习|宠物,进步青年型
4625,男,18岁以下,游戏|动漫,宅文化型
4626,女,25-30岁,学习|科技|搞笑,进步青年型
4627,女,18岁以下,运动|音乐,运动乐活型
4628,男,18-24岁,美食|生活|科技|运动,生活家型
4629,男,31-40岁,美食|科技,生活家型
4630,女,18-24岁,动漫|宠物|生活|学习,动漫二次元型
4631,女,31-40岁,宠物|生活,动漫二次元型
4632,男,18-24岁,搞笑|游戏|音乐,宅文化型
4633,男,31-40岁,运动|音乐,运动乐活型
4634,男,40岁以上,美食|运动|生活|科技,生活家型
4635,男,18岁以下,生活|美食|科技|运动,生活家型
4636,男,18-24岁,生活|美食|运动,生活家型
4637,男,18-24岁,运动|音乐|游戏,运动乐活型
4638,男,40岁以上,搞笑|音乐|动漫|游戏,宅文化型
4639,男,31-40岁,美食|生活|运动|科技,生活家型
4640,女,25-30岁,搞笑|游戏|音乐|动漫,宅文化型
4641,男,18-24岁,美食|运动|科技|生活,生活家型
4642,女,31-40岁,动漫|宠物|生活,动漫二次元型
4643,男,25-30岁,动漫|生活|学习|宠物,动漫二次元型
4644,男,40岁以上,运动|美食,运动乐活型
4645,女,40岁以上,学习|科技|宠物|搞笑,进步青年型
4646,男,25-30岁,运动|音乐|美食,运动乐活型
4647,女,40岁以上,动漫|学习,动漫二次元型
4648,女,25-30岁,运动|音乐,运动乐活型
4649,女,18-24岁,游戏|音乐,宅文化型
4650,女,18岁以下,美食|生活,生活家型
4651,女,25-30岁,学习|科技|宠物|搞笑,进步青年型
4652,女,18岁以下,生活|运动|美食,生活家型
4653,女,18-24岁,游戏|音乐,宅文化型
4654,男,18-24岁,音乐|运动,运动乐活型
4655,男,18岁以下,游戏|搞笑,宅文化型
4656,男,25-30岁,运动|音乐,运动乐活型
4657,女,18-24岁,搞笑|动漫|音乐|游戏,宅文化型
4658,男,18岁以下,生活|美食|运动,生活家型
4659,男,18-24岁,运动|音乐,运动乐活型
4660,男,18岁以下,运动|音乐,运动乐活型
4661,女,31-40岁,动漫|宠物|学习,动漫二次元型
4662,女,40岁以上,生活|美食,生活家型
4663,女,31-40岁,美食|运动|科技|生活,生活家型
4664,男,40岁以上,生活|美食,生活家型
4665,男,31-40岁,游戏|搞笑|动漫,宅文化型
4666,女,31-40岁,美食|运动,生活家型
4667,女,40岁以上,美食|生活|运动,生活家型
4668,男,25-30岁,美食|生活|运动,生活家型
4669,男,31-40岁,游戏|搞笑|音乐|动漫,宅文化型
4670,男,25-30岁,搞笑|游戏,宅文化型
4671,女,31-40岁,搞笑|游戏|动漫,宅文化型
4672,男,18岁以下,运动|美食,运动乐活型
4673,女,40岁以上,美食|生活|运动,生活家型
4674,男,18岁以下,运动|游戏|音乐,运动乐活型
4675,男,31-40岁,搞笑|音乐|游戏|动漫,宅文化型
4676,女,40岁以上,搞笑|游戏,宅文化型
4677,男,31-40岁,运动|音乐,运动乐活型
4678,男,18-24岁,搞笑|动漫|音乐|游戏,宅文化型
4679,女,18-24岁,美食|生活|科技,生活家型
4680,女,18岁以下,动漫|宠物|生活|学习,动漫二次元型
4681,男,31-40岁,美食|运动,生活家型
4682,女,25-30岁,游戏|搞笑,宅文化型
4683,男,18岁以下,科技|学习,进步青年型
4684,男,31-40岁,美食|生活|科技|运动,生活家型
4685,女,31-40岁,学习|搞笑|科技,进步青年型
4686,男,18-24岁,动漫|宠物|生活|学习,动漫二次元型
4687,男,25-30岁,学习|科技|搞笑|宠物,进步青年型
4688,女,18岁以下,美食|生活|科技,生活家型
4689,男,25-30岁,运动|游戏,运动乐活型
4690,女,25-30岁,音乐|运动|游戏|美食,运动乐活型
4691,女,40岁以上,运动|音乐|美食|游戏,运动乐活型
4692,男,31-40岁,音乐|运动,运动乐活型
4693,女,40岁以上,学习|搞笑|宠物|科技,进步青年型
4694,女,18岁以下,搞笑|游戏|动漫|音乐,宅文化型
4695,男,31-40岁,学习|搞笑,进步青年型
4696,女,40岁以上,生活|美食,生活家型
4697,男,31-40岁,学习|搞笑,进步青年型
4698,男,31-40岁,生活|运动|美食|科技,生活家型
4699,女,18-24岁,生活|运动|科技|美食,生活家型
4700,女,40岁以上,运动|美食,运动乐活型
4701,男,18岁以下,生活|美食,生活家型
4702,男,31-40岁,科技|学习,进步青年型
4703,男,18-24岁,搞笑|游戏|动漫|音乐,宅文化型
4704,男,18岁以下,学习|宠物|搞笑,进步青年型
4705,女,31-40岁,宠物|学习,动漫二次元型
4706,男,25-30岁,游戏|动漫,宅文化型
4707,男,31-40岁,美食|生活|运动,生活家型
4708,女,18-24岁,生活|运动|美食|科技,生活家型
4709,男,18-24岁,学习|科技,进步青年型
4710,男,31-40岁,美食|生活|运动,生活家型
4711,女,18岁以下,美食|生活|运动,生活家型
4712,女,18-24岁,游戏|搞笑|音乐|动漫,宅文化型
4713,女,25-30岁,生活|科技|美食,生活家型
4714,女,18-24岁,运动|音乐,运动乐活型
4715,男,25-30岁,生活|美食|运动|科技,生活家型
4716,女,18-24岁,游戏|动漫|音乐,宅文化型
4717,男,40岁以上,美食|生活|运动,生活家型
4718,女,18-24岁,科技|学习|搞笑,进步青年型
4719,男,18岁以下,动漫|学习,动漫二次元型
4720,女,18岁以下,游戏|搞笑|音乐,宅文化型
4721,女,31-40岁,生活|运动|科技|美食,生活家型
4722,男,25-30岁,搞笑|音乐|动漫,宅文化型
4723,男,25-30岁,科技|学习|宠物|搞笑,进步青年型
4724,女,31-40岁,宠物|生活|学习,动漫二次元型
4725,女,18-24岁,动漫|宠物|生活,动漫二次元型
4726,男,40岁以上,学习|科技|宠物|搞笑,进步青年型
4727,女,18岁以下,宠物|动漫|生活|学习,动漫二次元型
4728,男,25-30岁,动漫|学习|宠物|生活,动漫二次元型
4729,男,18-24岁,动漫|宠物|学习|生活,动漫二次元型
4730,女,18岁以下,美食|生活,生活家型
4731,女,40岁以上,科技|搞笑|宠物|学习,进步青年型
4732,女,40岁以上,动漫|宠物,动漫二次元型
4733,女,18岁以下,音乐|美食,运动乐活型
4734,女,25-30岁,生活|美食,生活家型
4735,女,18岁以下,游戏|搞笑|动漫,宅文化型
4736,女,18-24岁,美食|生活,生活家型
4737,男,18岁以下,动漫|宠物|学习,动漫二次元型
4738,男,25-30岁,美食|生活|运动,生活家型
4739,女,18-24岁,音乐|运动,运动乐活型
4740,女,25-30岁,科技|搞笑,进步青年型
4741,男,18-24岁,搞笑|游戏,宅文化型
4742,男,25-30岁,搞笑|游戏,宅文化型
4743,女,31-40岁,运动|音乐|游戏,运动乐活型
4744,女,40岁以上,运动|美食|音乐,运动乐活型
4745,男,18-24岁,美食|生活|科技|运动,生活家型
4746,女,25-30岁,美食|科技|运动,生活家型
4747,男,40岁以上,搞笑|游戏,宅文化型
4748,男,31-40岁,运动|音乐,运动乐活型
4749,男,25-30岁,动漫|宠物|学习|生活,动漫二次元型
4750,女,18-24岁,科技|学习,进步青年型
4751,男,18岁以下,科技|宠物|学习|搞笑,进步青年型
4752,男,18岁以下,学习|科技,进步青年型
4753,男,18-24岁,搞笑|游戏|动漫,宅文化型
4754,女,31-40岁,动漫|宠物,动漫二次元型
4755,男,40岁以上,搞笑|动漫|音乐|游戏,宅文化型
4756,女,25-30岁,学习|科技|搞笑|宠物,进步青年型
4757,男,18-24岁,学习|科技|宠物|搞笑,进步青年型
4758,男,18岁以下,游戏|搞笑,宅文化型
4759,男,40岁以上,运动|音乐,运动乐活型
4760,女,31-40岁,音乐|游戏,运动乐活型
4761,女,18岁以下,宠物|学习|生活|动漫,动漫二次元型
4762,男,18-24岁,运动|音乐,运动乐活型
4763,男,18-24岁,音乐|游戏|运动,运动乐活型
4764,女,25-30岁,宠物|生活|学习,动漫二次元型
4765,女,31-40岁,动漫|生活|学习,动漫二次元型
4766,女,18岁以下,科技|学习,进步青年型
4767,男,31-40岁,动漫|学习,动漫二次元型
4768,女,40岁以上,生活|美食|运动,生活家型
4769,男,25-30岁,搞笑|游戏|动漫,宅文化型
4770,女,25-30岁,科技|学习|搞笑|宠物,进步青年型
4771,女,18-24岁,游戏|动漫,宅文化型
4772,男,25-30岁,科技|学习|宠物,进步青年型
4773,男,25-30岁,音乐|运动|美食,运动乐活型
4774,女,18-24岁,宠物|动漫|生活|学习,动漫二次元型
4775,男,40岁以上,科技|搞笑|宠物,进步青年型
4776,女,18-24岁,游戏|音乐,宅文化型
4777,男,18岁以下,音乐|游戏|运动,运动乐活型
4778,男,25-30岁,生活|美食|运动,生活家型
4779,男,18-24岁,搞笑|游戏|音乐|动漫,宅文化型
4780,女,25-30岁,学习|宠物,进步青年型
4781,女,40岁以上,美食|生活|科技|运动,生活家型
4782,女,40岁以上,宠物|动漫,动漫二次元型
4783,男,40岁以上,科技|学习|搞笑,进步青年型
4784,男,25-30岁,美食|运动|科技|生活,生活家型
4785,女,40岁以上,游戏|搞笑|动漫,宅文化型
4786,男,25-30岁,游戏|搞笑|动漫|音乐,宅文化型
4787,女,25-30岁,运动|音乐|美食,运动乐活型
4788,男,40岁以上,运动|音乐,运动乐活型
4789,男,31-40岁,科技|学习|搞笑,进步青年型
4790,女,31-40岁,科技|学习|宠物,进步青年型
4791,女,40岁以上,生活|科技|美食,生活家型
4792,男,18岁以下,宠物|动漫,动漫二次元型
4793,男,18-24岁,游戏|搞笑,宅文化型
4794,男,40岁以上,美食|生活|科技|运动,生活家型
4795,女,25-30岁,宠物|生活|学习|动漫,动漫二次元型
4796,女,25-30岁,运动|音乐|美食,运动乐活型
4797,男,25-30岁,生活|美食|科技,生活家型
4798,男,18岁以下,学习|搞笑|宠物,进步青年型
4799,男,18岁以下,学习|搞笑|宠物,进步青年型
4800,男,25-30岁,音乐|运动|游戏,运动乐活型
4801,女,18-24岁,美食|生活|科技,生活家型
4802,女,18-24岁,搞笑|游戏|音乐|动漫,宅文化型
4803,男,18岁以下,运动|音乐|游戏|美食,运动乐活型
4804,女,40岁以上,学习|科技,进步青年型
4805,男,40岁以上,搞笑|游戏|动漫|音乐,宅文化型
4806,女,18岁以下,科技|学习,进步青年型
4807,男,25-30岁,音乐|游戏|运动|美食,运动乐活型
4808,女,18岁以下,动漫|宠物|生活|学习,动漫二次元型
4809,男,25-30岁,生活|科技|美食|运动,生活家型
4810,男,25-30岁,科技|搞笑|宠物|学习,进步青年型
4811,男,31-40岁,音乐|运动,运动乐活型
4812,女,31-40岁,学习|科技|宠物|搞笑,进步青年型
4813,女,31-40岁,搞笑|游戏|动漫|音乐,宅文化型
4814,男,31-40岁,生活|美食,生活家型
4815,女,25-30岁,运动|音乐|美食|游戏,运动乐活型
4816,男,25-30岁,搞笑|游戏|动漫|音乐,宅文化型
4817,男,18岁以下,搞笑|游戏,宅文化型
4818,男,25-30岁,音乐|游戏|美食|运动,运动乐活型
4819,男,18岁以下,音乐|美食|游戏,运动乐活型
4820,女,25-30岁,生活|美食|科技|运动,生活家型
4821,女,18岁以下,科技|学习|宠物|搞笑,进步青年型
4822,女,40岁以上,音乐|运动,运动乐活型
4823,女,31-40岁,音乐|美食|游戏,运动乐活型
4824,女,31-40岁,运动|音乐|美食|游戏,运动乐活型
4825,男,18-24岁,音乐|运动|美食|游戏,运动乐活型
4826,女,31-40岁,生活|美食|运动,生活家型
4827,女,31-40岁,宠物|动漫,动漫二次元型
4828,女,18岁以下,搞笑|游戏,宅文化型
4829,女,25-30岁,动漫|宠物|学习,动漫二次元型
4830,男,18-24岁,运动|音乐,运动乐活型
4831,女,25-30岁,学习|搞笑|宠物|科技,进步青年型
4832,男,18岁以下,游戏|搞笑|音乐,宅文化型
4833,女,18-24岁,学习|科技|宠物,进步青年型
4834,女,25-30岁,学习|科技|宠物,进步青年型
4835,女,18-24岁,搞笑|游戏|动漫|音乐,宅文化型
4836,女,40岁以上,搞笑|游戏|音乐,宅文化型
4837,男,31-40岁,运动|美食,运动乐活型
4838,女,18-24岁,游戏|动漫,宅文化型
4839,女,40岁以上,动漫|宠物|学习|生活,动漫二次元型
4840,女,25-30岁,运动|音乐|美食,运动乐活型
4841,男,31-40岁,美食|运动|科技,生活家型
4842,男,40岁以上,宠物|生活|学习|动漫,动漫二次元型
4843,男,40岁以上,科技|学习|宠物,进步青年型
4844,女,40岁以上,游戏|搞笑|动漫,宅文化型
4845,女,31-40岁,宠物|动漫|学习,动漫二次元型
4846,女,40岁以上,游戏|搞笑,宅文化型
4847,男,18-24岁,搞笑|动漫,宅文化型
4848,女,31-40岁,音乐|运动|游戏|美食,运动乐活型
4849,男,25-30岁,游戏|动漫|搞笑,宅文化型
4850,男,18-24岁,生活|美食|运动,生活家型
4851,男,31-40岁,科技|学习|搞笑,进步青年型
4852,女,40岁以上,搞笑|游戏|动漫,宅文化型
4853,男,18-24岁,游戏|搞笑|动漫,宅文化型
4854,男,31-40岁,运动|音乐|游戏,运动乐活型
4855,男,40岁以上,宠物|动漫,动漫二次元型
4856,男,18-24岁,动漫|宠物|学习,动漫二次元型
4857,男,18岁以下,美食|运动,生活家型
4858,女,18岁以下,运动|音乐|美食|游戏,运动乐活型
4859,男,18岁以下,宠物|学习,动漫二次元型
4860,女,18岁以下,宠物|学习|生活,动漫二次元型
4861,男,25-30岁,游戏|搞笑|动漫,宅文化型
4862,男,40岁以上,科技|学习|搞笑|宠物,进步青年型
4863,女,18-24岁,运动|音乐|美食|游戏,运动乐活型
4864,女,18岁以下,运动|音乐|美食|游戏,运动乐活型
4865,女,40岁以上,动漫|学习,动漫二次元型
4866,女,31-40岁,生活|美食|科技|运动,生活家型
4867,男,18-24岁,动漫|宠物|学习,动漫二次元型
4868,女,25-30岁,运动|音乐|游戏,运动乐活型
4869,男,25-30岁,动漫|宠物|学习,动漫二次元型
4870,男,31-40岁,游戏|动漫,宅文化型
4871,女,18岁以下,搞笑|游戏,宅文化型
4872,男,18岁以下,生活|美食|科技,生活家型
4873,女,18岁以下,生活|美食|科技,生活家型
4874,女,18岁以下,生活|美食,生活家型
4875,男,25-30岁,学习|科技|搞笑|宠物,进步青年型
4876,男,31-40岁,游戏|搞笑|动漫,宅文化型
4877,男,18岁以下,美食|生活|科技,生活家型
4878,女,25-30岁,科技|学习,进步青年型
4879,男,25-30岁,运动|音乐|游戏,运动乐活型
4880,男,18岁以下,动漫|学习,动漫二次元型
4881,男,31-40岁,运动|音乐|美食,运动乐活型
4882,女,18-24岁,科技|学习|搞笑,进步青年型
4883,女,25-30岁,动漫|生活,动漫二次元型
4884,男,40岁以上,运动|音乐,运动乐活型
4885,男,31-40岁,游戏|搞笑|动漫|音乐,宅文化型
4886,男,18-24岁,游戏|搞笑|动漫|音乐,宅文化型
4887,女,25-30岁,宠物|动漫|生活|学习,动漫二次元型
4888,男,40岁以上,学习|科技|宠物|搞笑,进步青年型
4889,男,31-40岁,美食|生活,生活家型
4890,女,25-30岁,运动|音乐|游戏,运动乐活型
4891,男,40岁以上,美食|科技,生活家型
4892,女,18岁以下,学习|宠物|科技|搞笑,进步青年型
4893,男,18-24岁,游戏|搞笑,宅文化型
4894,女,18-24岁,美食|科技|运动,生活家型
4895,女,18岁以下,宠物|动漫|学习|生活,动漫二次元型
4896,男,40岁以上,动漫|学习|宠物|生活,动漫二次元型
4897,男,25-30岁,动漫|学习|生活|宠物,动漫二次元型
4898,女,31-40岁,宠物|动漫|学习|生活,动漫二次元型
4899,男,18岁以下,搞笑|游戏,宅文化型
4900,女,31-40岁,学习|搞笑|科技,进步青年型
4901,男,40岁以上,科技|宠物|搞笑,进步青年型
4902,男,31-40岁,音乐|运动,运动乐活型
4903,男,31-40岁,动漫|学习|宠物,动漫二次元型
4904,男,18岁以下,美食|生活|运动,生活家型
4905,女,18岁以下,音乐|美食|游戏,运动乐活型
4906,男,18岁以下,运动|音乐|美食,运动乐活型
4907,女,18-24岁,生活|运动|科技,生活家型
4908,女,18-24岁,学习|科技|搞笑,进步青年型
4909,男,40岁以上,搞笑|游戏|音乐|动漫,宅文化型
4910,女,40岁以上,音乐|游戏|运动|美食,运动乐活型
4911,男,18-24岁,科技|学习,进步青年型
4912,女,31-40岁,音乐|运动|游戏,运动乐活型
4913,男,25-30岁,学习|宠物|科技|搞笑,进步青年型
4914,女,18岁以下,科技|学习,进步青年型
4915,男,18岁以下,宠物|生活|学习|动漫,动漫二次元型
4916,女,18-24岁,动漫|宠物,动漫二次元型
4917,女,18-24岁,学习|科技|搞笑,进步青年型
4918,男,18-24岁,游戏|搞笑,宅文化型
4919,女,18岁以下,宠物|动漫|学习|生活,动漫二次元型
4920,男,18岁以下,运动|音乐|美食,运动乐活型
4921,男,31-40岁,搞笑|游戏|动漫,宅文化型
4922,女,40岁以上,科技|学习|宠物|搞笑,进步青年型
4923,女,40岁以上,动漫|宠物,动漫二次元型
4924,男,31-40岁,搞笑|游戏|音乐|动漫,宅文化型
4925,女,18-24岁,美食|生活|运动|科技,生活家型
4926,女,25-30岁,音乐|运动|游戏,运动乐活型
4927,男,18岁以下,学习|宠物|搞笑,进步青年型
4928,男,40岁以上,搞笑|游戏|动漫|音乐,宅文化型
4929,女,40岁以上,动漫|宠物|学习,动漫二次元型
4930,男,31-40岁,科技|宠物|学习|搞笑,进步青年型
4931,男,40岁以上,科技|学习,进步青年型
4932,男,18-24岁,科技|学习,进步青年型
4933,男,25-30岁,美食|生活,生活家型
4934,女,18岁以下,运动|音乐|游戏|美食,运动乐活型
4935,女,31-40岁,游戏|搞笑|音乐,宅文化型
4936,女,40岁以上,美食|生活|科技,生活家型
4937,女,40岁以上,学习|科技,进步青年型
4938,女,40岁以上,音乐|运动|游戏|美食,运动乐活型
4939,男,25-30岁,学习|科技,进步青年型
4940,男,25-30岁,游戏|音乐|搞笑,宅文化型
4941,男,31-40岁,科技|学习|宠物|搞笑,进步青年型
4942,男,40岁以上,运动|美食|音乐|游戏,运动乐活型
4943,女,25-30岁,宠物|动漫|生活|学习,动漫二次元型
4944,男,18-24岁,宠物|动漫|学习,动漫二次元型
4945,男,40岁以上,生活|美食|科技|运动,生活家型
4946,女,31-40岁,美食|科技|运动|生活,生活家型
4947,女,25-30岁,游戏|搞笑|音乐,宅文化型
4948,男,31-40岁,运动|游戏|美食|音乐,运动乐活型
4949,男,25-30岁,科技|学习|宠物|搞笑,进步青年型
4950,女,25-30岁,美食|生活,生活家型
4951,女,18岁以下,宠物|动漫|学习,动漫二次元型
4952,男,25-30岁,搞笑|游戏|音乐,宅文化型
4953,女,18-24岁,动漫|宠物|生活,动漫二次元型
4954,男,31-40岁,游戏|搞笑,宅文化型
4955,男,18岁以下,运动|音乐|游戏,运动乐活型
4956,男,25-30岁,美食|生活|运动|科技,生活家型
4957,女,40岁以上,学习|科技|搞笑,进步青年型
4958,男,25-30岁,宠物|动漫,动漫二次元型
4959,男,40岁以上,游戏|搞笑|动漫|音乐,宅文化型
4960,女,40岁以上,美食|生活|运动|科技,生活家型
4961,女,31-40岁,美食|生活|运动|科技,生活家型
4962,男,18岁以下,学习|科技|搞笑|宠物,进步青年型
4963,男,40岁以上,生活|美食,生活家型
4964,女,31-40岁,游戏|搞笑|动漫|音乐,宅文化型
4965,男,40岁以上,宠物|动漫|生活,动漫二次元型
4966,男,25-30岁,美食|生活|运动,生活家型
4967,女,31-40岁,运动|音乐|美食,运动乐活型
4968,女,18岁以下,科技|学习|宠物,进步青年型
4969,女,25-30岁,宠物|动漫|学习|生活,动漫二次元型
4970,女,31-40岁,科技|搞笑|学习|宠物,进步青年型
4971,女,40岁以上,游戏|搞笑|动漫,宅文化型
4972,女,18-24岁,科技|学习|宠物,进步青年型
4973,女,18-24岁,生活|美食|科技|运动,生活家型
4974,男,40岁以上,运动|音乐,运动乐活型
4975,男,40岁以上,宠物|学习|生活|动漫,动漫二次元型
4976,女,31-40岁,学习|科技|搞笑|宠物,进步青年型
4977,男,18岁以下,宠物|学习|生活,动漫二次元型
4978,男,25-30岁,音乐|美食|运动|游戏,运动乐活型
4979,女,31-40岁,科技|学习,进步青年型
4980,女,31-40岁,游戏|搞笑|动漫,宅文化型
4981,男,25-30岁,运动|游戏|音乐,运动乐活型
4982,女,18-24岁,生活|美食|科技,生活家型
4983,男,25-30岁,生活|美食|运动|科技,生活家型
4984,女,25-30岁,科技|学习,进步青年型
4985,男,31-40岁,音乐|游戏|运动,运动乐活型
4986,女,31-40岁,生活|美食|运动,生活家型
4987,女,25-30岁,搞笑|动漫|音乐,宅文化型
4988,女,25-30岁,宠物|学习|动漫,动漫二次元型
4989,女,31-40岁,搞笑|游戏,宅文化型
4990,女,18-24岁,生活|美食,生活家型
4991,女,25-30岁,生活|美食|科技,生活家型
4992,女,25-30岁,搞笑|游戏|音乐|动漫,宅文化型
4993,女,40岁以上,生活|美食,生活家型
4994,女,25-30岁,生活|科技,生活家型
4995,男,40岁以上,学习|科技|搞笑|宠物,进步青年型
4996,女,25-30岁,美食|生活,生活家型
4997,女,18岁以下,游戏|动漫|搞笑,宅文化型
4998,男,25-30岁,宠物|动漫|生活,动漫二次元型
4999,女,31-40岁,科技|学习|搞笑|宠物,进步青年型
5000,女,25-30岁,游戏|搞笑|音乐,宅文化型
5001,女,40岁以上,音乐|美食|游戏|运动,运动乐活型
5002,男,18岁以下,科技|宠物|搞笑,进步青年型
5003,男,40岁以上,美食|运动|科技,生活家型
5004,女,31-40岁,游戏|搞笑|音乐,宅文化型
5005,男,31-40岁,音乐|运动,运动乐活型
5006,男,40岁以上,运动|音乐|美食,运动乐活型
5007,女,18-24岁,生活|科技|美食,生活家型
5008,男,31-40岁,搞笑|音乐,宅文化型
5009,女,40岁以上,学习|科技|宠物|搞笑,进步青年型
5010,女,18-24岁,音乐|运动|美食|游戏,运动乐活型
5011,女,18-24岁,科技|学习|搞笑|宠物,进步青年型
5012,男,18岁以下,学习|科技|宠物,进步青年型
5013,女,40岁以上,动漫|宠物|学习|生活,动漫二次元型
5014,女,18-24岁,搞笑|游戏|动漫,宅文化型
5015,男,18-24岁,美食|生活|科技|运动,生活家型
5016,女,18-24岁,游戏|搞笑|动漫|音乐,宅文化型
5017,女,25-30岁,动漫|生活|宠物|学习,动漫二次元型
5018,女,25-30岁,音乐|运动|美食,运动乐活型
5019,男,18岁以下,运动|音乐|美食,运动乐活型
5020,男,31-40岁,搞笑|游戏,宅文化型
5021,女,25-30岁,科技|学习,进步青年型
5022,男,18岁以下,学习|科技|搞笑|宠物,进步青年型
5023,女,18岁以下,游戏|搞笑,宅文化型
5024,男,25-30岁,科技|搞笑|宠物|学习,进步青年型
5025,男,25-30岁,搞笑|游戏|动漫|音乐,宅文化型
5026,女,31-40岁,美食|生活|科技|运动,生活家型
5027,女,25-30岁,科技|学习|宠物,进步青年型
5028,男,40岁以上,生活|美食,生活家型
5029,女,40岁以上,游戏|搞笑|动漫|音乐,宅文化型
5030,女,25-30岁,动漫|宠物,动漫二次元型
5031,男,31-40岁,生活|运动|美食|科技,生活家型
5032,男,18岁以下,科技|搞笑|宠物|学习,进步青年型
5033,男,40岁以上,动漫|宠物|学习,动漫二次元型
5034,男,31-40岁,美食|生活,生活家型
5035,男,18-24岁,运动|美食,运动乐活型
5036,女,31-40岁,动漫|宠物|学习,动漫二次元型
5037,女,40岁以上,宠物|动漫|学习,动漫二次元型
5038,男,31-40岁,搞笑|音乐,宅文化型
5039,男,18-24岁,美食|生活,生活家型
5040,女,31-40岁,搞笑|游戏|音乐|动漫,宅文化型
5041,男,18-24岁,美食|运动,生活家型
5042,男,25-30岁,运动|游戏,运动乐活型
5043,女,25-30岁,动漫|生活|学习,动漫二次元型
5044,男,31-40岁,搞笑|音乐,宅文化型
5045,女,31-40岁,动漫|宠物|生活|学习,动漫二次元型
5046,男,18-24岁,学习|搞笑|科技,进步青年型
5047,女,18岁以下,动漫|学习|生活,动漫二次元型
5048,男,31-40岁,生活|美食,生活家型
5049,男,25-30岁,科技|搞笑|学习|宠物,进步青年型
5050,男,25-30岁,宠物|动漫,动漫二次元型
5051,女,18-24岁,美食|生活,生活家型
5052,男,18岁以下,音乐|游戏|运动,运动乐活型
5053,男,25-30岁,游戏|搞笑|音乐,宅文化型
5054,女,25-30岁,宠物|动漫|学习|生活,动漫二次元型
5055,女,40岁以上,音乐|游戏,运动乐活型
5056,男,40岁以上,游戏|搞笑|动漫,宅文化型
5057,男,25-30岁,游戏|音乐|动漫|搞笑,宅文化型
5058,女,18岁以下,美食|生活|运动,生活家型
5059,女,18-24岁,宠物|动漫|生活|学习,动漫二次元型
5060,男,31-40岁,宠物|动漫,动漫二次元型
5061,女,25-30岁,运动|游戏|美食,运动乐活型
5062,女,18-24岁,游戏|搞笑|动漫|音乐,宅文化型
5063,男,40岁以上,美食|生活|科技|运动,生活家型
5064,男,40岁以上,学习|科技|搞笑,进步青年型
5065,女,31-40岁,动漫|生活|学习,动漫二次元型
5066,女,25-30岁,音乐|运动,运动乐活型
5067,女,40岁以上,学习|搞笑,进步青年型
5068,女,40岁以上,动漫|宠物|学习,动漫二次元型
5069,男,18-24岁,游戏|搞笑|动漫|音乐,宅文化型
5070,男,25-30岁,搞笑|音乐,宅文化型
5071,女,18-24岁,游戏|搞笑,宅文化型
5072,男,18岁以下,搞笑|游戏|音乐,宅文化型
5073,男,31-40岁,音乐|运动|游戏|美食,运动乐活型
5074,男,40岁以上,游戏|搞笑|音乐|动漫,宅文化型
5075,男,31-40岁,宠物|动漫|生活,动漫二次元型
5076,女,25-30岁,宠物|学习|生活|动漫,动漫二次元型
5077,男,18岁以下,音乐|运动,运动乐活型
5078,男,40岁以上,美食|运动|科技,生活家型
5079,女,25-30岁,搞笑|游戏|音乐|动漫,宅文化型
5080,女,40岁以上,游戏|音乐|动漫|搞笑,宅文化型
5081,男,40岁以上,运动|游戏|音乐,运动乐活型
5082,男,31-40岁,搞笑|动漫|游戏|音乐,宅文化型
5083,男,18-24岁,动漫|宠物,动漫二次元型
5084,女,18岁以下,学习|搞笑|科技|宠物,进步青年型
5085,男,25-30岁,运动|游戏|音乐,运动乐活型
5086,男,18岁以下,学习|科技,进步青年型
5087,女,40岁以上,学习|科技|宠物,进步青年型
5088,女,25-30岁,学习|科技,进步青年型
5089,男,31-40岁,游戏|搞笑|动漫|音乐,宅文化型
5090,女,31-40岁,科技|学习|宠物|搞笑,进步青年型
5091,男,18岁以下,运动|音乐|美食|游戏,运动乐活型
5092,男,40岁以上,音乐|运动|游戏,运动乐活型
5093,男,18-24岁,学习|科技|宠物,进步青年型
5094,男,31-40岁,运动|音乐,运动乐活型
5095,男,18-24岁,宠物|动漫,动漫二次元型
5096,男,18岁以下,动漫|宠物,动漫二次元型
5097,男,25-30岁,生活|美食,生活家型
5098,男,18岁以下,科技|学习,进步青年型
5099,男,40岁以上,搞笑|游戏,宅文化型
5100,男,31-40岁,音乐|运动,运动乐活型
5101,男,18-24岁,生活|运动|美食|科技,生活家型
5102,女,31-40岁,音乐|运动|游戏|美食,运动乐活型
5103,女,18岁以下,宠物|动漫|生活|学习,动漫二次元型
5104,女,25-30岁,搞笑|游戏,宅文化型
5105,女,25-30岁,游戏|搞笑,宅文化型
5106,女,31-40岁,搞笑|游戏|动漫,宅文化型
5107,女,18岁以下,游戏|搞笑,宅文化型
5108,男,25-30岁,宠物|生活,动漫二次元型
5109,女,25-30岁,学习|科技,进步青年型
5110,男,18-24岁,运动|音乐|美食|游戏,运动乐活型
5111,男,31-40岁,游戏|搞笑,宅文化型
5112,男,25-30岁,动漫|宠物,动漫二次元型
5113,男,40岁以上,生活|美食,生活家型
5114,女,25-30岁,宠物|动漫|学习,动漫二次元型
5115,男,25-30岁,生活|运动|科技,生活家型
5116,女,25-30岁,动漫|宠物|生活|学习,动漫二次元型
5117,女,18-24岁,游戏|搞笑|音乐|动漫,宅文化型
5118,男,18-24岁,科技|学习,进步青年型
5119,男,25-30岁,搞笑|游戏|动漫|音乐,宅文化型
5120,女,25-30岁,宠物|动漫|生活,动漫二次元型
5121,女,25-30岁,动漫|生活|学习|宠物,动漫二次元型
5122,男,18岁以下,搞笑|游戏,宅文化型
5123,男,31-40岁,游戏|音乐,宅文化型
5124,女,25-30岁,音乐|运动|游戏|美食,运动乐活型
5125,女,18岁以下,学习|科技,进步青年型
5126,男,18岁以下,学习|科技|搞笑|宠物,进步青年型
5127,女,31-40岁,搞笑|游戏|动漫|音乐,宅文化型
5128,男,25-30岁,学习|搞笑|宠物|科技,进步青年型
5129,女,18岁以下,游戏|音乐|动漫,宅文化型
5130,女,31-40岁,宠物|动漫|生活,动漫二次元型
5131,女,40岁以上,音乐|美食,运动乐活型
5132,女,18岁以下,宠物|动漫|生活|学习,动漫二次元型
5133,男,31-40岁,动漫|宠物|生活,动漫二次元型
5134,女,25-30岁,游戏|搞笑|音乐|动漫,宅文化型
5135,男,18岁以下,游戏|动漫|音乐,宅文化型
5136,男,40岁以上,音乐|游戏,运动乐活型
5137,男,31-40岁,搞笑|动漫,宅文化型
5138,女,18岁以下,学习|科技,进步青年型
5139,女,18岁以下,游戏|搞笑,宅文化型
5140,女,40岁以上,科技|搞笑,进步青年型
5141,女,31-40岁,搞笑|游戏|动漫,宅文化型
5142,男,18岁以下,动漫|宠物|生活,动漫二次元型
5143,女,18岁以下,搞笑|音乐,宅文化型
5144,男,18-24岁,游戏|搞笑|动漫|音乐,宅文化型
5145,男,25-30岁,宠物|动漫,动漫二次元型
5146,男,40岁以上,美食|科技|运动|生活,生活家型
5147,男,18-24岁,音乐|游戏|美食,运动乐活型
5148,女,40岁以上,游戏|搞笑|音乐,宅文化型
5149,男,18岁以下,宠物|学习|生活|动漫,动漫二次元型
5150,女,25-30岁,学习|科技|宠物|搞笑,进步青年型
5151,女,25-30岁,游戏|搞笑|动漫,宅文化型
5152,男,18岁以下,生活|美食,生活家型
5153,男,18岁以下,运动|音乐|美食,运动乐活型
5154,男,31-40岁,音乐|美食,运动乐活型
5155,男,25-30岁,生活|运动|科技,生活家型
5156,男,18-24岁,科技|学习|宠物,进步青年型
5157,女,40岁以上,宠物|动漫|生活,动漫二次元型
5158,男,18岁以下,音乐|美食|运动,运动乐活型
5159,男,40岁以上,搞笑|音乐,宅文化型
5160,女,40岁以上,游戏|搞笑,宅文化型
5161,男,25-30岁,游戏|搞笑|音乐,宅文化型
5162,男,18-24岁,生活|科技|美食,生活家型
5163,男,18-24岁,科技|学习,进步青年型
5164,男,18-24岁,学习|宠物,进步青年型
5165,男,25-30岁,学习|宠物,进步青年型
5166,男,40岁以上,宠物|动漫,动漫二次元型
5167,女,25-30岁,美食|运动|生活|科技,生活家型
5168,女,40岁以上,音乐|运动|美食,运动乐活型
5169,男,18岁以下,宠物|生活|学习|动漫,动漫二次元型
5170,男,31-40岁,搞笑|游戏,宅文化型
5171,女,18岁以下,美食|生活|运动,生活家型
5172,女,18-24岁,游戏|动漫|搞笑,宅文化型
5173,男,18-24岁,美食|科技,生活家型
5174,男,18-24岁,运动|游戏|美食,运动乐活型
5175,女,40岁以上,美食|生活|科技,生活家型
5176,男,40岁以上,学习|搞笑|科技,进步青年型
5177,女,25-30岁,动漫|宠物,动漫二次元型
5178,女,18-24岁,生活|科技|运动,生活家型
5179,男,18-24岁,游戏|搞笑|动漫|音乐,宅文化型
5180,女,31-40岁,音乐|运动,运动乐活型
5181,女,18岁以下,科技|学习,进步青年型
5182,女,25-30岁,美食|科技,生活家型
5183,女,25-30岁,搞笑|音乐|动漫,宅文化型
5184,男,40岁以上,搞笑|游戏|音乐|动漫,宅文化型
5185,男,40岁以上,运动|音乐,运动乐活型
5186,男,40岁以上,动漫|宠物,动漫二次元型
5187,男,25-30岁,音乐|运动|美食,运动乐活型
5188,女,31-40岁,科技|宠物|搞笑,进步青年型
5189,女,25-30岁,生活|美食|科技,生活家型
5190,男,40岁以上,科技|学习|搞笑,进步青年型
5191,男,25-30岁,音乐|运动|美食,运动乐活型
5192,男,31-40岁,宠物|动漫|学习,动漫二次元型
5193,男,40岁以上,宠物|动漫,动漫二次元型
5194,女,31-40岁,动漫|生活|学习|宠物,动漫二次元型
5195,女,25-30岁,运动|音乐,运动乐活型
5196,男,25-30岁,游戏|音乐,宅文化型
5197,女,18岁以下,动漫|学习|生活,动漫二次元型
5198,女,40岁以上,宠物|生活|学习|动漫,动漫二次元型
5199,男,40岁以上,搞笑|游戏|音乐|动漫,宅文化型
5200,男,25-30岁,科技|学习,进步青年型
5201,男,31-40岁,音乐|游戏,运动乐活型
5202,女,18-24岁,宠物|生活|学习,动漫二次元型
5203,女,18岁以下,学习|科技|宠物,进步青年型
5204,男,31-40岁,宠物|动漫,动漫二次元型
5205,男,18岁以下,音乐|运动|美食|游戏,运动乐活型
5206,女,25-30岁,科技|搞笑,进步青年型
5207,女,40岁以上,科技|宠物|搞笑,进步青年型
5208,男,18-24岁,生活|美食|运动|科技,生活家型
5209,女,18岁以下,生活|美食|运动|科技,生活家型
5210,女,25-30岁,美食|科技,生活家型
5211,女,18-24岁,美食|科技,生活家型
5212,男,18岁以下,学习|搞笑|宠物|科技,进步青年型
5213,男,25-30岁,宠物|动漫|学习|生活,动漫二次元型
5214,女,40岁以上,音乐|运动|游戏|美食,运动乐活型
5215,男,40岁以上,美食|运动|生活|科技,生活家型
5216,女,31-40岁,生活|美食,生活家型
5217,女,25-30岁,科技|学习,进步青年型
5218,女,18-24岁,科技|宠物,进步青年型
5219,男,18-24岁,音乐|运动|游戏|美食,运动乐活型
5220,男,25-30岁,生活|运动|美食|科技,生活家型
5221,男,40岁以上,运动|美食|游戏,运动乐活型
5222,女,18岁以下,动漫|生活|学习,动漫二次元型
5223,女,40岁以上,动漫|宠物|学习|生活,动漫二次元型
5224,男,40岁以上,学习|宠物|搞笑,进步青年型
5225,男,31-40岁,音乐|游戏,运动乐活型
5226,男,18-24岁,学习|科技|宠物,进步青年型
5227,女,40岁以上,动漫|生活|学习|宠物,动漫二次元型
5228,女,31-40岁,生活|美食,生活家型
5229,女,40岁以上,动漫|生活|学习,动漫二次元型
5230,女,18岁以下,美食|运动,生活家型
5231,男,18岁以下,科技|学习,进步青年型
5232,男,18-24岁,搞笑|游戏|音乐|动漫,宅文化型
5233,男,18-24岁,宠物|动漫|生活,动漫二次元型
5234,女,31-40岁,搞笑|游戏,宅文化型
5235,男,25-30岁,科技|学习,进步青年型
5236,男,40岁以上,科技|学习|搞笑|宠物,进步青年型
5237,女,18岁以下,美食|生活,生活家型
5238,男,25-30岁,美食|科技|运动|生活,生活家型
5239,男,40岁以上,生活|运动|科技|美食,生活家型
5240,女,18岁以下,运动|音乐,运动乐活型
5241,女,18-24岁,动漫|宠物|学习,动漫二次元型
5242,男,40岁以上,音乐|运动|游戏,运动乐活型
5243,女,18岁以下,运动|音乐|游戏|美食,运动乐活型
5244,男,18岁以下,生活|美食|科技,生活家型
5245,女,40岁以上,运动|音乐,运动乐活型
5246,男,40岁以上,学习|科技|搞笑|宠物,进步青年型
5247,男,18-24岁,运动|音乐|美食,运动乐活型
5248,女,40岁以上,运动|音乐|美食,运动乐活型
5249,男,25-30岁,生活|美食,生活家型
5250,女,40岁以上,音乐|运动,运动乐活型
5251,女,25-30岁,宠物|学习|生活,动漫二次元型
5252,男,18-24岁,游戏|搞笑|动漫,宅文化型
5253,男,25-30岁,美食|生活|运动,生活家型
5254,男,18-24岁,动漫|宠物|学习|生活,动漫二次元型
5255,男,18岁以下,美食|生活,生活家型
5256,男,40岁以上,生活|科技|运动|美食,生活家型
5257,女,40岁以上,运动|音乐,运动乐活型
5258,男,18-24岁,动漫|宠物|生活|学习,动漫二次元型
5259,女,31-40岁,美食|生活|运动,生活家型
5260,女,40岁以上,音乐|游戏,运动乐活型
5261,女,40岁以上,美食|生活|运动|科技,生活家型
5262,男,18-24岁,科技|学习,进步青年型
5263,女,18岁以下,宠物|学习,动漫二次元型
5264,女,18-24岁,科技|学习|搞笑|宠物,进步青年型
5265,女,18-24岁,学习|科技|搞笑,进步青年型
5266,男,31-40岁,音乐|运动|美食|游戏,运动乐活型
5267,男,40岁以上,美食|运动|生活|科技,生活家型
5268,女,40岁以上,音乐|运动|美食|游戏,运动乐活型
5269,女,18-24岁,游戏|搞笑|音乐,宅文化型
5270,男,40岁以上,生活|美食|科技,生活家型
5271,女,25-30岁,动漫|宠物|学习|生活,动漫二次元型
5272,女,40岁以上,运动|美食,运动乐活型
5273,女,25-30岁,学习|搞笑|宠物,进步青年型
5274,男,31-40岁,搞笑|游戏,宅文化型
5275,女,31-40岁,游戏|搞笑|音乐|动漫,宅文化型
5276,男,18-24岁,学习|科技,进步青年型
5277,女,40岁以上,游戏|动漫|音乐|搞笑,宅文化型
5278,女,18岁以下,美食|生活|运动,生活家型
5279,男,18-24岁,美食|生活,生活家型
5280,男,18-24岁,运动|音乐|游戏,运动乐活型
5281,男,40岁以上,搞笑|动漫|音乐|游戏,宅文化型
5282,男,18岁以下,运动|游戏|美食,运动乐活型
5283,男,25-30岁,宠物|动漫|学习|生活,动漫二次元型
5284,女,40岁以上,生活|美食|科技|运动,生活家型
5285,女,40岁以上,音乐|运动,运动乐活型
5286,女,18-24岁,美食|生活|运动|科技,生活家型
5287,男,18岁以下,美食|科技|生活,生活家型
5288,女,31-40岁,运动|音乐|游戏,运动乐活型
5289,女,18岁以下,游戏|搞笑|音乐|动漫,宅文化型
5290,男,25-30岁,动漫|宠物|生活|学习,动漫二次元型
5291,女,40岁以上,游戏|搞笑|动漫,宅文化型
5292,女,18岁以下,科技|搞笑|学习|宠物,进步青年型
5293,女,25-30岁,游戏|搞笑,宅文化型
5294,女,18-24岁,运动|音乐,运动乐活型
5295,女,31-40岁,科技|学习|搞笑|宠物,进步青年型
5296,女,18岁以下,宠物|动漫,动漫二次元型
5297,男,31-40岁,游戏|动漫|音乐|搞笑,宅文化型
5298,男,18-24岁,宠物|动漫|生活|学习,动漫二次元型
5299,女,25-30岁,科技|搞笑|学习,进步青年型
5300,女,25-30岁,搞笑|动漫,宅文化型
5301,女,25-30岁,美食|运动,生活家型
5302,女,40岁以上,宠物|生活|动漫|学习,动漫二次元型
5303,女,31-40岁,科技|学习|搞笑,进步青年型
5304,男,31-40岁,游戏|搞笑,宅文化型
5305,女,40岁以上,动漫|宠物|生活|学习,动漫二次元型
5306,女,40岁以上,美食|科技|生活|运动,生活家型
5307,男,31-40岁,科技|宠物,进步青年型
5308,男,40岁以上,宠物|生活|动漫,动漫二次元型
5309,男,18-24岁,音乐|运动|美食,运动乐活型
5310,男,40岁以上,科技|学习|宠物,进步青年型
5311,男,31-40岁,游戏|搞笑|动漫|音乐,宅文化型
5312,男,18-24岁,科技|学习,进步青年型
5313,女,40岁以上,动漫|生活|宠物|学习,动漫二次元型
5314,男,18-24岁,学习|宠物|科技|搞笑,进步青年型
5315,男,31-40岁,宠物|动漫,动漫二次元型
5316,男,18-24岁,运动|音乐|游戏|美食,运动乐活型
5317,女,18岁以下,生活|科技|美食,生活家型
5318,男,18岁以下,运动|音乐|美食|游戏,运动乐活型
5319,男,40岁以上,美食|生活|科技,生活家型
5320,女,40岁以上,生活|运动,生活家型
5321,女,18岁以下,宠物|动漫|学习,动漫二次元型
5322,女,25-30岁,美食|运动,生活家型
5323,女,18-24岁,宠物|动漫|学习|生活,动漫二次元型
5324,男,18岁以下,宠物|动漫|学习,动漫二次元型
5325,女,25-30岁,宠物|动漫,动漫二次元型
5326,男,40岁以上,科技|学习|宠物,进步青年型
5327,女,18-24岁,游戏|动漫|搞笑|音乐,宅文化型
5328,女,25-30岁,学习|搞笑|科技,进步青年型
5329,女,18岁以下,生活|美食|运动,生活家型
5330,男,25-30岁,动漫|宠物,动漫二次元型
5331,女,31-40岁,科技|搞笑|学习|宠物,进步青年型
5332,女,40岁以上,科技|搞笑|宠物|学习,进步青年型
5333,男,18岁以下,游戏|搞笑|音乐|动漫,宅文化型
5334,男,18-24岁,游戏|搞笑|动漫,宅文化型
5335,男,40岁以上,美食|科技|生活|运动,生活家型
5336,女,31-40岁,动漫|宠物|学习|生活,动漫二次元型
5337,女,31-40岁,搞笑|游戏|音乐,宅文化型
5338,男,18岁以下,科技|学习|宠物,进步青年型
5339,男,18岁以下,宠物|动漫,动漫二次元型
5340,男,18岁以下,学习|科技|搞笑|宠物,进步青年型
5341,女,40岁以上,动漫|宠物|生活,动漫二次元型
5342,男,18岁以下,运动|音乐,运动乐活型
5343,女,18-24岁,学习|科技,进步青年型
5344,女,25-30岁,搞笑|游戏|动漫,宅文化型
5345,男,18岁以下,学习|科技|搞笑|宠物,进步青年型
5346,男,40岁以上,音乐|美食|游戏,运动乐活型
5347,男,25-30岁,运动|音乐,运动乐活型
5348,男,18岁以下,游戏|搞笑|音乐|动漫,宅文化型
5349,男,18岁以下,搞笑|游戏,宅文化型
5350,男,40岁以上,动漫|宠物|学习,动漫二次元型
5351,女,25-30岁,搞笑|音乐|游戏,宅文化型
5352,女,40岁以上,动漫|宠物,动漫二次元型
5353,女,18岁以下,学习|科技|宠物|搞笑,进步青年型
5354,男,18岁以下,运动|音乐|游戏|美食,运动乐活型
5355,女,18岁以下,搞笑|游戏|动漫,宅文化型
5356,女,18岁以下,美食|生活,生活家型
5357,女,18岁以下,游戏|动漫|搞笑,宅文化型
5358,女,18岁以下,科技|学习,进步青年型
5359,男,31-40岁,运动|游戏,运动乐活型
5360,男,40岁以上,学习|科技|搞笑,进步青年型
5361,男,18-24岁,科技|学习,进步青年型
5362,男,18-24岁,宠物|动漫|生活,动漫二次元型
5363,女,31-40岁,运动|音乐|游戏,运动乐活型
5364,男,18-24岁,学习|科技|宠物|搞笑,进步青年型
5365,女,40岁以上,运动|音乐,运动乐活型
5366,女,40岁以上,生活|美食|运动|科技,生活家型
5367,男,40岁以上,美食|生活,生活家型
5368,男,40岁以上,科技|学习,进步青年型
5369,女,18岁以下,游戏|搞笑|音乐,宅文化型
5370,男,18-24岁,美食|科技|运动,生活家型
5371,男,40岁以上,学习|科技|宠物,进步青年型
5372,男,40岁以上,搞笑|游戏|音乐|动漫,宅文化型
5373,女,18岁以下,生活|美食|科技|运动,生活家型
5374,男,18岁以下,运动|音乐|美食|游戏,运动乐活型
5375,男,25-30岁,学习|科技|宠物|搞笑,进步青年型
5376,女,40岁以上,运动|美食|音乐,运动乐活型
5377,女,40岁以上,动漫|宠物|学习|生活,动漫二次元型
5378,男,18岁以下,学习|科技|宠物|搞笑,进步青年型
5379,女,18-24岁,运动|美食,运动乐活型
5380,男,31-40岁,生活|美食|运动,生活家型
5381,男,40岁以上,运动|美食,运动乐活型
5382,女,25-30岁,音乐|运动|美食|游戏,运动乐活型
5383,男,25-30岁,游戏|动漫,宅文化型
5384,男,25-30岁,美食|生活|运动,生活家型
5385,男,31-40岁,科技|学习|搞笑,进步青年型
5386,男,18-24岁,科技|学习|宠物,进步青年型
5387,女,18-24岁,搞笑|游戏|动漫|音乐,宅文化型
5388,女,18-24岁,科技|学习|搞笑|宠物,进步青年型
5389,女,18岁以下,音乐|运动,运动乐活型
5390,男,40岁以上,学习|宠物|搞笑|科技,进步青年型
5391,女,18-24岁,游戏|搞笑,宅文化型
5392,男,40岁以上,宠物|生活|动漫|学习,动漫二次元型
5393,男,25-30岁,科技|学习,进步青年型
5394,女,31-40岁,搞笑|动漫,宅文化型
5395,女,18岁以下,搞笑|游戏|动漫,宅文化型
5396,女,40岁以上,学习|搞笑,进步青年型
5397,男,31-40岁,运动|音乐|美食,运动乐活型
5398,男,18-24岁,宠物|动漫,动漫二次元型
5399,男,25-30岁,动漫|学习|宠物|生活,动漫二次元型
5400,女,31-40岁,宠物|动漫,动漫二次元型
5401,女,40岁以上,动漫|宠物|生活,动漫二次元型
5402,女,31-40岁,游戏|动漫,宅文化型
5403,男,18岁以下,动漫|宠物|学习|生活,动漫二次元型
5404,男,18-24岁,学习|科技|搞笑,进步青年型
5405,女,25-30岁,音乐|运动|美食,运动乐活型
5406,男,18-24岁,动漫|宠物,动漫二次元型
5407,女,18-24岁,科技|搞笑|宠物,进步青年型
5408,男,18-24岁,宠物|动漫,动漫二次元型
5409,女,40岁以上,动漫|宠物,动漫二次元型
5410,女,40岁以上,科技|学习|宠物|搞笑,进步青年型
5411,男,25-30岁,美食|生活|科技|运动,生活家型
5412,女,18-24岁,运动|游戏,运动乐活型
5413,男,31-40岁,游戏|搞笑|动漫|音乐,宅文化型
5414,男,25-30岁,运动|音乐,运动乐活型
5415,女,31-40岁,游戏|搞笑|音乐,宅文化型
5416,男,18岁以下,学习|搞笑|宠物,进步青年型
5417,女,18岁以下,动漫|宠物|学习|生活,动漫二次元型
5418,男,40岁以上,生活|美食|运动,生活家型
5419,女,18岁以下,搞笑|游戏,宅文化型
5420,女,18-24岁,学习|科技,进步青年型
5421,女,18岁以下,搞笑|动漫|音乐|游戏,宅文化型
5422,女,40岁以上,运动|音乐,运动乐活型
5423,女,25-30岁,美食|生活|科技|运动,生活家型
5424,男,25-30岁,学习|科技|搞笑,进步青年型
5425,女,31-40岁,学习|科技|宠物,进步青年型
5426,女,18岁以下,游戏|搞笑|音乐,宅文化型
5427,女,40岁以上,学习|科技|搞笑,进步青年型
5428,女,40岁以上,学习|科技,进步青年型
5429,女,40岁以上,游戏|搞笑|音乐|动漫,宅文化型
5430,女,18岁以下,科技|学习|搞笑,进步青年型
5431,男,18-24岁,音乐|美食|运动|游戏,运动乐活型
5432,男,18-24岁,运动|音乐|游戏,运动乐活型
5433,女,31-40岁,游戏|动漫|搞笑|音乐,宅文化型
5434,男,40岁以上,生活|美食|运动,生活家型
5435,男,18-24岁,生活|科技,生活家型
5436,女,40岁以上,动漫|宠物,动漫二次元型
5437,女,31-40岁,生活|科技,生活家型
5438,女,40岁以上,科技|学习,进步青年型
5439,男,40岁以上,搞笑|游戏|动漫|音乐,宅文化型
5440,男,18岁以下,动漫|宠物,动漫二次元型
5441,女,40岁以上,学习|科技|搞笑|宠物,进步青年型
5442,男,25-30岁,动漫|宠物,动漫二次元型
5443,女,40岁以上,音乐|游戏|美食,运动乐活型
5444,男,18-24岁,宠物|动漫|生活,动漫二次元型
5445,男,40岁以上,运动|音乐|游戏,运动乐活型
5446,女,18岁以下,宠物|动漫,动漫二次元型
5447,男,18-24岁,科技|宠物|搞笑|学习,进步青年型
5448,女,40岁以上,宠物|动漫|生活,动漫二次元型
5449,女,18岁以下,音乐|运动|美食,运动乐活型
5450,男,25-30岁,游戏|搞笑|动漫|音乐,宅文化型
5451,女,40岁以上,宠物|生活|学习|动漫,动漫二次元型
5452,男,31-40岁,搞笑|游戏,宅文化型
5453,男,18-24岁,学习|宠物|搞笑,进步青年型
5454,女,18-24岁,动漫|宠物,动漫二次元型
5455,男,31-40岁,宠物|学习|动漫|生活,动漫二次元型
5456,女,25-30岁,游戏|音乐|动漫,宅文化型
5457,男,25-30岁,游戏|搞笑|动漫|音乐,宅文化型
5458,女,40岁以上,动漫|宠物|学习,动漫二次元型
5459,女,40岁以上,运动|音乐|美食,运动乐活型
5460,男,40岁以上,动漫|宠物|学习|生活,动漫二次元型
5461,男,18岁以下,美食|生活|科技|运动,生活家型
5462,男,25-30岁,美食|科技|运动,生活家型
5463,男,25-30岁,学习|科技|搞笑|宠物,进步青年型
5464,男,31-40岁,学习|科技|宠物,进步青年型
5465,男,31-40岁,生活|运动|科技,生活家型
5466,女,40岁以上,动漫|宠物,动漫二次元型
5467,女,18-24岁,宠物|生活|动漫,动漫二次元型
5468,男,18-24岁,搞笑|游戏,宅文化型
5469,女,31-40岁,游戏|搞笑|音乐,宅文化型
5470,男,18岁以下,音乐|运动|美食|游戏,运动乐活型
5471,男,40岁以上,宠物|动漫|生活|学习,动漫二次元型
5472,女,18岁以下,学习|科技|搞笑,进步青年型
5473,女,18-24岁,美食|生活,生活家型
5474,男,40岁以上,运动|游戏,运动乐活型
5475,女,31-40岁,运动|音乐,运动乐活型
5476,男,40岁以上,动漫|宠物,动漫二次元型
5477,女,31-40岁,宠物|学习|动漫|生活,动漫二次元型
5478,女,18-24岁,游戏|动漫|音乐|搞笑,宅文化型
5479,女,40岁以上,动漫|宠物,动漫二次元型
5480,男,18-24岁,生活|美食|科技|运动,生活家型
5481,女,25-30岁,游戏|搞笑|音乐,宅文化型
5482,女,31-40岁,生活|美食|运动|科技,生活家型
5483,男,18岁以下,音乐|游戏|美食,运动乐活型
5484,男,18-24岁,学习|宠物,进步青年型
5485,男,25-30岁,搞笑|游戏|动漫,宅文化型
5486,男,40岁以上,游戏|音乐,宅文化型
5487,男,40岁以上,生活|美食|科技,生活家型
5488,女,31-40岁,音乐|运动|美食,运动乐活型
5489,男,40岁以上,生活|美食|运动,生活家型
5490,男,25-30岁,搞笑|游戏|音乐,宅文化型
5491,男,25-30岁,生活|美食|科技|运动,生活家型
5492,男,40岁以上,音乐|运动|游戏|美食,运动乐活型
5493,女,25-30岁,美食|运动,生活家型
5494,男,18岁以下,音乐|运动,运动乐活型
5495,男,31-40岁,学习|宠物,进步青年型
5496,男,31-40岁,运动|音乐|美食|游戏,运动乐活型
5497,女,31-40岁,宠物|生活|动漫,动漫二次元型
5498,女,18岁以下,宠物|生活,动漫二次元型
5499,女,31-40岁,音乐|运动|美食,运动乐活型
5500,男,18岁以下,科技|学习,进步青年型
5501,男,18-24岁,音乐|游戏,运动乐活型
5502,男,31-40岁,运动|美食|游戏,运动乐活型
5503,女,18-24岁,生活|美食|运动|科技,生活家型
5504,女,40岁以上,运动|美食|音乐,运动乐活型
5505,女,25-30岁,科技|宠物|搞笑|学习,进步青年型
5506,男,18-24岁,学习|宠物|搞笑,进步青年型
5507,女,18-24岁,游戏|搞笑,宅文化型
5508,男,31-40岁,美食|生活|科技|运动,生活家型
5509,女,40岁以上,运动|音乐|游戏,运动乐活型
5510,男,18-24岁,搞笑|游戏,宅文化型
5511,男,18-24岁,生活|美食|科技|运动,生活家型
5512,男,40岁以上,游戏|搞笑,宅文化型
5513,女,18岁以下,游戏|搞笑|动漫,宅文化型
5514,男,25-30岁,音乐|运动|美食|游戏,运动乐活型
5515,女,40岁以上,学习|科技|宠物|搞笑,进步青年型
5516,女,18-24岁,美食|运动|科技|生活,生活家型
5517,女,25-30岁,游戏|搞笑|动漫|音乐,宅文化型
5518,女,18岁以下,搞笑|游戏|音乐,宅文化型
5519,男,40岁以上,音乐|游戏|美食|运动,运动乐活型
5520,男,25-30岁,科技|学习|搞笑|宠物,进步青年型
5521,男,18岁以下,美食|科技|生活,生活家型
5522,女,40岁以上,动漫|学习,动漫二次元型
5523,男,18-24岁,运动|游戏|音乐|美食,运动乐活型
5524,男,18-24岁,动漫|宠物,动漫二次元型
5525,女,18-24岁,科技|学习|搞笑,进步青年型
5526,男,18岁以下,动漫|宠物,动漫二次元型
5527,男,18-24岁,音乐|运动|游戏|美食,运动乐活型
5528,男,18岁以下,搞笑|游戏|动漫|音乐,宅文化型
5529,女,40岁以上,学习|搞笑|科技|宠物,进步青年型
5530,男,40岁以上,搞笑|音乐|动漫,宅文化型
5531,男,40岁以上,学习|搞笑|科技,进步青年型
5532,男,18-24岁,美食|生活|运动,生活家型
5533,男,31-40岁,美食|生活|运动|科技,生活家型
5534,女,18岁以下,科技|学习|搞笑|宠物,进步青年型
5535,男,18-24岁,宠物|动漫|学习,动漫二次元型
5536,男,40岁以上,动漫|生活|学习|宠物,动漫二次元型
5537,男,31-40岁,生活|美食,生活家型
5538,男,25-30岁,美食|生活,生活家型
5539,男,25-30岁,宠物|学习,动漫二次元型
5540,男,31-40岁,运动|美食|游戏,运动乐活型
5541,女,31-40岁,生活|运动|美食|科技,生活家型
5542,男,18岁以下,宠物|生活|动漫,动漫二次元型
5543,男,40岁以上,美食|生活|运动|科技,生活家型
5544,女,18岁以下,运动|音乐,运动乐活型
5545,女,25-30岁,生活|科技|运动,生活家型
5546,女,18-24岁,美食|科技,生活家型
5547,女,40岁以上,游戏|音乐,宅文化型
5548,男,25-30岁,游戏|搞笑,宅文化型
5549,男,40岁以上,学习|科技,进步青年型
5550,女,18岁以下,动漫|宠物|生活,动漫二次元型
5551,男,18-24岁,游戏|音乐|动漫,宅文化型
5552,女,31-40岁,游戏|搞笑|动漫,宅文化型
5553,女,18岁以下,宠物|动漫,动漫二次元型
5554,男,18-24岁,游戏|搞笑|音乐|动漫,宅文化型
5555,男,18-24岁,生活|美食|科技|运动,生活家型
5556,男,18-24岁,运动|美食|游戏,运动乐活型
5557,女,40岁以上,学习|科技,进步青年型
5558,男,18岁以下,宠物|生活,动漫二次元型
5559,男,25-30岁,音乐|运动,运动乐活型
5560,女,31-40岁,生活|美食|科技|运动,生活家型
5561,男,40岁以上,美食|运动|科技|生活,生活家型
5562,女,18-24岁,搞笑|游戏,宅文化型
5563,男,25-30岁,动漫|宠物,动漫二次元型
5564,男,18-24岁,美食|生活|运动|科技,生活家型
5565,女,18-24岁,美食|生活|运动|科技,生活家型
5566,男,18岁以下,搞笑|游戏|动漫|音乐,宅文化型
5567,女,18岁以下,生活|美食,生活家型
5568,女,18-24岁,宠物|学习|动漫,动漫二次元型
5569,男,40岁以上,音乐|运动|游戏|美食,运动乐活型
5570,男,18岁以下,游戏|搞笑,宅文化型
5571,女,25-30岁,科技|宠物|学习|搞笑,进步青年型
5572,男,18岁以下,科技|搞笑,进步青年型
5573,女,25-30岁,科技|搞笑|宠物|学习,进步青年型
5574,女,31-40岁,音乐|美食|游戏|运动,运动乐活型
5575,女,18岁以下,游戏|搞笑,宅文化型
5576,男,25-30岁,学习|搞笑|科技,进步青年型
5577,男,18-24岁,美食|生活,生活家型
5578,女,18岁以下,生活|美食,生活家型
5579,男,31-40岁,学习|科技|宠物|搞笑,进步青年型
5580,女,31-40岁,科技|学习,进步青年型
5581,男,40岁以上,科技|学习|搞笑|宠物,进步青年型
5582,女,18岁以下,科技|学习|宠物,进步青年型
5583,女,40岁以上,运动|音乐|游戏|美食,运动乐活型
5584,女,25-30岁,生活|美食,生活家型
5585,男,31-40岁,美食|生活|科技,生活家型
5586,女,31-40岁,音乐|运动|美食|游戏,运动乐活型
5587,男,18-24岁,搞笑|音乐|游戏|动漫,宅文化型
5588,女,18-24岁,宠物|动漫|学习|生活,动漫二次元型
5589,女,18-24岁,科技|宠物|学习|搞笑,进步青年型
5590,男,18岁以下,动漫|学习|生活|宠物,动漫二次元型
5591,男,25-30岁,动漫|学习,动漫二次元型
5592,男,25-30岁,美食|运动|科技,生活家型
5593,女,18-24岁,运动|美食|音乐|游戏,运动乐活型
5594,女,18岁以下,游戏|音乐,宅文化型
5595,女,18岁以下,动漫|宠物|学习,动漫二次元型
5596,女,40岁以上,音乐|运动,运动乐活型
5597,女,18-24岁,音乐|游戏|美食|运动,运动乐活型
5598,男,40岁以上,搞笑|游戏|动漫|音乐,宅文化型
5599,女,18岁以下,运动|音乐|游戏,运动乐活型
5600,男,25-30岁,宠物|动漫|生活|学习,动漫二次元型
5601,男,31-40岁,动漫|宠物|生活|学习,动漫二次元型
5602,男,18-24岁,科技|学习,进步青年型
5603,男,31-40岁,科技|学习|宠物|搞笑,进步青年型
5604,女,31-40岁,美食|生活|运动|科技,生活家型
5605,男,40岁以上,运动|音乐|游戏,运动乐活型
5606,男,18岁以下,音乐|游戏|运动,运动乐活型
5607,男,18-24岁,学习|搞笑,进步青年型
5608,男,31-40岁,科技|宠物|学习|搞笑,进步青年型
5609,女,40岁以上,学习|科技|宠物|搞笑,进步青年型
5610,女,18岁以下,游戏|动漫,宅文化型
5611,男,31-40岁,音乐|运动|游戏|美食,运动乐活型
5612,女,18-24岁,游戏|搞笑|动漫|音乐,宅文化型
5613,女,25-30岁,生活|美食,生活家型
5614,男,18-24岁,运动|美食|游戏,运动乐活型
5615,男,25-30岁,学习|科技|宠物,进步青年型
5616,男,18岁以下,动漫|学习,动漫二次元型
5617,男,31-40岁,宠物|生活|动漫,动漫二次元型
5618,男,18岁以下,运动|音乐|美食|游戏,运动乐活型
5619,女,31-40岁,学习|科技|宠物,进步青年型
5620,女,31-40岁,生活|美食,生活家型
5621,女,31-40岁,美食|运动,生活家型
5622,男,25-30岁,科技|学习|宠物,进步青年型
5623,男,25-30岁,搞笑|游戏|音乐,宅文化型
5624,男,18-24岁,搞笑|音乐|动漫,宅文化型
5625,男,31-40岁,游戏|动漫|搞笑|音乐,宅文化型
5626,男,25-30岁,音乐|运动|美食|游戏,运动乐活型
5627,男,18-24岁,宠物|学习|动漫,动漫二次元型
5628,女,31-40岁,美食|生活,生活家型
5629,男,18岁以下,生活|科技,生活家型
5630,女,31-40岁,科技|学习|宠物|搞笑,进步青年型
5631,女,25-30岁,动漫|宠物|学习,动漫二次元型
5632,女,25-30岁,动漫|宠物|生活,动漫二次元型
5633,男,31-40岁,运动|音乐|美食|游戏,运动乐活型
5634,女,40岁以上,音乐|运动|游戏|美食,运动乐活型
5635,男,18-24岁,动漫|宠物|生活|学习,动漫二次元型
5636,女,40岁以上,搞笑|游戏|动漫,宅文化型
5637,女,18岁以下,美食|运动|生活,生活家型
5638,女,31-40岁,动漫|宠物|生活|学习,动漫二次元型
5639,女,40岁以上,宠物|动漫|学习,动漫二次元型
5640,男,25-30岁,动漫|生活,动漫二次元型
5641,男,40岁以上,运动|音乐,运动乐活型
5642,女,18岁以下,科技|搞笑|学习|宠物,进步青年型
5643,男,18-24岁,生活|美食,生活家型
5644,男,31-40岁,宠物|动漫|生活|学习,动漫二次元型
5645,女,40岁以上,运动|游戏|音乐|美食,运动乐活型
5646,女,40岁以上,美食|运动,生活家型
5647,女,40岁以上,搞笑|音乐|游戏|动漫,宅文化型
5648,男,40岁以上,动漫|生活|宠物,动漫二次元型
5649,男,40岁以上,宠物|学习,动漫二次元型
5650,女,40岁以上,搞笑|游戏,宅文化型
5651,男,18岁以下,音乐|运动|美食|游戏,运动乐活型
5652,男,40岁以上,学习|科技|宠物|搞笑,进步青年型
5653,女,18-24岁,科技|搞笑|宠物,进步青年型
5654,女,18岁以下,生活|运动|科技|美食,生活家型
5655,女,25-30岁,搞笑|游戏|动漫|音乐,宅文化型
5656,男,40岁以上,动漫|学习|宠物|生活,动漫二次元型
5657,男,18岁以下,生活|美食|运动|科技,生活家型
5658,男,25-30岁,美食|科技,生活家型
5659,男,40岁以上,搞笑|游戏|音乐,宅文化型
5660,男,25-30岁,宠物|动漫|学习,动漫二次元型
5661,女,18岁以下,动漫|宠物|生活,动漫二次元型
5662,女,18岁以下,美食|生活|科技|运动,生活家型
5663,女,25-30岁,游戏|动漫|音乐,宅文化型
5664,男,40岁以上,音乐|游戏|美食|运动,运动乐活型
5665,女,40岁以上,美食|生活|运动|科技,生活家型
5666,男,25-30岁,学习|科技|搞笑,进步青年型
5667,男,25-30岁,搞笑|动漫|音乐|游戏,宅文化型
5668,男,18-24岁,运动|游戏|美食|音乐,运动乐活型
5669,男,40岁以上,游戏|搞笑,宅文化型
5670,女,40岁以上,宠物|动漫|生活,动漫二次元型
5671,男,18-24岁,音乐|游戏|运动|美食,运动乐活型
5672,男,31-40岁,宠物|学习|动漫|生活,动漫二次元型
5673,男,25-30岁,动漫|学习|宠物|生活,动漫二次元型
5674,女,25-30岁,生活|运动,生活家型
5675,男,40岁以上,美食|科技|生活,生活家型
5676,男,31-40岁,生活|美食,生活家型
5677,男,40岁以上,游戏|搞笑,宅文化型
5678,男,31-40岁,宠物|动漫|生活|学习,动漫二次元型
5679,男,25-30岁,游戏|动漫|音乐|搞笑,宅文化型
5680,女,18-24岁,运动|游戏,运动乐活型
5681,男,40岁以上,宠物|动漫|学习|生活,动漫二次元型
5682,男,40岁以上,音乐|运动,运动乐活型
5683,女,40岁以上,运动|音乐|美食,运动乐活型
5684,女,40岁以上,音乐|美食,运动乐活型
5685,男,31-40岁,音乐|运动|游戏,运动乐活型
5686,男,40岁以上,宠物|学习|生活,动漫二次元型
5687,女,40岁以上,宠物|动漫|学习,动漫二次元型
5688,女,18-24岁,科技|搞笑,进步青年型
5689,男,31-40岁,音乐|运动,运动乐活型
5690,男,18岁以下,美食|生活|科技,生活家型
5691,男,18-24岁,宠物|动漫,动漫二次元型
5692,男,18-24岁,动漫|学习|宠物,动漫二次元型
5693,男,18-24岁,音乐|美食|游戏|运动,运动乐活型
5694,男,25-30岁,生活|美食,生活家型
5695,女,40岁以上,运动|音乐|美食,运动乐活型
5696,男,40岁以上,动漫|宠物,动漫二次元型
5697,男,31-40岁,生活|科技|运动|美食,生活家型
5698,女,18岁以下,音乐|游戏|运动|美食,运动乐活型
5699,女,18-24岁,动漫|宠物|生活|学习,动漫二次元型
5700,男,40岁以上,美食|生活|科技,生活家型
5701,女,18岁以下,音乐|运动|美食|游戏,运动乐活型
5702,男,31-40岁,生活|美食,生活家型
5703,女,18岁以下,学习|宠物,进步青年型
5704,女,40岁以上,宠物|生活,动漫二次元型
5705,男,31-40岁,游戏|音乐|动漫,宅文化型
5706,男,25-30岁,宠物|动漫|学习|生活,动漫二次元型
5707,男,18岁以下,宠物|动漫|生活,动漫二次元型
5708,女,18岁以下,学习|科技|宠物,进步青年型
5709,女,18岁以下,宠物|学习|动漫|生活,动漫二次元型
5710,男,25-30岁,美食|运动,生活家型
5711,女,18岁以下,运动|美食,运动乐活型
5712,女,40岁以上,游戏|搞笑|音乐,宅文化型
5713,男,18岁以下,生活|美食|科技|运动,生活家型
5714,女,40岁以上,生活|美食,生活家型
5715,女,40岁以上,游戏|搞笑|音乐|动漫,宅文化型
5716,女,40岁以上,生活|美食|科技,生活家型
5717,男,25-30岁,搞笑|游戏|音乐,宅文化型
5718,女,18岁以下,生活|美食,生活家型
5719,女,18岁以下,学习|科技|搞笑|宠物,进步青年型
5720,女,31-40岁,科技|学习|宠物,进步青年型
5721,男,31-40岁,美食|运动|生活,生活家型
5722,女,18岁以下,音乐|美食|运动|游戏,运动乐活型
5723,男,40岁以上,游戏|音乐|动漫|搞笑,宅文化型
5724,女,40岁以上,科技|学习,进步青年型
5725,女,18-24岁,动漫|生活|宠物|学习,动漫二次元型
5726,女,40岁以上,搞笑|游戏,宅文化型
5727,女,40岁以上,游戏|搞笑|动漫|音乐,宅文化型
5728,女,25-30岁,生活|科技|运动|美食,生活家型
5729,女,31-40岁,学习|科技|宠物|搞笑,进步青年型
5730,男,18岁以下,科技|学习|搞笑|宠物,进步青年型
5731,男,18-24岁,宠物|动漫,动漫二次元型
5732,男,18岁以下,音乐|美食|游戏|运动,运动乐活型
5733,男,18岁以下,学习|科技,进步青年型
5734,女,40岁以上,游戏|动漫|音乐|搞笑,宅文化型
5735,男,31-40岁,生活|科技|美食,生活家型
5736,女,25-30岁,生活|美食|科技,生活家型
5737,男,25-30岁,美食|生活|科技,生活家型
5738,女,31-40岁,生活|美食|运动|科技,生活家型
5739,女,18-24岁,音乐|运动|游戏|美食,运动乐活型
5740,女,31-40岁,学习|科技|搞笑|宠物,进步青年型
5741,女,18-24岁,生活|美食|科技,生活家型
5742,男,31-40岁,科技|学习|宠物,进步青年型
5743,女,40岁以上,运动|音乐|美食,运动乐活型
5744,男,31-40岁,生活|美食|科技,生活家型
5745,男,25-30岁,音乐|美食|运动|游戏,运动乐活型
5746,女,18-24岁,宠物|动漫|学习,动漫二次元型
5747,女,40岁以上,动漫|宠物,动漫二次元型
5748,女,25-30岁,科技|学习,进步青年型
5749,男,40岁以上,科技|宠物,进步青年型
5750,男,40岁以上,搞笑|游戏|动漫|音乐,宅文化型
5751,男,25-30岁,学习|科技|宠物|搞笑,进步青年型
5752,男,25-30岁,科技|学习|宠物,进步青年型
5753,女,31-40岁,游戏|搞笑|音乐,宅文化型
5754,男,40岁以上,音乐|运动|美食,运动乐活型
5755,女,25-30岁,宠物|学习|动漫,动漫二次元型
5756,女,40岁以上,学习|宠物|搞笑,进步青年型
5757,女,18岁以下,宠物|动漫,动漫二次元型
5758,女,18-24岁,游戏|动漫,宅文化型
5759,女,31-40岁,运动|音乐,运动乐活型
5760,男,31-40岁,科技|搞笑|宠物,进步青年型
5761,女,18-24岁,学习|科技|宠物|搞笑,进步青年型
5762,男,18岁以下,搞笑|游戏,宅文化型
5763,女,25-30岁,搞笑|游戏,宅文化型
5764,女,31-40岁,动漫|学习,动漫二次元型
5765,男,18岁以下,学习|科技|搞笑|宠物,进步青年型
5766,女,18-24岁,音乐|游戏|运动|美食,运动乐活型
5767,男,18岁以下,学习|科技,进步青年型
5768,女,18岁以下,学习|科技|宠物,进步青年型
5769,男,40岁以上,生活|运动,生活家型
5770,男,31-40岁,学习|宠物|搞笑|科技,进步青年型
5771,男,25-30岁,音乐|美食|游戏,运动乐活型
5772,男,31-40岁,科技|学习|搞笑|宠物,进步青年型
5773,男,25-30岁,科技|学习|搞笑,进步青年型
5774,男,40岁以上,宠物|学习,动漫二次元型
5775,男,18-24岁,宠物|动漫|学习|生活,动漫二次元型
5776,男,31-40岁,运动|游戏|音乐|美食,运动乐活型
5777,男,18岁以下,音乐|游戏,运动乐活型
5778,男,31-40岁,学习|科技|搞笑,进步青年型
5779,男,31-40岁,运动|音乐,运动乐活型
5780,女,31-40岁,美食|生活,生活家型
5781,女,40岁以上,生活|科技|美食,生活家型
5782,男,18岁以下,运动|游戏|美食,运动乐活型
5783,女,40岁以上,学习|科技|宠物,进步青年型
5784,男,25-30岁,音乐|运动|美食,运动乐活型
5785,男,40岁以上,科技|学习|搞笑,进步青年型
5786,男,31-40岁,游戏|搞笑|音乐|动漫,宅文化型
5787,女,18岁以下,美食|生活|科技,生活家型
5788,女,31-40岁,游戏|搞笑|动漫|音乐,宅文化型
5789,男,40岁以上,美食|运动,生活家型
5790,男,18岁以下,学习|科技|宠物|搞笑,进步青年型
5791,女,40岁以上,搞笑|游戏,宅文化型
5792,女,18岁以下,动漫|宠物|生活,动漫二次元型
5793,男,18-24岁,美食|科技|运动,生活家型
5794,男,40岁以上,搞笑|音乐,宅文化型
5795,男,25-30岁,搞笑|音乐|动漫|游戏,宅文化型
5796,男,40岁以上,游戏|搞笑|动漫,宅文化型
5797,女,18岁以下,游戏|搞笑|动漫,宅文化型
5798,男,40岁以上,音乐|美食,运动乐活型
5799,女,25-30岁,动漫|宠物|生活|学习,动漫二次元型
5800,男,25-30岁,科技|学习|搞笑|宠物,进步青年型
5801,男,31-40岁,宠物|动漫|生活,动漫二次元型
5802,女,40岁以上,动漫|宠物,动漫二次元型
5803,女,25-30岁,宠物|动漫|生活|学习,动漫二次元型
5804,男,40岁以上,游戏|音乐,宅文化型
5805,男,18岁以下,音乐|游戏|运动|美食,运动乐活型
5806,男,25-30岁,动漫|宠物,动漫二次元型
5807,女,18岁以下,音乐|美食|游戏|运动,运动乐活型
5808,男,40岁以上,学习|科技,进步青年型
5809,女,31-40岁,宠物|动漫|学习|生活,动漫二次元型
5810,女,18-24岁,运动|音乐|美食,运动乐活型
5811,男,31-40岁,学习|科技|搞笑|宠物,进步青年型
5812,男,25-30岁,科技|学习|宠物,进步青年型
5813,男,25-30岁,生活|美食|运动,生活家型
5814,女,18-24岁,学习|搞笑,进步青年型
5815,男,25-30岁,生活|美食|科技|运动,生活家型
5816,女,18岁以下,生活|美食,生活家型
5817,女,31-40岁,搞笑|游戏|音乐,宅文化型
5818,男,18岁以下,音乐|运动,运动乐活型
5819,男,40岁以上,科技|宠物,进步青年型
5820,女,18-24岁,游戏|搞笑|动漫,宅文化型
5821,女,18-24岁,生活|美食,生活家型
5822,男,40岁以上,生活|美食|科技,生活家型
5823,男,18-24岁,动漫|宠物,动漫二次元型
5824,女,31-40岁,宠物|动漫,动漫二次元型
5825,女,40岁以上,音乐|运动|美食,运动乐活型
5826,女,18岁以下,动漫|宠物|学习|生活,动漫二次元型
5827,男,18-24岁,游戏|搞笑,宅文化型
5828,女,18-24岁,搞笑|游戏|动漫|音乐,宅文化型
5829,男,25-30岁,游戏|搞笑|音乐,宅文化型
5830,女,18-24岁,游戏|搞笑|动漫|音乐,宅文化型
5831,女,25-30岁,宠物|动漫,动漫二次元型
5832,女,40岁以上,动漫|宠物|学习,动漫二次元型
5833,男,18-24岁,美食|生活,生活家型
5834,女,18岁以下,搞笑|动漫|游戏,宅文化型
5835,男,40岁以上,宠物|学习,动漫二次元型
5836,男,18-24岁,运动|音乐|美食|游戏,运动乐活型
5837,男,25-30岁,美食|生活,生活家型
5838,女,18-24岁,运动|美食,运动乐活型
5839,男,31-40岁,科技|学习|宠物|搞笑,进步青年型
5840,女,18岁以下,学习|科技|搞笑,进步青年型
5841,男,40岁以上,运动|游戏,运动乐活型
5842,女,31-40岁,美食|科技|生活|运动,生活家型
5843,男,18岁以下,游戏|搞笑|音乐,宅文化型
5844,男,31-40岁,宠物|动漫,动漫二次元型
5845,男,18岁以下,搞笑|游戏|动漫|音乐,宅文化型
5846,女,18岁以下,搞笑|游戏|动漫|音乐,宅文化型
5847,女,25-30岁,生活|美食|科技,生活家型
5848,女,18岁以下,科技|学习,进步青年型
5849,女,40岁以上,美食|生活,生活家型
5850,男,40岁以上,搞笑|游戏,宅文化型
5851,男,18-24岁,生活|科技|美食|运动,生活家型
5852,男,40岁以上,搞笑|动漫,宅文化型
5853,女,18岁以下,运动|音乐|游戏,运动乐活型
5854,男,18-24岁,音乐|运动|美食|游戏,运动乐活型
5855,女,25-30岁,搞笑|音乐|动漫,宅文化型
5856,女,40岁以上,美食|运动,生活家型
5857,男,18-24岁,宠物|动漫,动漫二次元型
5858,男,40岁以上,学习|搞笑|科技|宠物,进步青年型
5859,女,18-24岁,音乐|运动|美食,运动乐活型
5860,女,31-40岁,生活|科技|运动,生活家型
5861,男,18岁以下,音乐|运动,运动乐活型
5862,女,31-40岁,学习|科技|搞笑,进步青年型
5863,男,18-24岁,宠物|动漫|学习|生活,动漫二次元型
5864,女,40岁以上,动漫|宠物|学习,动漫二次元型
5865,女,40岁以上,游戏|搞笑|音乐|动漫,宅文化型
5866,女,40岁以上,运动|音乐|游戏|美食,运动乐活型
5867,男,25-30岁,生活|美食|科技,生活家型
5868,女,40岁以上,宠物|动漫,动漫二次元型
5869,男,18岁以下,生活|美食|运动,生活家型
5870,女,18-24岁,音乐|美食|游戏,运动乐活型
5871,男,18岁以下,生活|科技|运动,生活家型
5872,男,40岁以上,学习|科技|宠物|搞笑,进步青年型
5873,女,40岁以上,运动|游戏,运动乐活型
5874,女,31-40岁,学习|科技|宠物|搞笑,进步青年型
5875,男,31-40岁,美食|生活,生活家型
5876,男,40岁以上,音乐|运动,运动乐活型
5877,男,25-30岁,搞笑|游戏|动漫,宅文化型
5878,男,18岁以下,游戏|搞笑|动漫|音乐,宅文化型
5879,男,40岁以上,动漫|宠物|学习,动漫二次元型
5880,男,40岁以上,宠物|动漫|学习,动漫二次元型
5881,男,31-40岁,宠物|动漫|学习|生活,动漫二次元型
5882,女,40岁以上,运动|音乐|美食,运动乐活型
5883,女,31-40岁,游戏|动漫|搞笑|音乐,宅文化型
5884,男,18岁以下,美食|运动,生活家型
5885,女,31-40岁,美食|生活,生活家型
5886,女,25-30岁,学习|宠物|科技,进步青年型
5887,女,18-24岁,宠物|动漫|学习,动漫二次元型
5888,男,25-30岁,运动|音乐|游戏|美食,运动乐活型
5889,女,31-40岁,运动|音乐|美食|游戏,运动乐活型
5890,女,40岁以上,学习|科技|宠物|搞笑,进步青年型
5891,女,25-30岁,科技|学习|宠物|搞笑,进步青年型
5892,女,25-30岁,运动|音乐,运动乐活型
5893,男,18-24岁,搞笑|游戏|动漫|音乐,宅文化型
5894,女,40岁以上,学习|科技,进步青年型
5895,男,18-24岁,宠物|生活|学习,动漫二次元型
5896,女,31-40岁,美食|生活|科技|运动,生活家型
5897,男,31-40岁,搞笑|动漫|音乐,宅文化型
5898,男,31-40岁,生活|运动|美食,生活家型
5899,女,18-24岁,生活|科技|运动,生活家型
5900,女,40岁以上,宠物|动漫,动漫二次元型
5901,女,31-40岁,搞笑|游戏,宅文化型
5902,女,25-30岁,宠物|动漫|学习,动漫二次元型
5903,女,18岁以下,搞笑|游戏|音乐,宅文化型
5904,女,18-24岁,科技|学习|搞笑,进步青年型
5905,男,25-30岁,学习|科技,进步青年型
5906,男,18岁以下,游戏|搞笑|音乐,宅文化型
5907,女,18岁以下,生活|美食|运动|科技,生活家型
5908,女,18岁以下,科技|学习|宠物,进步青年型
5909,女,18岁以下,美食|运动|生活,生活家型
5910,女,40岁以上,游戏|搞笑,宅文化型
5911,男,31-40岁,音乐|美食|游戏,运动乐活型
5912,男,18岁以下,游戏|搞笑|音乐|动漫,宅文化型
5913,女,25-30岁,运动|游戏|美食|音乐,运动乐活型
5914,男,18-24岁,动漫|宠物,动漫二次元型
5915,男,18岁以下,学习|科技|宠物,进步青年型
5916,男,18岁以下,音乐|游戏|运动|美食,运动乐活型
5917,女,18岁以下,学习|搞笑|科技|宠物,进步青年型
5918,男,31-40岁,运动|音乐|游戏|美食,运动乐活型
5919,男,18-24岁,生活|科技,生活家型
5920,男,25-30岁,宠物|学习,动漫二次元型
5921,男,40岁以上,音乐|运动|游戏|美食,运动乐活型
5922,男,40岁以上,美食|运动|科技,生活家型
5923,男,18-24岁,游戏|动漫|搞笑,宅文化型
5924,女,31-40岁,动漫|宠物,动漫二次元型
5925,男,25-30岁,生活|美食|运动|科技,生活家型
5926,男,18岁以下,宠物|学习|生活,动漫二次元型
5927,男,31-40岁,宠物|学习|生活|动漫,动漫二次元型
5928,女,40岁以上,运动|音乐|游戏,运动乐活型
5929,女,31-40岁,游戏|搞笑|音乐|动漫,宅文化型
5930,男,31-40岁,音乐|运动|游戏,运动乐活型
5931,女,18岁以下,宠物|动漫|生活,动漫二次元型
5932,男,40岁以上,搞笑|音乐|动漫,宅文化型
5933,女,40岁以上,学习|科技|搞笑|宠物,进步青年型
5934,男,25-30岁,美食|生活|科技,生活家型
5935,女,40岁以上,科技|学习|宠物,进步青年型
5936,男,40岁以上,音乐|运动|游戏,运动乐活型
5937,女,31-40岁,运动|美食|游戏,运动乐活型
5938,女,18岁以下,宠物|学习|动漫,动漫二次元型
5939,女,31-40岁,美食|生活|运动,生活家型
5940,女,40岁以上,生活|科技|运动,生活家型
5941,男,18-24岁,美食|生活|科技,生活家型
5942,女,25-30岁,生活|美食|运动|科技,生活家型
5943,男,31-40岁,运动|音乐|游戏,运动乐活型
5944,女,18-24岁,游戏|搞笑|动漫|音乐,宅文化型
5945,男,31-40岁,运动|音乐|游戏,运动乐活型
5946,男,25-30岁,生活|美食,生活家型
5947,女,31-40岁,搞笑|动漫|音乐|游戏,宅文化型
5948,女,18-24岁,音乐|运动,运动乐活型
5949,男,25-30岁,生活|美食,生活家型
5950,女,25-30岁,学习|宠物,进步青年型
5951,男,40岁以上,运动|美食|音乐|游戏,运动乐活型
5952,男,31-40岁,动漫|学习|宠物|生活,动漫二次元型
5953,男,40岁以上,搞笑|游戏|动漫,宅文化型
5954,女,40岁以上,美食|生活,生活家型
5955,女,18-24岁,宠物|动漫,动漫二次元型
5956,男,40岁以上,科技|学习|宠物|搞笑,进步青年型
5957,女,18岁以下,游戏|搞笑|动漫,宅文化型
5958,男,40岁以上,科技|搞笑|宠物,进步青年型
5959,男,18岁以下,美食|科技|运动|生活,生活家型
5960,男,31-40岁,学习|宠物|科技|搞笑,进步青年型
5961,女,25-30岁,生活|科技|美食,生活家型
5962,男,40岁以上,宠物|动漫|生活,动漫二次元型
5963,女,25-30岁,搞笑|游戏|动漫|音乐,宅文化型
5964,女,31-40岁,学习|科技|搞笑|宠物,进步青年型
5965,男,18-24岁,学习|科技|宠物|搞笑,进步青年型
5966,男,40岁以上,音乐|运动|游戏|美食,运动乐活型
5967,男,25-30岁,游戏|搞笑|音乐,宅文化型
5968,男,40岁以上,科技|学习|搞笑|宠物,进步青年型
5969,女,40岁以上,科技|学习,进步青年型
5970,女,18岁以下,宠物|生活,动漫二次元型
5971,女,31-40岁,游戏|音乐|搞笑|动漫,宅文化型
5972,男,18-24岁,宠物|学习|动漫|生活,动漫二次元型
5973,男,40岁以上,搞笑|游戏|动漫,宅文化型
5974,男,31-40岁,动漫|宠物|生活,动漫二次元型
5975,男,18-24岁,运动|音乐|游戏|美食,运动乐活型
5976,男,40岁以上,宠物|学习|动漫|生活,动漫二次元型
5977,男,40岁以上,运动|音乐,运动乐活型
5978,女,18-24岁,音乐|运动|美食|游戏,运动乐活型
5979,男,18-24岁,音乐|游戏|运动,运动乐活型
5980,女,25-30岁,运动|音乐|游戏,运动乐活型
5981,男,40岁以上,音乐|运动|游戏,运动乐活型
5982,男,18岁以下,宠物|生活,动漫二次元型
5983,男,31-40岁,美食|科技|运动|生活,生活家型
5984,男,31-40岁,运动|音乐,运动乐活型
5985,女,31-40岁,生活|科技|运动,生活家型
5986,女,31-40岁,宠物|动漫,动漫二次元型
5987,女,25-30岁,运动|音乐|美食|游戏,运动乐活型
5988,男,18-24岁,美食|运动|生活|科技,生活家型
5989,男,31-40岁,学习|科技,进步青年型
5990,男,18岁以下,运动|美食,运动乐活型
5991,男,25-30岁,动漫|宠物|生活|学习,动漫二次元型
5992,男,40岁以上,运动|音乐|美食,运动乐活型
5993,男,25-30岁,动漫|宠物|学习|生活,动漫二次元型
5994,女,25-30岁,游戏|搞笑|动漫|音乐,宅文化型
5995,男,18-24岁,学习|搞笑,进步青年型
5996,女,18岁以下,科技|搞笑|学习,进步青年型
5997,女,40岁以上,科技|学习,进步青年型
5998,女,18-24岁,生活|美食|科技|运动,生活家型
5999,女,18岁以下,游戏|搞笑|音乐|动漫,宅文化型
6000,女,40岁以上,美食|生活|运动|科技,生活家型
6001,女,31-40岁,生活|美食,生活家型
6002,男,18-24岁,动漫|生活|宠物|学习,动漫二次元型
6003,女,31-40岁,音乐|运动,运动乐活型
6004,男,31-40岁,宠物|动漫|生活|学习,动漫二次元型
6005,女,31-40岁,科技|学习,进步青年型
6006,女,40岁以上,美食|生活|运动,生活家型
6007,女,31-40岁,音乐|美食|游戏,运动乐活型
6008,女,18-24岁,运动|美食,运动乐活型
6009,男,25-30岁,运动|美食|音乐,运动乐活型
6010,女,40岁以上,搞笑|游戏|音乐,宅文化型
6011,男,40岁以上,科技|学习|宠物|搞笑,进步青年型
6012,女,25-30岁,搞笑|游戏|音乐|动漫,宅文化型
6013,女,18-24岁,运动|游戏,运动乐活型
6014,女,18岁以下,生活|美食|科技|运动,生活家型
6015,男,18-24岁,动漫|生活|宠物,动漫二次元型
6016,男,31-40岁,游戏|搞笑|音乐,宅文化型
6017,女,18-24岁,科技|宠物|学习,进步青年型
6018,男,40岁以上,科技|宠物|学习,进步青年型
6019,男,40岁以上,动漫|学习|生活,动漫二次元型
6020,女,31-40岁,音乐|美食|运动,运动乐活型
6021,女,18-24岁,学习|搞笑|宠物|科技,进步青年型
6022,男,40岁以上,美食|生活|科技|运动,生活家型
6023,女,18-24岁,音乐|美食|游戏,运动乐活型
6024,男,25-30岁,音乐|运动|游戏,运动乐活型
6025,女,40岁以上,科技|学习|搞笑,进步青年型
6026,女,40岁以上,动漫|宠物,动漫二次元型
6027,男,31-40岁,运动|音乐,运动乐活型
6028,女,25-30岁,美食|生活|运动|科技,生活家型
6029,男,18-24岁,宠物|学习,动漫二次元型
6030,女,25-30岁,美食|科技,生活家型
6031,男,31-40岁,美食|运动,生活家型
6032,女,40岁以上,生活|美食|运动,生活家型
6033,女,31-40岁,动漫|宠物,动漫二次元型
6034,男,31-40岁,游戏|搞笑,宅文化型
6035,男,31-40岁,动漫|宠物|生活|学习,动漫二次元型
6036,男,18岁以下,科技|学习,进步青年型
6037,女,18岁以下,学习|科技|宠物|搞笑,进步青年型
6038,男,25-30岁,生活|美食,生活家型
6039,女,25-30岁,音乐|运动,运动乐活型
6040,男,25-30岁,音乐|美食,运动乐活型
6041,男,31-40岁,游戏|音乐|动漫,宅文化型
6042,男,18岁以下,生活|美食|科技,生活家型
6043,男,31-40岁,音乐|运动,运动乐活型
6044,男,18岁以下,搞笑|游戏,宅文化型
6045,男,18岁以下,搞笑|游戏,宅文化型
6046,女,18岁以下,科技|学习|搞笑,进步青年型
6047,男,40岁以上,音乐|运动,运动乐活型
6048,男,18岁以下,游戏|搞笑|动漫,宅文化型
6049,男,18岁以下,游戏|搞笑,宅文化型
6050,男,31-40岁,学习|科技,进步青年型
6051,女,18-24岁,美食|运动|生活|科技,生活家型
6052,女,40岁以上,运动|音乐|游戏|美食,运动乐活型
6053,男,25-30岁,音乐|运动|游戏|美食,运动乐活型
6054,女,40岁以上,宠物|动漫,动漫二次元型
6055,男,25-30岁,运动|音乐|美食|游戏,运动乐活型
6056,女,18岁以下,宠物|动漫|学习|生活,动漫二次元型
6057,女,18-24岁,学习|宠物,进步青年型
6058,女,18岁以下,动漫|宠物|生活,动漫二次元型
6059,女,40岁以上,运动|音乐|美食,运动乐活型
6060,男,18岁以下,运动|音乐|美食,运动乐活型
6061,男,18岁以下,搞笑|游戏,宅文化型
6062,男,18-24岁,游戏|搞笑|音乐,宅文化型
6063,女,18岁以下,学习|宠物|科技|搞笑,进步青年型
6064,女,31-40岁,运动|美食|游戏,运动乐活型
6065,女,18-24岁,宠物|动漫,动漫二次元型
6066,男,18-24岁,生活|科技|运动,生活家型
6067,男,25-30岁,动漫|学习|生活,动漫二次元型
6068,男,18岁以下,生活|美食,生活家型
6069,女,31-40岁,美食|运动,生活家型
6070,男,18岁以下,生活|运动,生活家型
6071,女,18岁以下,生活|美食|运动|科技,生活家型
6072,女,40岁以上,宠物|动漫,动漫二次元型
6073,女,25-30岁,运动|音乐|游戏,运动乐活型
6074,男,18-24岁,音乐|运动|游戏|美食,运动乐活型
6075,女,25-30岁,搞笑|游戏|动漫|音乐,宅文化型
6076,女,18-24岁,搞笑|动漫,宅文化型
6077,女,18-24岁,宠物|生活,动漫二次元型
6078,男,18-24岁,学习|搞笑|科技,进步青年型
6079,女,18岁以下,动漫|生活,动漫二次元型
6080,男,40岁以上,学习|科技|搞笑|宠物,进步青年型
6081,女,25-30岁,生活|美食|科技,生活家型
6082,男,40岁以上,动漫|学习,动漫二次元型
6083,女,40岁以上,科技|宠物|学习|搞笑,进步青年型
6084,男,18岁以下,运动|音乐,运动乐活型
6085,男,31-40岁,科技|学习,进步青年型
6086,女,18-24岁,音乐|游戏,运动乐活型
6087,男,18岁以下,音乐|运动|游戏,运动乐活型
6088,男,18岁以下,宠物|动漫|学习|生活,动漫二次元型
6089,男,18-24岁,生活|美食,生活家型
6090,女,18-24岁,游戏|搞笑,宅文化型
6091,女,40岁以上,宠物|学习,动漫二次元型
6092,男,25-30岁,宠物|学习|动漫|生活,动漫二次元型
6093,男,18岁以下,动漫|宠物|生活,动漫二次元型
6094,女,25-30岁,搞笑|音乐|动漫,宅文化型
6095,男,25-30岁,游戏|搞笑|音乐,宅文化型
6096,女,31-40岁,生活|美食|科技|运动,生活家型
6097,男,18岁以下,生活|美食|科技,生活家型
6098,男,18-24岁,动漫|宠物,动漫二次元型
6099,女,18岁以下,学习|搞笑|宠物|科技,进步青年型
6100,男,18岁以下,搞笑|动漫|游戏|音乐,宅文化型
6101,男,40岁以上,动漫|宠物|学习,动漫二次元型
6102,女,25-30岁,宠物|学习,动漫二次元型
6103,女,18-24岁,生活|运动,生活家型
6104,女,18-24岁,搞笑|游戏|动漫,宅文化型
6105,女,40岁以上,宠物|生活|动漫|学习,动漫二次元型
6106,男,25-30岁,生活|美食|科技,生活家型
6107,男,31-40岁,动漫|生活,动漫二次元型
6108,男,18岁以下,美食|运动|科技|生活,生活家型
6109,女,25-30岁,学习|宠物|科技|搞笑,进步青年型
6110,女,18岁以下,音乐|美食|游戏|运动,运动乐活型
6111,女,18-24岁,游戏|音乐|动漫,宅文化型
6112,男,25-30岁,搞笑|动漫,宅文化型
6113,男,25-30岁,搞笑|游戏|音乐|动漫,宅文化型
6114,女,18-24岁,动漫|宠物|学习|生活,动漫二次元型
6115,男,25-30岁,游戏|动漫,宅文化型
6116,男,25-30岁,搞笑|游戏,宅文化型
6117,男,40岁以上,游戏|动漫|音乐,宅文化型
6118,女,31-40岁,宠物|动漫|学习,动漫二次元型
6119,男,18岁以下,动漫|宠物,动漫二次元型
6120,男,31-40岁,搞笑|音乐|动漫,宅文化型
6121,女,40岁以上,搞笑|游戏,宅文化型
6122,男,25-30岁,运动|音乐,运动乐活型
6123,男,25-30岁,游戏|搞笑,宅文化型
6124,男,18岁以下,美食|生活|运动,生活家型
6125,女,31-40岁,运动|音乐|美食|游戏,运动乐活型
6126,女,31-40岁,游戏|动漫|搞笑,宅文化型
6127,女,31-40岁,生活|科技|运动,生活家型
6128,女,18岁以下,游戏|搞笑|音乐,宅文化型
6129,女,40岁以上,生活|运动|美食,生活家型
6130,男,18-24岁,科技|学习|宠物|搞笑,进步青年型
6131,女,25-30岁,宠物|动漫|生活,动漫二次元型
6132,男,25-30岁,美食|生活|运动|科技,生活家型
6133,男,18-24岁,科技|学习|搞笑,进步青年型
6134,男,18岁以下,学习|科技|宠物|搞笑,进步青年型
6135,男,40岁以上,学习|科技,进步青年型
6136,男,18岁以下,游戏|搞笑|动漫,宅文化型
6137,女,25-30岁,游戏|搞笑|音乐,宅文化型
6138,男,40岁以上,搞笑|游戏|动漫|音乐,宅文化型
6139,男,31-40岁,宠物|生活|学习,动漫二次元型
6140,女,40岁以上,动漫|宠物|学习,动漫二次元型
6141,男,18-24岁,生活|美食|运动|科技,生活家型
6142,女,40岁以上,游戏|搞笑,宅文化型
6143,男,25-30岁,动漫|宠物|学习,动漫二次元型
6144,男,31-40岁,美食|生活|科技|运动,生活家型
6145,女,25-30岁,生活|美食|运动|科技,生活家型
6146,男,18-24岁,学习|科技,进步青年型
6147,男,18岁以下,运动|音乐|美食|游戏,运动乐活型
6148,男,18岁以下,美食|科技|生活,生活家型
6149,男,40岁以上,运动|游戏|美食,运动乐活型
6150,女,18岁以下,科技|学习,进步青年型
6151,男,25-30岁,科技|学习,进步青年型
6152,女,18-24岁,宠物|动漫,动漫二次元型
6153,男,18-24岁,生活|美食,生活家型
6154,男,31-40岁,搞笑|游戏|音乐,宅文化型
6155,男,18岁以下,游戏|搞笑,宅文化型
6156,女,25-30岁,生活|美食,生活家型
6157,女,25-30岁,游戏|音乐|动漫,宅文化型
6158,女,31-40岁,美食|生活|运动,生活家型
6159,女,18岁以下,美食|生活|科技,生活家型
6160,女,18-24岁,科技|学习|宠物|搞笑,进步青年型
6161,男,25-30岁,学习|宠物,进步青年型
6162,女,31-40岁,运动|游戏|音乐,运动乐活型
6163,女,18岁以下,美食|生活,生活家型
6164,女,18-24岁,科技|学习,进步青年型
6165,男,31-40岁,宠物|动漫|学习|生活,动漫二次元型
6166,男,40岁以上,动漫|生活|宠物,动漫二次元型
6167,女,25-30岁,生活|美食,生活家型
6168,女,18-24岁,宠物|动漫,动漫二次元型
6169,男,31-40岁,动漫|宠物,动漫二次元型
6170,女,40岁以上,生活|运动|美食|科技,生活家型
6171,男,18-24岁,游戏|搞笑|音乐,宅文化型
6172,男,25-30岁,宠物|动漫|学习,动漫二次元型
6173,女,18-24岁,科技|学习|搞笑,进步青年型
6174,女,40岁以上,宠物|动漫,动漫二次元型
6175,女,31-40岁,搞笑|游戏|音乐|动漫,宅文化型
6176,男,40岁以上,生活|美食,生活家型
6177,女,25-30岁,科技|学习|搞笑,进步青年型
6178,女,40岁以上,搞笑|游戏,宅文化型
6179,男,40岁以上,游戏|搞笑|音乐|动漫,宅文化型
6180,女,25-30岁,搞笑|游戏|动漫,宅文化型
6181,男,40岁以上,宠物|动漫|生活,动漫二次元型
6182,女,18-24岁,学习|宠物|科技,进步青年型
6183,女,18岁以下,音乐|美食|运动|游戏,运动乐活型
6184,男,18岁以下,动漫|宠物|学习,动漫二次元型
6185,女,18岁以下,宠物|动漫|学习,动漫二次元型
6186,男,18-24岁,搞笑|游戏|音乐|动漫,宅文化型
6187,女,18-24岁,宠物|学习|生活,动漫二次元型
6188,男,18岁以下,宠物|生活,动漫二次元型
6189,男,18岁以下,运动|游戏|美食|音乐,运动乐活型
6190,女,18-24岁,运动|音乐,运动乐活型
6191,女,31-40岁,搞笑|游戏,宅文化型
6192,男,31-40岁,生活|美食|科技,生活家型
6193,男,40岁以上,动漫|宠物,动漫二次元型
6194,男,18岁以下,游戏|搞笑,宅文化型
6195,男,40岁以上,美食|生活,生活家型
6196,女,40岁以上,科技|学习|宠物,进步青年型
6197,女,40岁以上,搞笑|游戏|动漫|音乐,宅文化型
6198,男,18-24岁,动漫|宠物|生活|学习,动漫二次元型
6199,男,40岁以上,宠物|生活|学习|动漫,动漫二次元型
6200,男,31-40岁,动漫|生活,动漫二次元型
6201,女,40岁以上,动漫|宠物,动漫二次元型
6202,女,18岁以下,科技|搞笑|学习|宠物,进步青年型
6203,女,25-30岁,学习|搞笑|科技|宠物,进步青年型
6204,女,18岁以下,科技|学习|搞笑|宠物,进步青年型
6205,男,31-40岁,科技|搞笑|宠物|学习,进步青年型
6206,女,18-24岁,游戏|搞笑|音乐|动漫,宅文化型
6207,男,18-24岁,学习|宠物|科技|搞笑,进步青年型
6208,男,18-24岁,搞笑|游戏,宅文化型
6209,男,40岁以上,美食|生活|运动,生活家型
6210,女,40岁以上,生活|美食|科技,生活家型
6211,男,18-24岁,搞笑|游戏|动漫|音乐,宅文化型
6212,女,25-30岁,运动|音乐,运动乐活型
6213,女,31-40岁,游戏|搞笑|动漫,宅文化型
6214,女,18岁以下,游戏|搞笑|音乐|动漫,宅文化型
6215,女,40岁以上,动漫|学习|生活|宠物,动漫二次元型
6216,女,18-24岁,运动|音乐|美食,运动乐活型
6217,男,18-24岁,美食|生活,生活家型
6218,女,18岁以下,搞笑|音乐|动漫,宅文化型
6219,女,18岁以下,游戏|音乐|搞笑|动漫,宅文化型
6220,女,31-40岁,动漫|宠物|生活,动漫二次元型
6221,女,31-40岁,生活|美食|科技,生活家型
6222,男,40岁以上,音乐|运动,运动乐活型
6223,男,18-24岁,搞笑|游戏|动漫,宅文化型
6224,男,18岁以下,搞笑|游戏|音乐|动漫,宅文化型
6225,女,25-30岁,音乐|美食|游戏,运动乐活型
6226,女,18岁以下,科技|学习|搞笑|宠物,进步青年型
6227,女,18岁以下,运动|音乐|游戏,运动乐活型
6228,女,18岁以下,动漫|宠物|学习|生活,动漫二次元型
6229,女,18-24岁,动漫|宠物|生活|学习,动漫二次元型
6230,男,25-30岁,学习|科技|宠物|搞笑,进步青年型
6231,女,25-30岁,游戏|搞笑|音乐|动漫,宅文化型
6232,女,18岁以下,搞笑|游戏,宅文化型
6233,女,18-24岁,游戏|搞笑|动漫|音乐,宅文化型
6234,女,18岁以下,音乐|游戏|运动,运动乐活型
6235,女,40岁以上,科技|搞笑|学习|宠物,进步青年型
6236,女,18-24岁,美食|生活,生活家型
6237,女,31-40岁,搞笑|游戏|音乐,宅文化型
6238,男,25-30岁,动漫|学习|宠物,动漫二次元型
6239,女,31-40岁,美食|生活,生活家型
6240,男,18岁以下,音乐|运动|游戏|美食,运动乐活型
6241,女,25-30岁,游戏|搞笑|动漫,宅文化型
6242,男,25-30岁,运动|音乐|美食|游戏,运动乐活型
6243,女,25-30岁,动漫|宠物,动漫二次元型
6244,男,18-24岁,宠物|生活|动漫,动漫二次元型
6245,男,40岁以上,美食|生活,生活家型
6246,女,31-40岁,运动|音乐,运动乐活型
6247,男,18岁以下,游戏|动漫,宅文化型
6248,女,31-40岁,运动|美食|游戏|音乐,运动乐活型
6249,女,18岁以下,宠物|动漫|学习|生活,动漫二次元型
6250,女,25-30岁,生活|运动|美食|科技,生活家型
6251,男,31-40岁,美食|生活,生活家型
6252,女,31-40岁,运动|音乐,运动乐活型
6253,男,31-40岁,运动|音乐|游戏|美食,运动乐活型
6254,男,18-24岁,科技|学习|搞笑,进步青年型
6255,男,18岁以下,美食|科技,生活家型
6256,男,31-40岁,学习|科技|搞笑|宠物,进步青年型
6257,女,40岁以上,生活|运动|美食|科技,生活家型
6258,男,18岁以下,学习|宠物,进步青年型
6259,男,25-30岁,美食|生活|科技|运动,生活家型
6260,女,18岁以下,游戏|搞笑|动漫,宅文化型
6261,男,25-30岁,音乐|运动|美食,运动乐活型
6262,女,18-24岁,学习|科技|搞笑,进步青年型
6263,女,18-24岁,音乐|运动,运动乐活型
6264,男,18-24岁,美食|科技,生活家型
6265,男,31-40岁,宠物|生活|动漫|学习,动漫二次元型
6266,女,25-30岁,音乐|游戏|美食|运动,运动乐活型
6267,男,40岁以上,游戏|搞笑|音乐,宅文化型
6268,男,40岁以上,宠物|动漫|生活|学习,动漫二次元型
6269,女,18岁以下,音乐|美食|运动,运动乐活型
6270,男,18-24岁,科技|学习|宠物,进步青年型
6271,女,31-40岁,科技|搞笑,进步青年型
6272,女,25-30岁,搞笑|动漫|音乐|游戏,宅文化型
6273,男,40岁以上,学习|科技|宠物|搞笑,进步青年型
6274,男,31-40岁,游戏|音乐|动漫|搞笑,宅文化型
6275,男,18岁以下,搞笑|游戏|音乐|动漫,宅文化型
6276,男,40岁以上,音乐|运动,运动乐活型
6277,男,40岁以上,学习|科技|搞笑|宠物,进步青年型
6278,男,31-40岁,学习|宠物|科技|搞笑,进步青年型
6279,男,40岁以上,宠物|动漫,动漫二次元型
6280,男,18岁以下,宠物|生活,动漫二次元型
6281,男,18岁以下,生活|美食|运动,生活家型
6282,男,25-30岁,动漫|宠物|学习|生活,动漫二次元型
6283,男,18岁以下,音乐|运动|游戏,运动乐活型
6284,女,25-30岁,宠物|生活|学习|动漫,动漫二次元型
6285,女,25-30岁,学习|科技,进步青年型
6286,女,18岁以下,科技|学习|搞笑,进步青年型
6287,女,18-24岁,动漫|宠物|生活,动漫二次元型
6288,女,40岁以上,动漫|宠物,动漫二次元型
6289,男,25-30岁,美食|生活,生活家型
6290,女,18-24岁,搞笑|动漫|游戏,宅文化型
6291,女,31-40岁,运动|音乐|美食|游戏,运动乐活型
6292,男,40岁以上,游戏|动漫,宅文化型
6293,女,18-24岁,学习|科技|搞笑,进步青年型
6294,男,18岁以下,运动|音乐,运动乐活型
6295,女,25-30岁,搞笑|游戏,宅文化型
6296,女,31-40岁,运动|游戏|音乐|美食,运动乐活型
6297,男,18岁以下,宠物|动漫|生活|学习,动漫二次元型
6298,男,40岁以上,科技|学习,进步青年型
6299,男,25-30岁,宠物|动漫|学习,动漫二次元型
6300,男,18-24岁,搞笑|动漫|音乐|游戏,宅文化型
6301,男,18-24岁,生活|运动|科技|美食,生活家型
6302,男,31-40岁,学习|科技|宠物,进步青年型
6303,男,18-24岁,美食|生活,生活家型
6304,男,25-30岁,学习|科技|宠物|搞笑,进步青年型
6305,男,31-40岁,生活|美食|科技,生活家型
6306,男,25-30岁,宠物|动漫|学习|生活,动漫二次元型
6307,女,31-40岁,美食|生活|科技,生活家型
6308,男,18岁以下,宠物|生活,动漫二次元型
6309,男,25-30岁,科技|学习|宠物,进步青年型
6310,女,31-40岁,学习|科技,进步青年型
6311,女,18岁以下,运动|音乐|游戏,运动乐活型
6312,男,18岁以下,科技|搞笑,进步青年型
6313,女,31-40岁,音乐|美食|运动|游戏,运动乐活型
6314,女,18-24岁,生活|美食|运动|科技,生活家型
6315,男,25-30岁,宠物|学习|动漫|生活,动漫二次元型
6316,男,18岁以下,运动|音乐,运动乐活型
6317,女,40岁以上,音乐|运动,运动乐活型
6318,男,40岁以上,美食|生活|运动|科技,生活家型
6319,男,18-24岁,音乐|运动,运动乐活型
6320,女,18-24岁,生活|美食,生活家型
6321,女,18岁以下,音乐|游戏|运动|美食,运动乐活型
6322,女,18-24岁,搞笑|游戏|音乐|动漫,宅文化型
6323,女,18-24岁,美食|生活,生活家型
6324,男,31-40岁,学习|科技|搞笑,进步青年型
6325,女,18岁以下,游戏|搞笑|动漫,宅文化型
6326,男,40岁以上,运动|音乐|游戏,运动乐活型
6327,男,18-24岁,动漫|宠物|生活|学习,动漫二次元型
6328,男,25-30岁,宠物|生活|学习|动漫,动漫二次元型
6329,女,18-24岁,搞笑|游戏|动漫|音乐,宅文化型
6330,男,25-30岁,美食|生活,生活家型
6331,女,40岁以上,搞笑|游戏,宅文化型
6332,女,31-40岁,音乐|运动,运动乐活型
6333,女,18岁以下,动漫|宠物|生活,动漫二次元型
6334,男,40岁以上,科技|宠物|学习,进步青年型
6335,女,18岁以下,游戏|搞笑|动漫|音乐,宅文化型
6336,男,40岁以上,宠物|学习|生活,动漫二次元型
6337,女,31-40岁,学习|科技|搞笑|宠物,进步青年型
6338,男,18岁以下,音乐|游戏,运动乐活型
6339,男,40岁以上,宠物|生活|学习|动漫,动漫二次元型
6340,男,40岁以上,动漫|宠物|生活|学习,动漫二次元型
6341,女,25-30岁,美食|科技|运动,生活家型
6342,男,25-30岁,运动|音乐,运动乐活型
6343,男,40岁以上,美食|生活|运动,生活家型
6344,女,31-40岁,动漫|宠物|生活|学习,动漫二次元型
6345,女,25-30岁,学习|科技|宠物|搞笑,进步青年型
6346,男,18岁以下,音乐|运动|美食|游戏,运动乐活型
6347,女,40岁以上,搞笑|音乐|游戏,宅文化型
6348,女,40岁以上,美食|生活|运动,生活家型
6349,男,18岁以下,音乐|运动|游戏,运动乐活型
6350,女,18岁以下,学习|搞笑|宠物|科技,进步青年型
6351,女,18岁以下,动漫|生活|宠物,动漫二次元型
6352,男,31-40岁,宠物|动漫|学习,动漫二次元型
6353,男,40岁以上,搞笑|游戏|音乐|动漫,宅文化型
6354,女,31-40岁,学习|科技,进步青年型
6355,男,18岁以下,生活|美食|运动|科技,生活家型
6356,男,18岁以下,科技|学习,进步青年型
6357,女,18-24岁,游戏|搞笑|动漫,宅文化型
6358,男,18-24岁,游戏|动漫|搞笑|音乐,宅文化型
6359,女,18岁以下,动漫|宠物|生活,动漫二次元型
6360,男,40岁以上,音乐|美食,运动乐活型
6361,女,31-40岁,宠物|学习|生活|动漫,动漫二次元型
6362,男,18-24岁,运动|音乐|美食,运动乐活型
6363,男,18岁以下,搞笑|游戏,宅文化型
6364,男,18-24岁,运动|音乐|游戏|美食,运动乐活型
6365,女,18岁以下,学习|搞笑|宠物,进步青年型
6366,男,31-40岁,生活|美食|运动,生活家型
6367,女,40岁以上,学习|科技|宠物|搞笑,进步青年型
6368,女,18岁以下,美食|生活|运动,生活家型
6369,男,31-40岁,美食|生活|运动,生活家型
6370,女,18岁以下,学习|宠物|科技|搞笑,进步青年型
6371,男,40岁以上,搞笑|动漫,宅文化型
6372,女,18-24岁,游戏|动漫|搞笑,宅文化型
6373,女,18-24岁,宠物|生活,动漫二次元型
6374,女,40岁以上,生活|美食|运动,生活家型
6375,男,31-40岁,运动|音乐|游戏,运动乐活型
6376,女,40岁以上,搞笑|音乐,宅文化型
6377,男,31-40岁,生活|运动|美食,生活家型
6378,男,40岁以上,动漫|宠物|生活|学习,动漫二次元型
6379,男,40岁以上,搞笑|游戏,宅文化型
6380,女,25-30岁,美食|生活|运动,生活家型
6381,女,31-40岁,宠物|学习|生活|动漫,动漫二次元型
6382,女,18-24岁,宠物|学习|生活|动漫,动漫二次元型
6383,女,18岁以下,生活|美食,生活家型
6384,男,18岁以下,学习|科技|宠物,进步青年型
6385,男,18-24岁,搞笑|动漫,宅文化型
6386,女,18-24岁,科技|宠物|学习,进步青年型
6387,男,40岁以上,美食|生活|运动|科技,生活家型
6388,女,40岁以上,美食|科技|运动,生活家型
6389,女,31-40岁,科技|宠物|学习,进步青年型
6390,男,25-30岁,美食|运动|科技,生活家型
6391,男,18-24岁,宠物|动漫|生活,动漫二次元型
6392,男,25-30岁,学习|科技|宠物,进步青年型
6393,女,40岁以上,游戏|音乐,宅文化型
6394,女,18-24岁,宠物|动漫|生活|学习,动漫二次元型
6395,男,18-24岁,美食|科技|生活|运动,生活家型
6396,女,31-40岁,游戏|动漫,宅文化型
6397,男,31-40岁,生活|美食|运动,生活家型
6398,男,25-30岁,宠物|动漫|生活|学习,动漫二次元型
6399,女,31-40岁,科技|搞笑,进步青年型
6400,男,18-24岁,搞笑|游戏,宅文化型
6401,女,18-24岁,美食|生活|科技,生活家型
6402,女,18岁以下,学习|搞笑,进步青年型
6403,男,25-30岁,动漫|学习|生活,动漫二次元型
6404,男,18-24岁,宠物|动漫,动漫二次元型
6405,女,31-40岁,搞笑|游戏|动漫,宅文化型
6406,男,18-24岁,游戏|搞笑|动漫,宅文化型
6407,女,18岁以下,动漫|宠物|学习,动漫二次元型
6408,男,31-40岁,动漫|学习,动漫二次元型
6409,女,40岁以上,科技|学习,进步青年型
6410,男,40岁以上,动漫|宠物|学习,动漫二次元型
6411,女,18-24岁,搞笑|音乐|游戏|动漫,宅文化型
6412,女,31-40岁,动漫|宠物|生活,动漫二次元型
6413,男,31-40岁,宠物|生活|学习|动漫,动漫二次元型
6414,女,31-40岁,美食|生活|运动,生活家型
6415,男,31-40岁,科技|学习,进步青年型
6416,女,31-40岁,生活|美食|运动|科技,生活家型
6417,女,18岁以下,生活|美食,生活家型
6418,男,40岁以上,生活|美食,生活家型
6419,男,18-24岁,学习|科技|搞笑,进步青年型
6420,女,18-24岁,学习|搞笑,进步青年型
6421,女,18-24岁,美食|生活|运动|科技,生活家型
6422,女,18岁以下,游戏|搞笑|动漫|音乐,宅文化型
6423,男,25-30岁,生活|美食,生活家型
6424,女,40岁以上,音乐|运动|美食,运动乐活型
6425,女,40岁以上,学习|科技,进步青年型
6426,男,40岁以上,宠物|动漫|生活,动漫二次元型
6427,女,18-24岁,游戏|搞笑,宅文化型
6428,女,18岁以下,美食|运动|科技,生活家型
6429,男,18-24岁,科技|学习,进步青年型
6430,男,25-30岁,学习|搞笑,进步青年型
6431,女,25-30岁,宠物|学习,动漫二次元型
6432,女,40岁以上,生活|美食|运动|科技,生活家型
6433,男,18岁以下,游戏|音乐|动漫|搞笑,宅文化型
6434,女,18-24岁,学习|科技,进步青年型
6435,男,31-40岁,游戏|音乐|动漫|搞笑,宅文化型
6436,女,18岁以下,宠物|动漫,动漫二次元型
6437,男,40岁以上,生活|美食|运动|科技,生活家型
6438,男,18-24岁,学习|科技|搞笑|宠物,进步青年型
6439,男,40岁以上,动漫|宠物|学习|生活,动漫二次元型
6440,男,18-24岁,音乐|游戏|运动|美食,运动乐活型
6441,男,40岁以上,生活|美食,生活家型
6442,女,18岁以下,宠物|动漫,动漫二次元型
6443,男,18岁以下,学习|科技,进步青年型
6444,男,40岁以上,学习|科技|搞笑,进步青年型
6445,女,18岁以下,搞笑|游戏|音乐|动漫,宅文化型
6446,女,18岁以下,音乐|运动|游戏|美食,运动乐活型
6447,男,18岁以下,动漫|宠物,动漫二次元型
6448,女,18岁以下,科技|搞笑|宠物,进步青年型
6449,女,18岁以下,生活|美食|运动|科技,生活家型
6450,男,40岁以上,动漫|宠物|生活|学习,动漫二次元型
6451,女,18-24岁,游戏|音乐|动漫,宅文化型
6452,男,31-40岁,生活|美食,生活家型
6453,女,31-40岁,动漫|宠物,动漫二次元型
6454,女,31-40岁,运动|音乐|美食|游戏,运动乐活型
6455,男,25-30岁,科技|学习,进步青年型
6456,男,31-40岁,科技|学习,进步青年型
6457,女,18岁以下,学习|宠物|搞笑,进步青年型
6458,女,18-24岁,音乐|游戏,运动乐活型
6459,女,40岁以上,生活|科技,生活家型
6460,女,31-40岁,生活|美食|科技,生活家型
6461,男,40岁以上,生活|运动|科技|美食,生活家型
6462,女,40岁以上,美食|运动|科技|生活,生活家型
6463,男,18-24岁,学习|科技|搞笑,进步青年型
6464,女,25-30岁,音乐|运动,运动乐活型
6465,女,18-24岁,美食|运动|生活|科技,生活家型
6466,女,31-40岁,音乐|运动|美食,运动乐活型
6467,男,18-24岁,学习|宠物,进步青年型
6468,男,25-30岁,宠物|动漫|学习|生活,动漫二次元型
6469,男,18岁以下,科技|学习|宠物,进步青年型
6470,女,25-30岁,宠物|动漫|生活,动漫二次元型
6471,男,18-24岁,游戏|搞笑|音乐|动漫,宅文化型
6472,女,18-24岁,搞笑|动漫|游戏|音乐,宅文化型
6473,女,31-40岁,科技|学习,进步青年型
6474,男,40岁以上,美食|生活|运动|科技,生活家型
6475,男,18-24岁,美食|科技|运动,生活家型
6476,男,25-30岁,运动|音乐|美食,运动乐活型
6477,男,25-30岁,生活|运动,生活家型
6478,男,18岁以下,生活|美食,生活家型
6479,男,18-24岁,美食|生活|科技,生活家型
6480,男,31-40岁,音乐|运动|游戏,运动乐活型
6481,男,25-30岁,动漫|宠物|生活,动漫二次元型
6482,女,25-30岁,科技|学习|宠物,进步青年型
6483,男,25-30岁,搞笑|音乐|动漫,宅文化型
6484,女,18岁以下,游戏|搞笑|音乐|动漫,宅文化型
6485,男,31-40岁,搞笑|游戏,宅文化型
6486,女,18岁以下,生活|美食|运动|科技,生活家型
6487,男,18-24岁,音乐|游戏|美食,运动乐活型
6488,女,40岁以上,运动|音乐|游戏|美食,运动乐活型
6489,女,31-40岁,美食|生活,生活家型
6490,男,18-24岁,科技|宠物|搞笑|学习,进步青年型
6491,女,25-30岁,动漫|宠物|生活|学习,动漫二次元型
6492,女,25-30岁,搞笑|游戏|动漫,宅文化型
6493,女,40岁以上,学习|科技,进步青年型
6494,男,18-24岁,游戏|搞笑,宅文化型
6495,男,18-24岁,搞笑|游戏,宅文化型
6496,女,18岁以下,美食|生活|科技,生活家型
6497,女,25-30岁,搞笑|动漫|游戏|音乐,宅文化型
6498,女,18-24岁,科技|学习|搞笑|宠物,进步青年型
6499,男,18-24岁,动漫|宠物,动漫二次元型
6500,男,18-24岁,宠物|学习,动漫二次元型
6501,男,18岁以下,生活|美食|科技|运动,生活家型
6502,男,18-24岁,音乐|运动|美食|游戏,运动乐活型
6503,男,31-40岁,学习|科技|宠物,进步青年型
6504,女,31-40岁,动漫|宠物|学习,动漫二次元型
6505,男,25-30岁,科技|学习|搞笑|宠物,进步青年型
6506,女,25-30岁,游戏|动漫,宅文化型
6507,男,18-24岁,动漫|宠物,动漫二次元型
6508,女,18-24岁,游戏|音乐|搞笑,宅文化型
6509,女,25-30岁,生活|美食|运动,生活家型
6510,女,18-24岁,运动|音乐,运动乐活型
6511,男,18-24岁,运动|游戏,运动乐活型
6512,男,40岁以上,宠物|动漫|学习,动漫二次元型
6513,女,31-40岁,游戏|音乐|搞笑|动漫,宅文化型
6514,女,31-40岁,美食|科技|运动|生活,生活家型
6515,女,25-30岁,搞笑|游戏,宅文化型
6516,女,31-40岁,美食|生活,生活家型
6517,女,18-24岁,音乐|游戏|美食|运动,运动乐活型
6518,男,31-40岁,学习|科技,进步青年型
6519,男,25-30岁,美食|生活|科技,生活家型
6520,女,25-30岁,动漫|宠物|学习,动漫二次元型
6521,女,31-40岁,宠物|动漫,动漫二次元型
6522,女,31-40岁,生活|美食|科技,生活家型
6523,女,31-40岁,科技|学习|宠物|搞笑,进步青年型
6524,女,18岁以下,搞笑|游戏|音乐|动漫,宅文化型
6525,女,18-24岁,科技|学习|搞笑,进步青年型
6526,男,18-24岁,动漫|宠物|学习,动漫二次元型
6527,女,31-40岁,运动|音乐|游戏|美食,运动乐活型
6528,男,25-30岁,游戏|搞笑|动漫,宅文化型
6529,女,18岁以下,美食|生活|科技|运动,生活家型
6530,女,25-30岁,生活|美食|科技|运动,生活家型
6531,男,31-40岁,音乐|美食|游戏|运动,运动乐活型
6532,男,18岁以下,动漫|宠物|生活|学习,动漫二次元型
6533,女,25-30岁,运动|美食|音乐,运动乐活型
6534,女,25-30岁,搞笑|游戏|动漫,宅文化型
6535,男,31-40岁,学习|科技,进步青年型
6536,女,25-30岁,动漫|学习,动漫二次元型
6537,男,31-40岁,宠物|动漫,动漫二次元型
6538,女,40岁以上,宠物|动漫,动漫二次元型
6539,女,18-24岁,动漫|宠物|生活|学习,动漫二次元型
6540,男,18岁以下,动漫|宠物,动漫二次元型
6541,女,40岁以上,运动|音乐|美食|游戏,运动乐活型
6542,女,31-40岁,运动|游戏|美食,运动乐活型
6543,男,31-40岁,科技|搞笑|宠物|学习,进步青年型
6544,女,31-40岁,宠物|生活|动漫|学习,动漫二次元型
6545,女,40岁以上,音乐|游戏,运动乐活型
6546,男,25-30岁,游戏|音乐|搞笑,宅文化型
6547,女,25-30岁,美食|生活,生活家型
6548,男,40岁以上,宠物|动漫,动漫二次元型
6549,男,25-30岁,搞笑|游戏|音乐,宅文化型
6550,女,25-30岁,生活|美食|运动|科技,生活家型
6551,男,40岁以上,生活|运动|科技|美食,生活家型
6552,男,18岁以下,动漫|宠物|学习|生活,动漫二次元型
6553,男,40岁以上,科技|学习,进步青年型
6554,女,25-30岁,动漫|生活|宠物|学习,动漫二次元型
6555,女,31-40岁,动漫|宠物,动漫二次元型
6556,男,25-30岁,动漫|宠物|学习|生活,动漫二次元型
6557,男,40岁以上,运动|音乐|美食,运动乐活型
6558,女,18岁以下,音乐|运动,运动乐活型
6559,男,40岁以上,搞笑|音乐|游戏|动漫,宅文化型
6560,女,18岁以下,动漫|生活,动漫二次元型
6561,男,25-30岁,生活|美食|科技,生活家型
6562,女,25-30岁,科技|学习,进步青年型
6563,男,31-40岁,搞笑|游戏,宅文化型
6564,男,31-40岁,运动|音乐|游戏|美食,运动乐活型
6565,女,40岁以上,游戏|搞笑,宅文化型
6566,女,31-40岁,美食|生活,生活家型
6567,女,25-30岁,搞笑|游戏|音乐|动漫,宅文化型
6568,男,31-40岁,音乐|运动,运动乐活型
6569,男,31-40岁,运动|美食,运动乐活型
6570,男,25-30岁,科技|学习,进步青年型
6571,男,25-30岁,运动|音乐|美食|游戏,运动乐活型
6572,女,18岁以下,美食|生活|科技|运动,生活家型
6573,女,40岁以上,科技|学习|宠物,进步青年型
6574,男,18-24岁,运动|音乐,运动乐活型
6575,男,40岁以上,搞笑|游戏|动漫,宅文化型
6576,女,31-40岁,音乐|运动|美食|游戏,运动乐活型
6577,女,40岁以上,运动|音乐,运动乐活型
6578,女,40岁以上,学习|科技,进步青年型
6579,男,40岁以上,生活|美食,生活家型
6580,男,31-40岁,美食|运动|生活|科技,生活家型
6581,男,18岁以下,生活|美食|科技,生活家型
6582,男,25-30岁,游戏|搞笑|动漫,宅文化型
6583,男,31-40岁,搞笑|游戏|动漫,宅文化型
6584,女,18-24岁,美食|运动|生活|科技,生活家型
6585,女,40岁以上,搞笑|游戏|动漫,宅文化型
6586,男,18-24岁,搞笑|游戏|音乐|动漫,宅文化型
6587,女,25-30岁,运动|音乐,运动乐活型
6588,女,40岁以上,运动|音乐|游戏|美食,运动乐活型
6589,女,25-30岁,生活|美食|科技,生活家型
6590,男,18-24岁,生活|科技|运动|美食,生活家型
6591,女,18-24岁,动漫|宠物,动漫二次元型
6592,女,18-24岁,生活|美食,生活家型
6593,女,40岁以上,美食|生活,生活家型
6594,女,31-40岁,搞笑|音乐,宅文化型
6595,男,31-40岁,生活|美食|科技,生活家型
6596,男,31-40岁,宠物|生活|学习,动漫二次元型
6597,女,40岁以上,音乐|运动,运动乐活型
6598,男,25-30岁,学习|科技|搞笑,进步青年型
6599,女,18岁以下,音乐|运动,运动乐活型
6600,男,18岁以下,美食|科技|生活|运动,生活家型
6601,女,40岁以上,科技|学习|搞笑|宠物,进步青年型
6602,女,40岁以上,宠物|生活|动漫|学习,动漫二次元型
6603,男,18-24岁,生活|美食|运动|科技,生活家型
6604,男,18-24岁,科技|学习|宠物,进步青年型
6605,男,18-24岁,美食|科技|生活,生活家型
6606,女,25-30岁,运动|美食|游戏,运动乐活型
6607,女,18-24岁,学习|科技,进步青年型
6608,男,40岁以上,宠物|动漫|学习,动漫二次元型
6609,男,18岁以下,生活|科技|美食,生活家型
6610,女,40岁以上,搞笑|游戏|动漫|音乐,宅文化型
6611,女,18-24岁,游戏|搞笑|动漫|音乐,宅文化型
6612,女,40岁以上,学习|科技|搞笑|宠物,进步青年型
6613,男,18-24岁,游戏|搞笑|音乐|动漫,宅文化型
6614,男,18岁以下,搞笑|游戏|动漫,宅文化型
6615,男,25-30岁,学习|科技,进步青年型
6616,女,18-24岁,生活|美食,生活家型
6617,女,31-40岁,动漫|宠物,动漫二次元型
6618,女,40岁以上,美食|科技|运动|生活,生活家型
6619,男,31-40岁,科技|学习|搞笑|宠物,进步青年型
6620,男,18-24岁,动漫|宠物|学习,动漫二次元型
6621,男,18岁以下,搞笑|音乐,宅文化型
6622,男,25-30岁,生活|美食|运动|科技,生活家型
6623,女,18岁以下,游戏|搞笑|动漫,宅文化型
6624,女,31-40岁,宠物|学习|生活|动漫,动漫二次元型
6625,男,40岁以上,生活|美食,生活家型
6626,女,18岁以下,科技|学习,进步青年型
6627,女,18-24岁,音乐|运动|美食|游戏,运动乐活型
6628,男,31-40岁,游戏|搞笑,宅文化型
6629,男,18岁以下,美食|生活|科技|运动,生活家型
6630,男,31-40岁,游戏|搞笑|音乐,宅文化型
6631,男,18-24岁,学习|科技|宠物|搞笑,进步青年型
6632,女,31-40岁,生活|运动|美食|科技,生活家型
6633,女,31-40岁,搞笑|动漫,宅文化型
6634,男,25-30岁,学习|科技|搞笑|宠物,进步青年型
6635,男,25-30岁,学习|科技,进步青年型
6636,女,18岁以下,美食|生活|运动,生活家型
6637,男,18岁以下,运动|美食|游戏|音乐,运动乐活型
6638,男,18岁以下,搞笑|音乐,宅文化型
6639,女,25-30岁,美食|生活,生活家型
6640,女,18岁以下,运动|音乐,运动乐活型
6641,女,18岁以下,生活|运动|美食,生活家型
6642,女,31-40岁,生活|运动|美食|科技,生活家型
6643,女,31-40岁,宠物|动漫|生活|学习,动漫二次元型
6644,男,18-24岁,科技|学习|搞笑,进步青年型
6645,女,31-40岁,音乐|运动|美食|游戏,运动乐活型
6646,女,18岁以下,游戏|搞笑|音乐|动漫,宅文化型
6647,女,31-40岁,宠物|动漫|学习|生活,动漫二次元型
6648,女,31-40岁,宠物|动漫,动漫二次元型
6649,男,40岁以上,动漫|宠物|学习,动漫二次元型
6650,女,40岁以上,游戏|搞笑,宅文化型
6651,女,25-30岁,美食|生活|运动|科技,生活家型
6652,女,40岁以上,搞笑|游戏|音乐|动漫,宅文化型
6653,女,40岁以上,搞笑|游戏|音乐,宅文化型
6654,女,31-40岁,音乐|运动|美食|游戏,运动乐活型
6655,男,31-40岁,生活|科技|美食,生活家型
6656,男,25-30岁,搞笑|游戏|动漫|音乐,宅文化型
6657,女,18-24岁,游戏|搞笑|动漫|音乐,宅文化型
6658,女,18-24岁,音乐|美食,运动乐活型
6659,男,18岁以下,生活|美食,生活家型
6660,女,18-24岁,生活|美食,生活家型
6661,女,18-24岁,搞笑|音乐,宅文化型
6662,女,31-40岁,搞笑|动漫,宅文化型
6663,女,25-30岁,音乐|运动,运动乐活型
6664,女,18岁以下,音乐|游戏,运动乐活型
6665,女,18-24岁,美食|生活|运动,生活家型
6666,女,25-30岁,搞笑|游戏|音乐,宅文化型
6667,男,31-40岁,科技|学习,进步青年型
6668,女,18岁以下,美食|生活,生活家型
6669,女,25-30岁,搞笑|游戏|动漫|音乐,宅文化型
6670,女,40岁以上,搞笑|游戏,宅文化型
6671,男,40岁以上,学习|科技|宠物|搞笑,进步青年型
6672,男,25-30岁,搞笑|音乐|游戏,宅文化型
6673,男,18岁以下,学习|宠物|科技,进步青年型
6674,男,18-24岁,科技|宠物,进步青年型
6675,女,31-40岁,音乐|运动|美食|游戏,运动乐活型
6676,女,40岁以上,动漫|宠物|学习|生活,动漫二次元型
6677,男,31-40岁,学习|宠物,进步青年型
6678,男,40岁以上,科技|宠物|搞笑|学习,进步青年型
6679,男,18-24岁,美食|生活|科技,生活家型
6680,男,25-30岁,游戏|搞笑|音乐,宅文化型
6681,女,25-30岁,美食|生活|科技,生活家型
6682,男,18岁以下,运动|音乐,运动乐活型
6683,女,25-30岁,音乐|运动|游戏,运动乐活型
6684,男,18-24岁,音乐|运动|美食|游戏,运动乐活型
6685,女,18岁以下,音乐|运动,运动乐活型
6686,男,18岁以下,搞笑|游戏|音乐|动漫,宅文化型
6687,男,31-40岁,搞笑|游戏|音乐,宅文化型
6688,男,40岁以上,科技|搞笑|学习|宠物,进步青年型
6689,女,31-40岁,学习|科技|搞笑|宠物,进步青年型
6690,女,40岁以上,动漫|学习|生活|宠物,动漫二次元型
6691,女,25-30岁,美食|生活|科技,生活家型
6692,女,18岁以下,宠物|动漫,动漫二次元型
6693,男,40岁以上,游戏|搞笑|动漫|音乐,宅文化型
6694,男,18-24岁,学习|科技|搞笑,进步青年型
6695,男,18岁以下,游戏|音乐,宅文化型
6696,男,40岁以上,搞笑|动漫|游戏|音乐,宅文化型
6697,男,31-40岁,音乐|运动,运动乐活型
6698,女,18岁以下,生活|美食|运动,生活家型
6699,男,18-24岁,搞笑|游戏,宅文化型
6700,女,25-30岁,科技|学习|搞笑|宠物,进步青年型
6701,男,18岁以下,科技|搞笑|宠物,进步青年型
6702,女,40岁以上,游戏|动漫|音乐|搞笑,宅文化型
6703,女,18岁以下,宠物|动漫|生活|学习,动漫二次元型
6704,女,18岁以下,游戏|搞笑|音乐,宅文化型
6705,女,18岁以下,游戏|搞笑,宅文化型
6706,男,31-40岁,宠物|动漫|生活|学习,动漫二次元型
6707,男,25-30岁,科技|学习,进步青年型
6708,男,40岁以上,音乐|美食|运动,运动乐活型
6709,女,25-30岁,游戏|动漫|搞笑|音乐,宅文化型
6710,男,25-30岁,美食|生活|科技,生活家型
6711,男,40岁以上,动漫|生活|宠物,动漫二次元型
6712,女,31-40岁,科技|学习|搞笑,进步青年型
6713,男,31-40岁,运动|音乐,运动乐活型
6714,女,25-30岁,搞笑|游戏|动漫,宅文化型
6715,男,40岁以上,生活|美食,生活家型
6716,男,40岁以上,宠物|动漫,动漫二次元型
6717,男,18岁以下,运动|音乐,运动乐活型
6718,男,18-24岁,科技|搞笑|宠物,进步青年型
6719,女,18岁以下,美食|生活,生活家型
6720,女,25-30岁,科技|学习,进步青年型
6721,男,40岁以上,宠物|动漫|学习|生活,动漫二次元型
6722,女,18岁以下,动漫|学习|生活,动漫二次元型
6723,女,40岁以上,科技|学习,进步青年型
6724,男,18岁以下,搞笑|游戏|动漫,宅文化型
6725,男,31-40岁,学习|科技,进步青年型
6726,男,25-30岁,动漫|宠物|生活|学习,动漫二次元型
6727,男,40岁以上,科技|学习|搞笑,进步青年型
6728,女,25-30岁,游戏|搞笑,宅文化型
6729,男,31-40岁,搞笑|游戏,宅文化型
6730,男,40岁以上,动漫|宠物|生活|学习,动漫二次元型
6731,男,40岁以上,音乐|游戏|美食,运动乐活型
6732,女,31-40岁,音乐|运动|游戏|美食,运动乐活型
6733,男,18-24岁,美食|生活|科技|运动,生活家型
6734,女,31-40岁,音乐|游戏|美食|运动,运动乐活型
6735,女,40岁以上,运动|音乐|游戏,运动乐活型
6736,男,25-30岁,动漫|宠物|学习|生活,动漫二次元型
6737,女,31-40岁,生活|运动|美食,生活家型
6738,女,18-24岁,美食|生活|科技,生活家型
6739,男,25-30岁,游戏|搞笑|音乐|动漫,宅文化型
6740,男,25-30岁,宠物|生活|动漫,动漫二次元型
6741,女,18-24岁,游戏|搞笑,宅文化型
6742,男,18-24岁,宠物|动漫,动漫二次元型
6743,男,40岁以上,学习|搞笑|科技,进步青年型
6744,女,40岁以上,宠物|学习,动漫二次元型
6745,男,31-40岁,动漫|宠物|学习|生活,动漫二次元型
6746,男,31-40岁,运动|音乐|美食,运动乐活型
6747,女,18-24岁,音乐|运动|游戏|美食,运动乐活型
6748,男,18岁以下,生活|美食|科技|运动,生活家型
6749,男,31-40岁,生活|科技,生活家型
6750,男,18-24岁,音乐|运动|游戏,运动乐活型
6751,女,18岁以下,美食|生活|科技|运动,生活家型
6752,男,18-24岁,游戏|搞笑|音乐,宅文化型
6753,男,25-30岁,动漫|宠物,动漫二次元型
6754,女,18岁以下,美食|运动,生活家型
6755,男,18-24岁,音乐|运动|美食,运动乐活型
6756,男,40岁以上,游戏|音乐|动漫,宅文化型
6757,女,18岁以下,生活|美食|运动,生活家型
6758,女,40岁以上,动漫|学习,动漫二次元型
6759,女,31-40岁,音乐|运动|美食|游戏,运动乐活型
6760,男,18岁以下,生活|美食|科技,生活家型
6761,男,25-30岁,搞笑|游戏,宅文化型
6762,女,31-40岁,美食|运动|生活|科技,生活家型
6763,女,25-30岁,美食|生活,生活家型
6764,女,18岁以下,运动|美食,运动乐活型
6765,女,18-24岁,科技|学习,进步青年型
6766,女,18岁以下,运动|音乐,运动乐活型
6767,女,25-30岁,宠物|动漫,动漫二次元型
6768,女,40岁以上,搞笑|动漫|音乐|游戏,宅文化型
6769,女,40岁以上,音乐|运动|游戏,运动乐活型
6770,男,18岁以下,美食|生活,生活家型
6771,女,40岁以上,学习|科技|搞笑,进步青年型
6772,男,25-30岁,动漫|宠物,动漫二次元型
6773,女,40岁以上,游戏|动漫|音乐,宅文化型
6774,男,18-24岁,音乐|美食,运动乐活型
6775,男,25-30岁,动漫|宠物,动漫二次元型
6776,女,18岁以下,美食|生活|科技|运动,生活家型
6777,男,18岁以下,游戏|搞笑,宅文化型
6778,女,18岁以下,学习|科技,进步青年型
6779,女,18岁以下,美食|科技,生活家型
6780,男,31-40岁,运动|美食|音乐|游戏,运动乐活型
6781,男,18岁以下,宠物|动漫,动漫二次元型
6782,女,18-24岁,科技|学习|搞笑,进步青年型
6783,女,31-40岁,宠物|动漫|生活|学习,动漫二次元型
6784,女,18-24岁,动漫|学习|宠物,动漫二次元型
6785,女,25-30岁,美食|生活|科技,生活家型
6786,男,25-30岁,科技|宠物,进步青年型
6787,女,18-24岁,科技|学习,进步青年型
6788,男,25-30岁,宠物|动漫|生活|学习,动漫二次元型
6789,女,25-30岁,生活|美食|科技,生活家型
6790,女,25-30岁,宠物|学习|动漫,动漫二次元型
6791,女,25-30岁,音乐|运动,运动乐活型
6792,女,18-24岁,生活|美食,生活家型
6793,女,31-40岁,音乐|游戏,运动乐活型
6794,女,18-24岁,科技|宠物|搞笑|学习,进步青年型
6795,女,31-40岁,美食|科技|生活,生活家型
6796,男,18岁以下,游戏|搞笑,宅文化型
6797,男,31-40岁,宠物|动漫|学习|生活,动漫二次元型
6798,男,18-24岁,美食|生活|科技,生活家型
6799,男,18-24岁,动漫|生活|学习,动漫二次元型
6800,男,40岁以上,游戏|搞笑,宅文化型
6801,女,18岁以下,搞笑|音乐|动漫|游戏,宅文化型
6802,女,18-24岁,宠物|动漫|生活,动漫二次元型
6803,男,31-40岁,动漫|学习|宠物,动漫二次元型
6804,女,18-24岁,音乐|美食|运动|游戏,运动乐活型
6805,男,40岁以上,宠物|动漫,动漫二次元型
6806,男,18岁以下,宠物|生活|动漫|学习,动漫二次元型
6807,女,25-30岁,科技|宠物|搞笑,进步青年型
6808,女,25-30岁,运动|音乐,运动乐活型
6809,男,40岁以上,动漫|宠物,动漫二次元型
6810,男,18-24岁,生活|运动,生活家型
6811,男,25-30岁,科技|学习,进步青年型
6812,女,18岁以下,运动|音乐|游戏|美食,运动乐活型
6813,男,25-30岁,科技|学习|宠物|搞笑,进步青年型
6814,男,18-24岁,美食|生活,生活家型
6815,男,18-24岁,科技|宠物,进步青年型
6816,男,25-30岁,科技|学习,进步青年型
6817,女,40岁以上,美食|生活|科技|运动,生活家型
6818,男,18-24岁,美食|生活|科技|运动,生活家型
6819,男,18-24岁,美食|生活|科技|运动,生活家型
6820,女,25-30岁,生活|美食,生活家型
6821,男,18岁以下,搞笑|游戏,宅文化型
6822,男,18-24岁,动漫|生活|学习,动漫二次元型
6823,女,40岁以上,音乐|运动|美食,运动乐活型
6824,女,18-24岁,宠物|动漫|学习,动漫二次元型
6825,男,18-24岁,科技|学习|搞笑|宠物,进步青年型
6826,女,18岁以下,学习|搞笑,进步青年型
6827,男,18岁以下,游戏|搞笑,宅文化型
6828,女,31-40岁,生活|美食,生活家型
6829,女,25-30岁,科技|学习|搞笑,进步青年型
6830,男,18-24岁,搞笑|游戏,宅文化型
6831,女,18岁以下,宠物|动漫|生活|学习,动漫二次元型
6832,男,40岁以上,科技|宠物|搞笑,进步青年型
6833,女,25-30岁,科技|宠物|学习|搞笑,进步青年型
6834,男,18-24岁,动漫|宠物,动漫二次元型
6835,女,40岁以上,美食|运动,生活家型
6836,女,18-24岁,运动|音乐,运动乐活型
6837,女,18-24岁,美食|生活,生活家型
6838,女,18-24岁,美食|生活|运动|科技,生活家型
6839,男,18-24岁,游戏|音乐,宅文化型
6840,男,18岁以下,动漫|宠物|生活|学习,动漫二次元型
6841,女,25-30岁,生活|美食|运动|科技,生活家型
6842,女,31-40岁,科技|学习,进步青年型
6843,男,18-24岁,宠物|动漫,动漫二次元型
6844,女,18-24岁,音乐|运动,运动乐活型
6845,女,18岁以下,科技|宠物,进步青年型
6846,女,18-24岁,生活|美食|科技,生活家型
6847,女,40岁以上,游戏|搞笑|动漫|音乐,宅文化型
6848,女,31-40岁,音乐|运动|美食,运动乐活型
6849,女,40岁以上,宠物|学习|生活,动漫二次元型
6850,女,25-30岁,动漫|宠物|生活|学习,动漫二次元型
6851,女,40岁以上,学习|搞笑|宠物,进步青年型
6852,女,18岁以下,运动|音乐,运动乐活型
6853,男,25-30岁,宠物|动漫|学习|生活,动漫二次元型
6854,男,31-40岁,学习|科技|搞笑,进步青年型
6855,男,25-30岁,运动|音乐,运动乐活型
6856,女,18岁以下,生活|美食,生活家型
6857,男,40岁以上,宠物|学习|动漫,动漫二次元型
6858,男,18-24岁,学习|科技|搞笑|宠物,进步青年型
6859,男,18-24岁,搞笑|动漫,宅文化型
6860,男,18-24岁,学习|科技,进步青年型
6861,女,40岁以上,宠物|学习|生活,动漫二次元型
6862,女,31-40岁,搞笑|游戏|音乐,宅文化型
6863,女,40岁以上,美食|生活|运动|科技,生活家型
6864,女,25-30岁,宠物|学习,动漫二次元型
6865,男,25-30岁,生活|美食|运动,生活家型
6866,女,40岁以上,音乐|运动,运动乐活型
6867,女,18岁以下,搞笑|游戏|动漫,宅文化型
6868,女,40岁以上,宠物|动漫|生活|学习,动漫二次元型
6869,女,18岁以下,美食|生活,生活家型
6870,男,25-30岁,搞笑|音乐,宅文化型
6871,女,18岁以下,音乐|游戏|运动|美食,运动乐活型
6872,女,18岁以下,宠物|动漫|生活|学习,动漫二次元型
6873,男,40岁以上,运动|音乐,运动乐活型
6874,男,31-40岁,动漫|学习|宠物,动漫二次元型
6875,男,40岁以上,动漫|宠物|生活,动漫二次元型
6876,男,25-30岁,音乐|游戏|美食,运动乐活型
6877,女,18岁以下,运动|音乐,运动乐活型
6878,男,18-24岁,美食|运动|生活|科技,生活家型
6879,女,31-40岁,宠物|动漫|生活|学习,动漫二次元型
6880,男,25-30岁,科技|学习,进步青年型
6881,女,31-40岁,宠物|动漫|生活,动漫二次元型
6882,男,25-30岁,生活|美食|科技,生活家型
6883,男,31-40岁,生活|美食|运动|科技,生活家型
6884,女,25-30岁,动漫|生活|学习,动漫二次元型
6885,女,18-24岁,搞笑|游戏,宅文化型
6886,女,18岁以下,学习|科技,进步青年型
6887,女,18岁以下,音乐|运动,运动乐活型
6888,男,25-30岁,宠物|动漫|生活,动漫二次元型
6889,男,40岁以上,美食|运动,生活家型
6890,男,18岁以下,科技|学习|宠物|搞笑,进步青年型
6891,女,40岁以上,美食|生活|运动,生活家型
6892,男,40岁以上,美食|运动|生活|科技,生活家型
6893,女,18-24岁,动漫|宠物|生活|学习,动漫二次元型
6894,男,40岁以上,美食|生活|科技,生活家型
6895,男,18-24岁,科技|学习,进步青年型
6896,女,18-24岁,游戏|动漫|搞笑,宅文化型
6897,女,18-24岁,科技|学习|搞笑,进步青年型
6898,男,31-40岁,搞笑|动漫|音乐,宅文化型
6899,女,18岁以下,学习|科技|宠物,进步青年型
6900,男,18-24岁,科技|宠物,进步青年型
6901,女,25-30岁,搞笑|游戏,宅文化型
6902,男,25-30岁,宠物|动漫,动漫二次元型
6903,男,18岁以下,科技|学习|搞笑,进步青年型
6904,女,18-24岁,音乐|运动|游戏,运动乐活型
6905,女,18岁以下,学习|搞笑|宠物|科技,进步青年型
6906,女,18岁以下,宠物|学习|动漫,动漫二次元型
6907,女,18-24岁,动漫|生活|宠物,动漫二次元型
6908,女,18岁以下,搞笑|游戏|音乐,宅文化型
6909,男,40岁以上,运动|音乐,运动乐活型
6910,男,31-40岁,音乐|游戏,运动乐活型
6911,男,31-40岁,游戏|音乐|动漫|搞笑,宅文化型
6912,女,18-24岁,音乐|运动|游戏|美食,运动乐活型
6913,女,18岁以下,宠物|学习|生活,动漫二次元型
6914,女,25-30岁,科技|学习,进步青年型
6915,女,25-30岁,生活|美食|运动,生活家型
6916,女,18-24岁,科技|学习,进步青年型
6917,男,31-40岁,动漫|宠物,动漫二次元型
6918,女,25-30岁,科技|搞笑|学习,进步青年型
6919,女,18-24岁,游戏|搞笑|动漫|音乐,宅文化型
6920,女,18-24岁,游戏|动漫|搞笑|音乐,宅文化型
6921,女,25-30岁,动漫|宠物,动漫二次元型
6922,女,18岁以下,美食|运动|生活|科技,生活家型
6923,女,18岁以下,宠物|动漫,动漫二次元型
6924,男,31-40岁,美食|科技|运动,生活家型
6925,女,31-40岁,运动|音乐|美食,运动乐活型
6926,男,18岁以下,科技|学习|宠物|搞笑,进步青年型
6927,男,40岁以上,运动|音乐|美食|游戏,运动乐活型
6928,男,18-24岁,游戏|动漫,宅文化型
6929,男,25-30岁,动漫|宠物,动漫二次元型
6930,女,31-40岁,游戏|搞笑,宅文化型
6931,女,31-40岁,学习|科技,进步青年型
6932,女,18岁以下,游戏|搞笑,宅文化型
6933,男,40岁以上,宠物|动漫|学习|生活,动漫二次元型
6934,男,18-24岁,搞笑|游戏|音乐,宅文化型
6935,男,31-40岁,宠物|动漫|学习,动漫二次元型
6936,女,40岁以上,游戏|搞笑|音乐|动漫,宅文化型
6937,男,25-30岁,游戏|搞笑|音乐,宅文化型
6938,男,18-24岁,科技|学习,进步青年型
6939,女,40岁以上,游戏|搞笑|音乐|动漫,宅文化型
6940,女,18岁以下,音乐|运动|游戏|美食,运动乐活型
6941,女,18岁以下,音乐|美食,运动乐活型
6942,男,25-30岁,游戏|搞笑|音乐|动漫,宅文化型
6943,男,18岁以下,音乐|游戏|美食|运动,运动乐活型
6944,男,18-24岁,美食|运动|生活|科技,生活家型
6945,女,25-30岁,美食|科技|运动|生活,生活家型
6946,女,18-24岁,科技|宠物|搞笑|学习,进步青年型
6947,男,25-30岁,学习|科技|宠物,进步青年型
6948,男,40岁以上,生活|美食|科技,生活家型
6949,男,31-40岁,科技|学习|宠物,进步青年型
6950,男,25-30岁,动漫|宠物|生活,动漫二次元型
6951,女,40岁以上,音乐|游戏|运动,运动乐活型
6952,男,40岁以上,科技|宠物|搞笑,进步青年型
6953,男,40岁以上,动漫|生活|学习|宠物,动漫二次元型
6954,男,18岁以下,搞笑|游戏,宅文化型
6955,女,25-30岁,美食|生活|运动|科技,生活家型
6956,女,40岁以上,美食|生活|科技|运动,生活家型
6957,女,40岁以上,学习|科技|搞笑|宠物,进步青年型
6958,男,18岁以下,美食|运动|生活,生活家型
6959,女,18-24岁,游戏|音乐,宅文化型
6960,男,40岁以上,音乐|运动|游戏,运动乐活型
6961,女,18-24岁,音乐|运动|美食|游戏,运动乐活型
6962,女,18-24岁,科技|宠物|搞笑|学习,进步青年型
6963,男,25-30岁,运动|游戏|美食,运动乐活型
6964,男,25-30岁,科技|学习|搞笑|宠物,进步青年型
6965,男,18-24岁,科技|宠物|搞笑|学习,进步青年型
6966,女,25-30岁,生活|美食|运动,生活家型
6967,男,40岁以上,美食|科技|运动|生活,生活家型
6968,男,18-24岁,学习|科技|宠物|搞笑,进步青年型
6969,男,25-30岁,游戏|搞笑|音乐|动漫,宅文化型
6970,女,31-40岁,音乐|运动|游戏,运动乐活型
6971,男,18岁以下,宠物|生活,动漫二次元型
6972,男,18岁以下,游戏|搞笑|动漫,宅文化型
6973,女,18岁以下,宠物|学习|生活|动漫,动漫二次元型
6974,女,25-30岁,学习|科技|搞笑,进步青年型
6975,女,40岁以上,美食|生活,生活家型
6976,男,31-40岁,游戏|搞笑,宅文化型
6977,女,31-40岁,运动|音乐|游戏|美食,运动乐活型
6978,男,31-40岁,科技|宠物|搞笑|学习,进步青年型
6979,女,25-30岁,美食|运动|科技|生活,生活家型
6980,男,25-30岁,宠物|学习,动漫二次元型
6981,女,25-30岁,运动|音乐,运动乐活型
6982,男,18-24岁,科技|学习,进步青年型
6983,男,18岁以下,宠物|生活,动漫二次元型
6984,男,40岁以上,音乐|游戏,运动乐活型
6985,男,18-24岁,游戏|搞笑,宅文化型
6986,女,40岁以上,游戏|搞笑,宅文化型
6987,女,18-24岁,美食|生活|运动|科技,生活家型
6988,男,18岁以下,美食|生活|运动|科技,生活家型
6989,男,18岁以下,美食|运动,生活家型
6990,男,31-40岁,宠物|动漫,动漫二次元型
6991,女,31-40岁,科技|学习|搞笑,进步青年型
6992,男,18岁以下,美食|生活|运动|科技,生活家型
6993,男,18-24岁,学习|科技,进步青年型
6994,男,25-30岁,美食|运动|科技|生活,生活家型
6995,男,25-30岁,动漫|学习,动漫二次元型
6996,男,40岁以上,游戏|音乐,宅文化型
6997,女,25-30岁,搞笑|游戏|动漫|音乐,宅文化型
6998,女,18岁以下,音乐|运动|美食,运动乐活型
6999,男,18岁以下,音乐|运动|美食,运动乐活型
7000,女,18-24岁,科技|学习,进步青年型
7001,女,18-24岁,宠物|动漫,动漫二次元型
7002,女,40岁以上,科技|宠物,进步青年型
7003,男,25-30岁,美食|科技|运动,生活家型
7004,女,18岁以下,学习|科技|搞笑|宠物,进步青年型
7005,女,25-30岁,运动|音乐|美食|游戏,运动乐活型
7006,女,25-30岁,运动|音乐|美食|游戏,运动乐活型
7007,男,18-24岁,搞笑|游戏|音乐,宅文化型
7008,男,25-30岁,美食|生活|运动,生活家型
7009,女,18岁以下,搞笑|音乐|动漫|游戏,宅文化型
7010,男,18-24岁,生活|运动,生活家型
7011,男,18岁以下,生活|美食,生活家型
7012,女,31-40岁,运动|音乐|游戏|美食,运动乐活型
7013,男,40岁以上,游戏|动漫,宅文化型
7014,男,25-30岁,音乐|运动|游戏|美食,运动乐活型
7015,女,18-24岁,学习|科技,进步青年型
7016,男,18-24岁,生活|科技|运动,生活家型
7017,女,31-40岁,生活|美食,生活家型
7018,女,40岁以上,游戏|音乐|动漫,宅文化型
7019,女,25-30岁,音乐|美食|运动,运动乐活型
7020,男,40岁以上,动漫|宠物|生活|学习,动漫二次元型
7021,女,31-40岁,生活|科技|运动,生活家型
7022,男,18岁以下,游戏|音乐|动漫|搞笑,宅文化型
7023,男,18岁以下,游戏|搞笑|音乐,宅文化型
7024,男,31-40岁,宠物|动漫,动漫二次元型
7025,女,18岁以下,生活|科技|美食|运动,生活家型
7026,男,18岁以下,动漫|宠物|生活|学习,动漫二次元型
7027,男,31-40岁,学习|科技|宠物,进步青年型
7028,男,18-24岁,搞笑|游戏|动漫,宅文化型
7029,女,40岁以上,游戏|动漫|音乐,宅文化型
7030,男,31-40岁,宠物|生活,动漫二次元型
7031,男,40岁以上,搞笑|游戏|动漫,宅文化型
7032,男,25-30岁,科技|搞笑,进步青年型
7033,女,18岁以下,动漫|学习|生活,动漫二次元型
7034,男,25-30岁,运动|游戏|美食,运动乐活型
7035,男,18岁以下,科技|搞笑|宠物|学习,进步青年型
7036,女,18岁以下,运动|音乐|美食|游戏,运动乐活型
7037,男,18-24岁,学习|搞笑|宠物|科技,进步青年型
7038,男,31-40岁,搞笑|音乐|动漫|游戏,宅文化型
7039,女,40岁以上,搞笑|动漫|游戏|音乐,宅文化型
7040,女,25-30岁,宠物|动漫|生活|学习,动漫二次元型
7041,男,25-30岁,宠物|动漫|生活|学习,动漫二次元型
7042,女,25-30岁,音乐|运动|美食,运动乐活型
7043,女,31-40岁,科技|学习,进步青年型
7044,男,25-30岁,搞笑|游戏,宅文化型
7045,女,40岁以上,宠物|动漫|学习|生活,动漫二次元型
7046,女,31-40岁,音乐|游戏|美食|运动,运动乐活型
7047,男,25-30岁,动漫|宠物,动漫二次元型
7048,女,25-30岁,科技|宠物,进步青年型
7049,女,25-30岁,宠物|动漫|学习|生活,动漫二次元型
7050,女,40岁以上,美食|生活|运动,生活家型
7051,女,25-30岁,科技|学习|宠物|搞笑,进步青年型
7052,男,31-40岁,动漫|宠物,动漫二次元型
7053,男,18-24岁,游戏|动漫|音乐|搞笑,宅文化型
7054,女,25-30岁,动漫|宠物|学习,动漫二次元型
7055,男,18岁以下,音乐|运动,运动乐活型
7056,女,31-40岁,游戏|搞笑,宅文化型
7057,女,31-40岁,动漫|生活|宠物,动漫二次元型
7058,男,25-30岁,运动|音乐|美食,运动乐活型
7059,男,31-40岁,科技|学习|搞笑,进步青年型
7060,女,31-40岁,运动|音乐,运动乐活型
7061,男,25-30岁,生活|美食|运动,生活家型
7062,女,18岁以下,搞笑|游戏|动漫,宅文化型
7063,男,18岁以下,动漫|宠物|学习,动漫二次元型
7064,女,25-30岁,学习|搞笑|科技,进步青年型
7065,男,25-30岁,音乐|美食|运动|游戏,运动乐活型
7066,女,25-30岁,生活|美食|运动|科技,生活家型
7067,男,18岁以下,音乐|游戏|美食|运动,运动乐活型
7068,男,31-40岁,科技|宠物|学习|搞笑,进步青年型
7069,女,18-24岁,美食|生活,生活家型
7070,男,18岁以下,音乐|游戏,运动乐活型
7071,男,31-40岁,游戏|动漫|音乐|搞笑,宅文化型
7072,女,31-40岁,学习|科技,进步青年型
7073,男,18-24岁,生活|科技|美食|运动,生活家型
7074,男,18岁以下,搞笑|游戏|音乐,宅文化型
7075,女,18-24岁,学习|科技,进步青年型
7076,男,18岁以下,游戏|搞笑|动漫|音乐,宅文化型
7077,女,40岁以上,科技|学习|搞笑,进步青年型
7078,男,18-24岁,游戏|搞笑,宅文化型
7079,女,25-30岁,科技|学习|搞笑|宠物,进步青年型
7080,男,18-24岁,美食|生活,生活家型
7081,男,31-40岁,宠物|动漫|学习|生活,动漫二次元型
7082,女,18-24岁,美食|生活|科技,生活家型
7083,女,25-30岁,生活|运动|美食,生活家型
7084,女,18岁以下,美食|运动,生活家型
7085,男,25-30岁,音乐|运动|美食,运动乐活型
7086,男,31-40岁,音乐|美食,运动乐活型
7087,女,31-40岁,音乐|运动|美食,运动乐活型
7088,男,25-30岁,搞笑|游戏,宅文化型
7089,男,18岁以下,生活|美食|运动|科技,生活家型
7090,女,18岁以下,科技|宠物|学习|搞笑,进步青年型
7091,男,25-30岁,动漫|宠物|学习,动漫二次元型
7092,男,31-40岁,生活|美食|运动,生活家型
7093,女,18岁以下,科技|学习|搞笑|宠物,进步青年型
7094,女,18-24岁,运动|音乐,运动乐活型
7095,女,18-24岁,音乐|运动,运动乐活型
7096,女,25-30岁,生活|美食|运动,生活家型
7097,女,18-24岁,美食|科技,生活家型
7098,男,40岁以上,美食|运动,生活家型
7099,女,25-30岁,音乐|运动|美食,运动乐活型
7100,女,18-24岁,运动|音乐,运动乐活型
7101,女,31-40岁,美食|科技|生活|运动,生活家型
7102,女,40岁以上,宠物|生活|学习,动漫二次元型
7103,男,31-40岁,生活|运动|美食,生活家型
7104,男,18-24岁,生活|科技,生活家型
7105,女,25-30岁,生活|美食|科技,生活家型
7106,女,18岁以下,科技|搞笑|宠物,进步青年型
7107,女,18岁以下,美食|运动|生活|科技,生活家型
7108,男,25-30岁,宠物|动漫,动漫二次元型
7109,女,40岁以上,学习|科技,进步青年型
7110,女,40岁以上,美食|科技|生活|运动,生活家型
7111,女,40岁以上,音乐|运动|游戏,运动乐活型
7112,男,25-30岁,游戏|动漫|搞笑|音乐,宅文化型
7113,男,40岁以上,音乐|运动|美食|游戏,运动乐活型
7114,男,25-30岁,游戏|搞笑,宅文化型
7115,男,18-24岁,科技|学习,进步青年型
7116,男,18-24岁,搞笑|游戏,宅文化型
7117,女,18-24岁,美食|生活,生活家型
7118,女,18-24岁,美食|运动|科技,生活家型
7119,男,40岁以上,生活|美食,生活家型
7120,女,18-24岁,游戏|动漫|搞笑,宅文化型
7121,男,25-30岁,动漫|宠物|学习,动漫二次元型
7122,女,31-40岁,宠物|动漫,动漫二次元型
7123,女,25-30岁,宠物|生活|动漫|学习,动漫二次元型
7124,男,18-24岁,音乐|运动|游戏|美食,运动乐活型
7125,男,18-24岁,宠物|学习,动漫二次元型
7126,男,18-24岁,科技|搞笑|宠物,进步青年型
7127,男,40岁以上,科技|搞笑|学习|宠物,进步青年型
7128,男,18岁以下,美食|生活|科技,生活家型
7129,男,40岁以上,宠物|动漫|学习,动漫二次元型
7130,男,25-30岁,宠物|生活|动漫|学习,动漫二次元型
7131,女,40岁以上,音乐|运动,运动乐活型
7132,女,18-24岁,生活|美食,生活家型
7133,男,40岁以上,学习|科技|搞笑,进步青年型
7134,男,18岁以下,宠物|动漫,动漫二次元型
7135,男,31-40岁,运动|美食|音乐|游戏,运动乐活型
7136,男,40岁以上,生活|美食,生活家型
7137,男,25-30岁,学习|科技|搞笑|宠物,进步青年型
7138,男,40岁以上,美食|生活,生活家型
7139,男,31-40岁,音乐|游戏|美食,运动乐活型
7140,男,31-40岁,游戏|动漫|搞笑,宅文化型
7141,女,18岁以下,美食|生活|科技,生活家型
7142,男,18岁以下,学习|搞笑,进步青年型
7143,男,31-40岁,搞笑|游戏|动漫|音乐,宅文化型
7144,男,31-40岁,学习|搞笑|宠物,进步青年型
7145,男,31-40岁,运动|美食,运动乐活型
7146,男,18岁以下,运动|游戏|美食|音乐,运动乐活型
7147,男,18岁以下,音乐|运动|美食,运动乐活型
7148,男,18岁以下,搞笑|动漫|音乐|游戏,宅文化型
7149,男,18岁以下,学习|科技,进步青年型
7150,男,40岁以上,科技|学习|宠物|搞笑,进步青年型
7151,男,31-40岁,科技|学习|搞笑|宠物,进步青年型
7152,女,40岁以上,音乐|运动,运动乐活型
7153,男,40岁以上,运动|音乐|美食,运动乐活型
7154,女,25-30岁,运动|美食,运动乐活型
7155,女,18-24岁,动漫|宠物|学习|生活,动漫二次元型
7156,女,40岁以上,搞笑|动漫,宅文化型
7157,女,18岁以下,搞笑|游戏,宅文化型
7158,男,18-24岁,搞笑|游戏|动漫,宅文化型
7159,女,40岁以上,搞笑|游戏,宅文化型
7160,女,18岁以下,生活|美食,生活家型
7161,男,40岁以上,宠物|动漫,动漫二次元型
7162,男,18-24岁,美食|生活|运动,生活家型
7163,女,18岁以下,音乐|运动|美食,运动乐活型
7164,男,18-24岁,学习|科技,进步青年型
7165,男,31-40岁,美食|生活,生活家型
7166,女,18岁以下,动漫|宠物|学习,动漫二次元型
7167,男,40岁以上,搞笑|音乐|动漫,宅文化型
7168,男,25-30岁,音乐|运动|美食,运动乐活型
7169,男,25-30岁,美食|运动,生活家型
7170,女,40岁以上,运动|音乐|美食,运动乐活型
7171,男,18-24岁,科技|学习|宠物|搞笑,进步青年型
7172,女,18-24岁,搞笑|游戏,宅文化型
7173,男,40岁以上,学习|科技|搞笑,进步青年型
7174,女,25-30岁,音乐|美食|游戏,运动乐活型
7175,女,18-24岁,游戏|搞笑,宅文化型
7176,女,18-24岁,生活|科技,生活家型
7177,男,18-24岁,搞笑|游戏|音乐,宅文化型
7178,男,25-30岁,宠物|动漫|生活|学习,动漫二次元型
7179,男,40岁以上,动漫|宠物,动漫二次元型
7180,女,25-30岁,动漫|宠物|生活,动漫二次元型
7181,男,18-24岁,动漫|宠物|学习|生活,动漫二次元型
7182,男,25-30岁,搞笑|动漫|游戏|音乐,宅文化型
7183,女,18岁以下,音乐|运动|游戏,运动乐活型
7184,男,18岁以下,科技|搞笑|宠物|学习,进步青年型
7185,女,40岁以上,搞笑|游戏|音乐,宅文化型
7186,女,40岁以上,宠物|动漫,动漫二次元型
7187,男,25-30岁,运动|音乐,运动乐活型
7188,男,31-40岁,生活|美食|运动|科技,生活家型
7189,女,31-40岁,宠物|学习|动漫,动漫二次元型
7190,女,18-24岁,搞笑|游戏|音乐|动漫,宅文化型
7191,女,31-40岁,学习|科技|搞笑,进步青年型
7192,女,18岁以下,搞笑|游戏,宅文化型
7193,女,18-24岁,搞笑|游戏|音乐,宅文化型
7194,男,31-40岁,科技|学习,进步青年型
7195,男,25-30岁,运动|音乐|美食,运动乐活型
7196,女,40岁以上,科技|学习,进步青年型
7197,女,40岁以上,宠物|动漫,动漫二次元型
7198,男,18岁以下,音乐|游戏|运动,运动乐活型
7199,男,25-30岁,学习|搞笑|科技|宠物,进步青年型
7200,女,40岁以上,生活|美食,生活家型
7201,男,25-30岁,学习|科技|搞笑|宠物,进步青年型
7202,女,25-30岁,生活|运动|科技|美食,生活家型
7203,女,18-24岁,搞笑|游戏|音乐,宅文化型
7204,男,18岁以下,游戏|搞笑|音乐,宅文化型
7205,女,25-30岁,科技|搞笑|学习,进步青年型
7206,女,40岁以上,生活|美食|科技|运动,生活家型
7207,男,18岁以下,学习|科技|搞笑,进步青年型
7208,女,25-30岁,宠物|动漫,动漫二次元型
7209,男,18岁以下,生活|美食|运动|科技,生活家型
7210,男,18-24岁,动漫|宠物,动漫二次元型
7211,男,25-30岁,宠物|动漫|生活|学习,动漫二次元型
7212,男,18-24岁,动漫|生活,动漫二次元型
7213,男,40岁以上,科技|学习,进步青年型
7214,女,18岁以下,运动|游戏|美食,运动乐活型
7215,男,18岁以下,音乐|运动|美食|游戏,运动乐活型
7216,女,31-40岁,音乐|运动,运动乐活型
7217,男,18岁以下,宠物|动漫,动漫二次元型
7218,女,40岁以上,搞笑|游戏|动漫,宅文化型
7219,女,18-24岁,学习|科技|搞笑,进步青年型
7220,女,40岁以上,学习|科技,进步青年型
7221,女,40岁以上,运动|美食,运动乐活型
7222,男,25-30岁,宠物|生活|动漫|学习,动漫二次元型
7223,女,18-24岁,动漫|学习|生活,动漫二次元型
7224,女,31-40岁,音乐|运动|美食,运动乐活型
7225,女,40岁以上,音乐|运动|美食|游戏,运动乐活型
7226,男,18-24岁,游戏|音乐,宅文化型
7227,女,31-40岁,生活|美食|科技|运动,生活家型
7228,女,18岁以下,游戏|搞笑,宅文化型
7229,女,18岁以下,美食|生活|科技,生活家型
7230,男,25-30岁,动漫|生活,动漫二次元型
7231,女,40岁以上,运动|音乐,运动乐活型
7232,女,25-30岁,运动|音乐|游戏|美食,运动乐活型
7233,男,25-30岁,生活|美食,生活家型
7234,女,40岁以上,运动|音乐,运动乐活型
7235,女,18-24岁,科技|宠物,进步青年型
7236,男,18-24岁,动漫|宠物,动漫二次元型
7237,女,25-30岁,动漫|宠物|生活|学习,动漫二次元型
7238,男,25-30岁,音乐|游戏|美食,运动乐活型
7239,女,40岁以上,科技|学习,进步青年型
7240,女,40岁以上,动漫|宠物,动漫二次元型
7241,男,18岁以下,学习|宠物|搞笑,进步青年型
7242,男,25-30岁,生活|美食,生活家型
7243,女,25-30岁,搞笑|游戏,宅文化型
7244,男,25-30岁,游戏|动漫,宅文化型
7245,女,40岁以上,宠物|动漫|学习|生活,动漫二次元型
7246,男,40岁以上,运动|音乐|美食,运动乐活型
7247,男,25-30岁,生活|美食,生活家型
7248,男,31-40岁,科技|学习|搞笑,进步青年型
7249,男,40岁以上,生活|美食,生活家型
7250,女,18岁以下,美食|运动|生活,生活家型
7251,女,40岁以上,动漫|宠物|生活,动漫二次元型
7252,男,25-30岁,动漫|学习|宠物|生活,动漫二次元型
7253,女,31-40岁,动漫|宠物|学习|生活,动漫二次元型
7254,男,18-24岁,生活|美食|运动,生活家型
7255,男,40岁以上,学习|科技|宠物,进步青年型
7256,女,31-40岁,宠物|学习|生活,动漫二次元型
7257,男,18-24岁,生活|美食,生活家型
7258,女,31-40岁,学习|科技|宠物|搞笑,进步青年型
7259,男,18岁以下,游戏|音乐,宅文化型
7260,女,40岁以上,生活|美食,生活家型
7261,女,40岁以上,美食|生活|科技,生活家型
7262,女,31-40岁,动漫|宠物,动漫二次元型
7263,女,25-30岁,动漫|宠物|生活,动漫二次元型
7264,男,31-40岁,生活|运动|科技,生活家型
7265,女,25-30岁,音乐|运动|美食,运动乐活型
7266,男,40岁以上,音乐|游戏|美食,运动乐活型
7267,男,18-24岁,学习|搞笑|科技|宠物,进步青年型
7268,女,31-40岁,生活|科技|运动|美食,生活家型
7269,男,25-30岁,动漫|宠物|学习,动漫二次元型
7270,女,25-30岁,音乐|运动|美食,运动乐活型
7271,女,18-24岁,搞笑|游戏|音乐|动漫,宅文化型
7272,男,18岁以下,生活|美食,生活家型
7273,男,31-40岁,生活|美食|科技|运动,生活家型
7274,女,18-24岁,搞笑|游戏|动漫|音乐,宅文化型
7275,男,18岁以下,音乐|运动|游戏,运动乐活型
7276,男,31-40岁,音乐|游戏|运动,运动乐活型
7277,女,25-30岁,生活|美食|运动|科技,生活家型
7278,男,18-24岁,学习|科技,进步青年型
7279,男,40岁以上,游戏|搞笑|音乐,宅文化型
7280,男,40岁以上,游戏|动漫,宅文化型
7281,女,25-30岁,运动|音乐|美食,运动乐活型
7282,男,18岁以下,运动|游戏|美食|音乐,运动乐活型
7283,女,31-40岁,宠物|动漫|生活|学习,动漫二次元型
7284,女,40岁以上,学习|科技|宠物,进步青年型
7285,女,25-30岁,运动|游戏|美食,运动乐活型
7286,女,40岁以上,学习|科技|宠物|搞笑,进步青年型
7287,女,18-24岁,生活|美食|运动|科技,生活家型
7288,女,31-40岁,宠物|动漫|生活|学习,动漫二次元型
7289,女,18-24岁,科技|学习|宠物|搞笑,进步青年型
7290,男,40岁以上,宠物|学习|生活|动漫,动漫二次元型
7291,女,31-40岁,游戏|音乐,宅文化型
7292,男,18-24岁,宠物|动漫,动漫二次元型
7293,女,18岁以下,动漫|宠物|生活,动漫二次元型
7294,女,18岁以下,游戏|搞笑|音乐|动漫,宅文化型
7295,女,18-24岁,游戏|搞笑,宅文化型
7296,男,25-30岁,音乐|运动,运动乐活型
7297,女,18岁以下,游戏|搞笑,宅文化型
7298,女,18岁以下,美食|生活|运动,生活家型
7299,男,40岁以上,搞笑|游戏|动漫,宅文化型
7300,男,18岁以下,搞笑|游戏|动漫|音乐,宅文化型
7301,女,31-40岁,游戏|音乐|搞笑,宅文化型
7302,男,25-30岁,搞笑|游戏|音乐,宅文化型
7303,女,31-40岁,运动|音乐|美食|游戏,运动乐活型
7304,男,40岁以上,音乐|运动|美食,运动乐活型
7305,女,40岁以上,科技|学习|宠物,进步青年型
7306,男,40岁以上,动漫|宠物|学习,动漫二次元型
7307,女,18岁以下,游戏|搞笑|音乐,宅文化型
7308,男,18-24岁,音乐|运动|美食,运动乐活型
7309,男,31-40岁,音乐|运动|美食,运动乐活型
7310,女,31-40岁,美食|生活|运动,生活家型
7311,男,31-40岁,宠物|学习|生活,动漫二次元型
7312,男,18-24岁,游戏|搞笑,宅文化型
7313,男,31-40岁,搞笑|游戏|动漫|音乐,宅文化型
7314,男,18岁以下,宠物|动漫|生活,动漫二次元型
7315,女,25-30岁,科技|宠物,进步青年型
7316,女,31-40岁,科技|搞笑,进步青年型
7317,男,18岁以下,生活|美食,生活家型
7318,女,18岁以下,科技|学习|宠物,进步青年型
7319,女,18-24岁,学习|搞笑|宠物,进步青年型
7320,女,18-24岁,美食|科技|运动,生活家型
7321,男,18岁以下,科技|学习,进步青年型
7322,男,40岁以上,游戏|搞笑|音乐,宅文化型
7323,男,18-24岁,宠物|生活,动漫二次元型
7324,男,40岁以上,动漫|宠物|生活,动漫二次元型
7325,男,31-40岁,运动|音乐,运动乐活型
7326,男,40岁以上,运动|音乐|游戏|美食,运动乐活型
7327,女,40岁以上,音乐|游戏|运动,运动乐活型
7328,男,18岁以下,游戏|搞笑,宅文化型
7329,男,40岁以上,运动|音乐|美食|游戏,运动乐活型
7330,女,18-24岁,搞笑|动漫|音乐|游戏,宅文化型
7331,男,18岁以下,美食|生活,生活家型
7332,女,40岁以上,美食|运动|科技|生活,生活家型
7333,女,40岁以上,美食|科技|运动,生活家型
7334,男,31-40岁,学习|搞笑,进步青年型
7335,男,31-40岁,运动|音乐|美食,运动乐活型
7336,女,31-40岁,运动|音乐|游戏,运动乐活型
7337,女,40岁以上,美食|生活|科技,生活家型
7338,女,25-30岁,学习|搞笑|宠物|科技,进步青年型
7339,男,40岁以上,宠物|生活|动漫,动漫二次元型
7340,女,40岁以上,宠物|动漫|学习|生活,动漫二次元型
7341,男,18-24岁,动漫|宠物|学习,动漫二次元型
7342,男,18-24岁,动漫|宠物|学习|生活,动漫二次元型
7343,女,18-24岁,美食|科技|运动|生活,生活家型
7344,女,40岁以上,音乐|运动,运动乐活型
7345,男,18-24岁,科技|宠物|学习,进步青年型
7346,女,18-24岁,美食|生活,生活家型
7347,男,18岁以下,宠物|动漫,动漫二次元型
7348,男,40岁以上,美食|生活,生活家型
7349,男,18-24岁,学习|科技|宠物,进步青年型
7350,女,18岁以下,学习|宠物|搞笑,进步青年型
7351,女,18-24岁,搞笑|游戏,宅文化型
7352,女,18岁以下,科技|学习|宠物,进步青年型
7353,男,18岁以下,美食|生活,生活家型
7354,女,31-40岁,宠物|动漫,动漫二次元型
7355,男,18-24岁,游戏|搞笑|动漫,宅文化型
7356,男,25-30岁,宠物|生活|学习,动漫二次元型
7357,男,31-40岁,搞笑|动漫|游戏|音乐,宅文化型
7358,男,31-40岁,宠物|动漫|学习,动漫二次元型
7359,女,40岁以上,动漫|学习|生活|宠物,动漫二次元型
7360,男,31-40岁,科技|学习|宠物|搞笑,进步青年型
7361,女,18-24岁,运动|美食,运动乐活型
7362,女,40岁以上,美食|生活|科技,生活家型
7363,女,40岁以上,生活|美食,生活家型
7364,女,18岁以下,生活|美食|科技|运动,生活家型
7365,女,31-40岁,学习|科技|宠物,进步青年型
7366,男,31-40岁,动漫|宠物|学习|生活,动漫二次元型
7367,女,25-30岁,搞笑|游戏|音乐|动漫,宅文化型
7368,女,18-24岁,动漫|宠物|生活|学习,动漫二次元型
7369,男,40岁以上,科技|搞笑|学习,进步青年型
7370,男,18-24岁,音乐|游戏|运动,运动乐活型
7371,女,18-24岁,音乐|运动,运动乐活型
7372,男,31-40岁,运动|音乐|游戏,运动乐活型
7373,男,31-40岁,美食|生活|科技,生活家型
7374,女,18岁以下,音乐|美食,运动乐活型
7375,女,25-30岁,动漫|宠物|学习,动漫二次元型
7376,男,40岁以上,宠物|动漫|学习|生活,动漫二次元型
7377,男,18-24岁,搞笑|游戏,宅文化型
7378,女,25-30岁,科技|学习,进步青年型
7379,男,18岁以下,音乐|运动|游戏|美食,运动乐活型
7380,女,40岁以上,运动|音乐|美食|游戏,运动乐活型
7381,女,25-30岁,美食|生活,生活家型
7382,男,31-40岁,运动|音乐|美食,运动乐活型
7383,女,40岁以上,游戏|音乐,宅文化型
7384,女,25-30岁,游戏|动漫|音乐|搞笑,宅文化型
7385,男,31-40岁,音乐|运动|美食|游戏,运动乐活型
7386,女,31-40岁,宠物|生活,动漫二次元型
7387,男,18-24岁,学习|科技,进步青年型
7388,女,40岁以上,生活|美食,生活家型
7389,男,31-40岁,科技|学习|搞笑,进步青年型
7390,女,18岁以下,运动|音乐|美食,运动乐活型
7391,女,18-24岁,宠物|学习|动漫|生活,动漫二次元型
7392,女,40岁以上,动漫|宠物|生活|学习,动漫二次元型
7393,男,25-30岁,游戏|搞笑,宅文化型
7394,女,18岁以下,宠物|动漫|学习,动漫二次元型
7395,女,25-30岁,宠物|生活|学习|动漫,动漫二次元型
7396,男,18岁以下,游戏|搞笑|动漫,宅文化型
7397,女,18-24岁,宠物|动漫,动漫二次元型
7398,男,18-24岁,动漫|宠物|生活|学习,动漫二次元型
7399,男,18岁以下,学习|宠物|搞笑|科技,进步青年型
7400,男,40岁以上,运动|音乐,运动乐活型
7401,男,18岁以下,运动|美食|音乐,运动乐活型
7402,男,18岁以下,音乐|运动|游戏|美食,运动乐活型
7403,女,25-30岁,游戏|音乐|搞笑|动漫,宅文化型
7404,女,25-30岁,动漫|生活|学习,动漫二次元型
7405,女,40岁以上,宠物|动漫|生活|学习,动漫二次元型
7406,男,18岁以下,音乐|运动,运动乐活型
7407,女,18岁以下,科技|搞笑,进步青年型
7408,男,18岁以下,音乐|运动,运动乐活型
7409,男,18-24岁,学习|科技|宠物,进步青年型
7410,女,40岁以上,运动|音乐,运动乐活型
7411,女,40岁以上,搞笑|音乐,宅文化型
7412,男,18岁以下,音乐|运动|美食,运动乐活型
7413,男,18岁以下,运动|美食|音乐,运动乐活型
7414,女,18岁以下,音乐|运动,运动乐活型
7415,男,31-40岁,游戏|搞笑|音乐,宅文化型
7416,男,18岁以下,动漫|生活|宠物,动漫二次元型
7417,男,18-24岁,生活|美食|科技|运动,生活家型
7418,女,18岁以下,动漫|宠物|生活,动漫二次元型
7419,男,18-24岁,科技|学习|搞笑,进步青年型
7420,女,40岁以上,宠物|动漫|生活|学习,动漫二次元型
7421,女,25-30岁,宠物|生活|动漫,动漫二次元型
7422,男,25-30岁,学习|宠物|科技|搞笑,进步青年型
7423,男,18岁以下,游戏|搞笑|音乐|动漫,宅文化型
7424,女,18岁以下,音乐|运动|游戏,运动乐活型
7425,男,18-24岁,生活|运动|科技,生活家型
7426,女,18-24岁,游戏|搞笑,宅文化型
7427,女,40岁以上,科技|宠物|搞笑,进步青年型
7428,男,31-40岁,游戏|搞笑|音乐,宅文化型
7429,女,18岁以下,搞笑|游戏|动漫,宅文化型
7430,男,18岁以下,运动|音乐,运动乐活型
7431,男,25-30岁,美食|运动,生活家型
7432,女,18岁以下,学习|搞笑|科技|宠物,进步青年型
7433,男,18岁以下,游戏|音乐,宅文化型
7434,女,40岁以上,学习|科技|宠物|搞笑,进步青年型
7435,男,40岁以上,美食|科技|生活,生活家型
7436,女,40岁以上,学习|科技,进步青年型
7437,女,18-24岁,运动|音乐|美食,运动乐活型
7438,女,18岁以下,宠物|动漫|学习|生活,动漫二次元型
7439,女,31-40岁,音乐|游戏,运动乐活型
7440,男,31-40岁,宠物|动漫|生活,动漫二次元型
7441,女,31-40岁,宠物|动漫|生活,动漫二次元型
7442,男,18岁以下,宠物|动漫|生活|学习,动漫二次元型
7443,女,40岁以上,动漫|宠物,动漫二次元型
7444,女,18岁以下,音乐|美食|游戏,运动乐活型
7445,男,31-40岁,生活|美食,生活家型
7446,男,18岁以下,美食|科技|生活,生活家型
7447,男,18岁以下,游戏|音乐,宅文化型
7448,女,25-30岁,科技|宠物,进步青年型
7449,男,25-30岁,运动|美食|音乐,运动乐活型
7450,男,18-24岁,科技|宠物,进步青年型
7451,女,31-40岁,运动|游戏,运动乐活型
7452,男,31-40岁,游戏|搞笑,宅文化型
7453,男,31-40岁,音乐|运动|游戏,运动乐活型
7454,男,25-30岁,运动|美食|游戏,运动乐活型
7455,男,18-24岁,搞笑|游戏,宅文化型
7456,男,18岁以下,美食|运动|科技,生活家型
7457,女,40岁以上,学习|搞笑,进步青年型
7458,女,25-30岁,动漫|宠物|生活,动漫二次元型
7459,男,18岁以下,科技|学习,进步青年型
7460,男,40岁以上,学习|搞笑,进步青年型
7461,男,25-30岁,美食|生活|运动,生活家型
7462,男,18-24岁,游戏|搞笑|动漫,宅文化型
7463,男,31-40岁,生活|运动|科技|美食,生活家型
7464,女,18岁以下,游戏|搞笑|动漫,宅文化型
7465,男,31-40岁,动漫|宠物,动漫二次元型
7466,女,25-30岁,音乐|游戏|美食,运动乐活型
7467,男,31-40岁,生活|美食|运动,生活家型
7468,男,31-40岁,游戏|搞笑|动漫|音乐,宅文化型
7469,女,18岁以下,美食|生活,生活家型
7470,女,31-40岁,美食|科技|生活|运动,生活家型
7471,男,40岁以上,搞笑|游戏|动漫|音乐,宅文化型
7472,女,31-40岁,音乐|运动|游戏|美食,运动乐活型
7473,女,31-40岁,运动|音乐|美食|游戏,运动乐活型
7474,女,25-30岁,音乐|运动,运动乐活型
7475,男,25-30岁,宠物|学习|生活|动漫,动漫二次元型
7476,男,40岁以上,宠物|学习,动漫二次元型
7477,女,18-24岁,搞笑|游戏|音乐,宅文化型
7478,女,31-40岁,科技|学习,进步青年型
7479,女,18-24岁,搞笑|游戏|动漫,宅文化型
7480,男,18岁以下,动漫|宠物|生活,动漫二次元型
7481,男,18岁以下,美食|生活|运动,生活家型
7482,男,31-40岁,动漫|宠物,动漫二次元型
7483,女,31-40岁,搞笑|游戏|音乐|动漫,宅文化型
7484,男,40岁以上,动漫|宠物|学习|生活,动漫二次元型
7485,男,18-24岁,音乐|美食,运动乐活型
7486,男,18岁以下,宠物|动漫|生活,动漫二次元型
7487,男,25-30岁,搞笑|游戏,宅文化型
7488,女,25-30岁,学习|科技,进步青年型
7489,男,31-40岁,搞笑|游戏|音乐,宅文化型
7490,女,25-30岁,学习|科技|宠物,进步青年型
7491,女,40岁以上,宠物|动漫,动漫二次元型
7492,男,18-24岁,学习|宠物,进步青年型
7493,女,18-24岁,游戏|搞笑|动漫|音乐,宅文化型
7494,女,18岁以下,运动|音乐|游戏|美食,运动乐活型
7495,女,40岁以上,动漫|宠物,动漫二次元型
7496,女,31-40岁,学习|科技,进步青年型
7497,男,40岁以上,运动|音乐|美食,运动乐活型
7498,男,31-40岁,学习|科技,进步青年型
7499,男,18岁以下,运动|音乐|美食|游戏,运动乐活型
7500,男,25-30岁,搞笑|游戏,宅文化型
7501,女,18岁以下,宠物|动漫,动漫二次元型
7502,男,18岁以下,动漫|生活|宠物,动漫二次元型
7503,女,18-24岁,运动|音乐,运动乐活型
7504,女,25-30岁,学习|科技|宠物|搞笑,进步青年型
7505,女,18岁以下,动漫|宠物,动漫二次元型
7506,男,18-24岁,生活|美食|运动|科技,生活家型
7507,男,40岁以上,科技|搞笑|宠物|学习,进步青年型
7508,女,18-24岁,生活|美食,生活家型
7509,男,25-30岁,科技|搞笑,进步青年型
7510,女,31-40岁,运动|游戏,运动乐活型
7511,女,18-24岁,科技|学习|搞笑|宠物,进步青年型
7512,女,25-30岁,搞笑|动漫|音乐,宅文化型
7513,男,18岁以下,学习|宠物|搞笑|科技,进步青年型
7514,男,18岁以下,宠物|动漫,动漫二次元型
7515,男,18-24岁,学习|科技,进步青年型
7516,女,40岁以上,搞笑|游戏,宅文化型
7517,女,40岁以上,搞笑|游戏|音乐,宅文化型
7518,女,31-40岁,学习|科技|搞笑|宠物,进步青年型
7519,男,25-30岁,运动|音乐,运动乐活型
7520,男,18-24岁,生活|运动,生活家型
7521,男,31-40岁,动漫|宠物|学习|生活,动漫二次元型
7522,男,18岁以下,宠物|动漫,动漫二次元型
7523,女,40岁以上,学习|科技,进步青年型
7524,男,40岁以上,美食|科技|生活|运动,生活家型
7525,女,40岁以上,学习|科技|宠物,进步青年型
7526,女,40岁以上,动漫|学习,动漫二次元型
7527,女,25-30岁,生活|运动,生活家型
7528,女,18岁以下,动漫|宠物|生活|学习,动漫二次元型
7529,男,31-40岁,音乐|运动|游戏,运动乐活型
7530,女,18-24岁,科技|搞笑|学习|宠物,进步青年型
7531,女,18-24岁,学习|科技|宠物,进步青年型
7532,女,40岁以上,宠物|学习|生活|动漫,动漫二次元型
7533,男,18-24岁,动漫|宠物,动漫二次元型
7534,男,18-24岁,美食|运动,生活家型
7535,男,40岁以上,生活|美食|科技|运动,生活家型
7536,男,31-40岁,学习|科技|宠物,进步青年型
7537,女,25-30岁,游戏|搞笑,宅文化型
7538,女,31-40岁,动漫|学习|生活|宠物,动漫二次元型
7539,女,40岁以上,音乐|美食,运动乐活型
7540,男,40岁以上,美食|生活|科技,生活家型
7541,男,31-40岁,美食|生活,生活家型
7542,女,18岁以下,学习|宠物|科技,进步青年型
7543,男,18岁以下,美食|生活,生活家型
7544,女,18-24岁,生活|美食|运动,生活家型
7545,女,25-30岁,游戏|搞笑,宅文化型
7546,男,18岁以下,美食|生活,生活家型
7547,男,18岁以下,动漫|宠物,动漫二次元型
7548,男,25-30岁,游戏|搞笑,宅文化型
7549,男,18-24岁,动漫|宠物|学习,动漫二次元型
7550,男,18-24岁,运动|美食,运动乐活型
7551,男,18岁以下,美食|科技|运动,生活家型
7552,男,25-30岁,搞笑|游戏,宅文化型
7553,女,25-30岁,音乐|美食|游戏|运动,运动乐活型
7554,男,25-30岁,动漫|学习|宠物,动漫二次元型
7555,男,40岁以上,音乐|运动|美食|游戏,运动乐活型
7556,女,18岁以下,动漫|宠物|生活|学习,动漫二次元型
7557,女,18岁以下,游戏|搞笑,宅文化型
7558,女,31-40岁,音乐|运动,运动乐活型
7559,女,40岁以上,音乐|运动|美食,运动乐活型
7560,女,25-30岁,搞笑|游戏,宅文化型
7561,男,31-40岁,动漫|宠物|生活,动漫二次元型
7562,女,40岁以上,生活|运动,生活家型
7563,男,18-24岁,美食|生活,生活家型
7564,女,25-30岁,宠物|动漫,动漫二次元型
7565,男,40岁以上,音乐|运动|美食,运动乐活型
7566,女,25-30岁,学习|科技|宠物,进步青年型
7567,男,25-30岁,生活|美食,生活家型
7568,男,25-30岁,美食|生活|科技,生活家型
7569,女,31-40岁,科技|宠物,进步青年型
7570,女,18-24岁,美食|生活,生活家型
7571,男,31-40岁,搞笑|游戏,宅文化型
7572,女,18-24岁,宠物|动漫,动漫二次元型
7573,男,18岁以下,科技|学习|搞笑|宠物,进步青年型
7574,女,18岁以下,宠物|动漫|学习,动漫二次元型
7575,女,31-40岁,科技|学习|宠物,进步青年型
7576,女,40岁以上,动漫|宠物,动漫二次元型
7577,女,18岁以下,游戏|搞笑,宅文化型
7578,女,18-24岁,宠物|动漫|学习,动漫二次元型
7579,女,40岁以上,生活|运动|科技|美食,生活家型
7580,男,18-24岁,生活|美食|运动|科技,生活家型
7581,女,31-40岁,生活|美食|科技,生活家型
7582,女,40岁以上,学习|宠物|搞笑|科技,进步青年型
7583,女,40岁以上,音乐|运动|游戏,运动乐活型
7584,女,18岁以下,学习|搞笑|科技|宠物,进步青年型
7585,女,31-40岁,宠物|动漫|生活,动漫二次元型
7586,女,40岁以上,生活|运动,生活家型
7587,女,31-40岁,音乐|运动|游戏|美食,运动乐活型
7588,女,40岁以上,音乐|运动|游戏,运动乐活型
7589,女,31-40岁,搞笑|游戏|动漫,宅文化型
7590,女,31-40岁,美食|生活|运动,生活家型
7591,男,31-40岁,运动|音乐|美食,运动乐活型
7592,男,31-40岁,音乐|运动,运动乐活型
7593,男,40岁以上,宠物|动漫|学习,动漫二次元型
7594,男,25-30岁,美食|生活|科技,生活家型
7595,女,31-40岁,搞笑|音乐,宅文化型
7596,女,25-30岁,游戏|动漫|音乐,宅文化型
7597,女,40岁以上,宠物|生活,动漫二次元型
7598,女,31-40岁,游戏|音乐|动漫|搞笑,宅文化型
7599,女,31-40岁,搞笑|游戏|音乐,宅文化型
7600,女,40岁以上,游戏|搞笑,宅文化型
7601,女,40岁以上,搞笑|游戏|动漫,宅文化型
7602,男,25-30岁,搞笑|游戏|动漫,宅文化型
7603,男,18岁以下,搞笑|游戏,宅文化型
7604,女,31-40岁,搞笑|游戏,宅文化型
7605,男,18岁以下,美食|生活|科技|运动,生活家型
7606,女,18-24岁,动漫|宠物|学习,动漫二次元型
7607,女,25-30岁,美食|运动|科技,生活家型
7608,男,40岁以上,运动|音乐|美食|游戏,运动乐活型
7609,女,18岁以下,学习|科技|宠物,进步青年型
7610,男,25-30岁,音乐|运动,运动乐活型
7611,女,31-40岁,宠物|动漫|学习|生活,动漫二次元型
7612,女,18-24岁,搞笑|动漫|音乐|游戏,宅文化型
7613,女,18岁以下,音乐|运动|游戏|美食,运动乐活型
7614,女,18岁以下,美食|生活|科技,生活家型
7615,男,18-24岁,运动|音乐|美食|游戏,运动乐活型
7616,男,18岁以下,动漫|宠物,动漫二次元型
7617,女,18-24岁,美食|运动,生活家型
7618,女,31-40岁,生活|美食,生活家型
7619,女,18岁以下,学习|科技,进步青年型
7620,女,31-40岁,宠物|动漫,动漫二次元型
7621,男,31-40岁,宠物|动漫|生活|学习,动漫二次元型
7622,女,25-30岁,宠物|动漫,动漫二次元型
7623,女,40岁以上,科技|学习,进步青年型
7624,男,31-40岁,科技|学习,进步青年型
7625,女,31-40岁,搞笑|游戏|音乐|动漫,宅文化型
7626,男,25-30岁,运动|音乐|游戏,运动乐活型
7627,男,18岁以下,游戏|搞笑|动漫,宅文化型
7628,女,31-40岁,生活|美食|运动,生活家型
7629,女,18-24岁,生活|运动,生活家型
7630,男,25-30岁,生活|科技|美食,生活家型
7631,女,40岁以上,搞笑|音乐|动漫,宅文化型
7632,女,25-30岁,美食|科技|运动,生活家型
7633,女,40岁以上,生活|美食|科技,生活家型
7634,女,31-40岁,搞笑|游戏|动漫|音乐,宅文化型
7635,男,18-24岁,学习|搞笑|宠物,进步青年型
7636,男,18岁以下,运动|游戏,运动乐活型
7637,男,25-30岁,运动|美食|游戏|音乐,运动乐活型
7638,女,31-40岁,宠物|生活|学习|动漫,动漫二次元型
7639,女,31-40岁,宠物|生活|动漫|学习,动漫二次元型
7640,男,25-30岁,生活|美食|运动|科技,生活家型
7641,女,25-30岁,科技|搞笑,进步青年型
7642,女,31-40岁,美食|生活,生活家型
7643,女,18岁以下,音乐|美食|游戏|运动,运动乐活型
7644,女,40岁以上,音乐|美食,运动乐活型
7645,女,31-40岁,音乐|运动,运动乐活型
7646,男,31-40岁,美食|生活|运动,生活家型
7647,男,40岁以上,音乐|运动,运动乐活型
7648,男,18岁以下,学习|搞笑|科技|宠物,进步青年型
7649,女,18岁以下,美食|生活|运动,生活家型
7650,女,25-30岁,运动|音乐|游戏|美食,运动乐活型
7651,女,40岁以上,生活|美食,生活家型
7652,女,18岁以下,游戏|动漫,宅文化型
7653,男,31-40岁,运动|音乐,运动乐活型
7654,女,25-30岁,搞笑|游戏|音乐,宅文化型
7655,男,18岁以下,搞笑|游戏|动漫,宅文化型
7656,女,40岁以上,音乐|游戏|运动,运动乐活型
7657,男,18-24岁,动漫|宠物|生活,动漫二次元型
7658,男,18岁以下,学习|科技|宠物|搞笑,进步青年型
7659,女,25-30岁,搞笑|游戏|音乐|动漫,宅文化型
7660,男,25-30岁,宠物|动漫,动漫二次元型
7661,男,40岁以上,游戏|搞笑|音乐|动漫,宅文化型
7662,男,25-30岁,学习|科技|搞笑,进步青年型
7663,男,25-30岁,美食|科技,生活家型
7664,女,18-24岁,运动|音乐|美食,运动乐活型
7665,男,18-24岁,生活|美食|运动|科技,生活家型
7666,女,40岁以上,学习|宠物|搞笑,进步青年型
7667,男,18岁以下,运动|音乐,运动乐活型
7668,男,18岁以下,动漫|学习,动漫二次元型
7669,女,18岁以下,宠物|动漫|学习|生活,动漫二次元型
7670,男,40岁以上,动漫|学习|宠物|生活,动漫二次元型
7671,男,31-40岁,运动|音乐,运动乐活型
7672,男,18岁以下,美食|科技|运动|生活,生活家型
7673,男,18-24岁,生活|美食|科技|运动,生活家型
7674,男,31-40岁,学习|科技|宠物,进步青年型
7675,男,25-30岁,学习|宠物,进步青年型
7676,男,25-30岁,科技|学习|宠物|搞笑,进步青年型
7677,男,18岁以下,科技|学习|宠物|搞笑,进步青年型
7678,男,25-30岁,运动|音乐|游戏|美食,运动乐活型
7679,男,25-30岁,宠物|学习|动漫|生活,动漫二次元型
7680,男,31-40岁,生活|美食,生活家型
7681,男,18-24岁,音乐|运动,运动乐活型
7682,女,18-24岁,搞笑|游戏|音乐,宅文化型
7683,男,40岁以上,学习|科技|宠物|搞笑,进步青年型
7684,女,31-40岁,游戏|搞笑|动漫,宅文化型
7685,女,18-24岁,游戏|搞笑,宅文化型
7686,男,18岁以下,生活|美食|科技,生活家型
7687,男,18-24岁,美食|生活,生活家型
7688,男,31-40岁,音乐|运动,运动乐活型
7689,女,18岁以下,科技|搞笑|学习,进步青年型
7690,男,25-30岁,运动|音乐|美食,运动乐活型
7691,男,18-24岁,动漫|宠物|学习,动漫二次元型
7692,女,18-24岁,美食|生活|科技|运动,生活家型
7693,男,25-30岁,动漫|宠物|生活|学习,动漫二次元型
7694,女,18-24岁,生活|美食|科技,生活家型
7695,男,25-30岁,宠物|动漫|学习,动漫二次元型
7696,男,18岁以下,搞笑|动漫|游戏|音乐,宅文化型
7697,男,31-40岁,搞笑|动漫,宅文化型
7698,男,31-40岁,学习|科技|宠物,进步青年型
7699,男,18岁以下,搞笑|游戏|动漫|音乐,宅文化型
7700,男,25-30岁,学习|宠物,进步青年型
7701,男,31-40岁,音乐|运动|美食|游戏,运动乐活型
7702,男,18岁以下,动漫|宠物|学习,动漫二次元型
7703,女,25-30岁,宠物|动漫|学习,动漫二次元型
7704,女,25-30岁,游戏|搞笑|动漫|音乐,宅文化型
7705,女,18-24岁,运动|美食|音乐,运动乐活型
7706,女,31-40岁,动漫|生活|学习|宠物,动漫二次元型
7707,男,18岁以下,科技|学习,进步青年型
7708,女,25-30岁,生活|美食|运动|科技,生活家型
7709,男,18-24岁,游戏|搞笑|动漫|音乐,宅文化型
7710,男,31-40岁,科技|学习|搞笑,进步青年型
7711,女,18-24岁,美食|科技|生活,生活家型
7712,女,18岁以下,游戏|搞笑|动漫|音乐,宅文化型
7713,女,18岁以下,运动|音乐|游戏,运动乐活型
7714,男,40岁以上,学习|科技|宠物|搞笑,进步青年型
7715,男,40岁以上,美食|生活|科技,生活家型
7716,女,40岁以上,游戏|音乐|动漫|搞笑,宅文化型
7717,男,40岁以上,动漫|生活|宠物|学习,动漫二次元型
7718,男,25-30岁,学习|科技|搞笑,进步青年型
7719,男,18岁以下,运动|游戏,运动乐活型
7720,女,31-40岁,科技|学习,进步青年型
7721,男,18岁以下,搞笑|游戏,宅文化型
7722,女,18岁以下,宠物|学习,动漫二次元型
7723,男,40岁以上,科技|搞笑|宠物|学习,进步青年型
7724,男,40岁以上,音乐|美食|运动|游戏,运动乐活型
7725,男,18岁以下,运动|音乐|游戏,运动乐活型
7726,女,40岁以上,学习|科技|宠物|搞笑,进步青年型
7727,男,40岁以上,动漫|宠物|学习|生活,动漫二次元型
7728,女,18-24岁,生活|美食,生活家型
7729,女,18岁以下,运动|美食|游戏|音乐,运动乐活型
7730,女,25-30岁,宠物|动漫|生活|学习,动漫二次元型
7731,男,40岁以上,动漫|宠物|学习,动漫二次元型
7732,男,31-40岁,动漫|宠物|生活|学习,动漫二次元型
7733,女,18-24岁,音乐|游戏|运动,运动乐活型
7734,女,18-24岁,游戏|音乐|动漫,宅文化型
7735,女,18岁以下,音乐|美食|运动|游戏,运动乐活型
7736,男,18岁以下,运动|美食|音乐,运动乐活型
7737,男,18岁以下,游戏|搞笑|动漫,宅文化型
7738,男,31-40岁,美食|运动|科技|生活,生活家型
7739,男,25-30岁,科技|学习,进步青年型
7740,男,18岁以下,动漫|宠物|生活,动漫二次元型
7741,女,25-30岁,生活|美食,生活家型
7742,男,25-30岁,游戏|搞笑|音乐,宅文化型
7743,女,18-24岁,科技|学习,进步青年型
7744,男,18岁以下,搞笑|游戏|动漫|音乐,宅文化型
7745,男,40岁以上,运动|音乐|美食|游戏,运动乐活型
7746,女,31-40岁,科技|搞笑,进步青年型
7747,男,31-40岁,游戏|搞笑|动漫,宅文化型
7748,男,18-24岁,音乐|运动,运动乐活型
7749,男,25-30岁,科技|搞笑|宠物|学习,进步青年型
7750,男,31-40岁,科技|搞笑|宠物,进步青年型
7751,男,40岁以上,搞笑|音乐,宅文化型
7752,男,40岁以上,动漫|生活,动漫二次元型
7753,女,40岁以上,学习|科技|搞笑,进步青年型
7754,女,40岁以上,搞笑|音乐|动漫,宅文化型
7755,男,18-24岁,生活|美食|科技|运动,生活家型
7756,女,18-24岁,科技|学习|搞笑,进步青年型
7757,男,18-24岁,生活|美食|运动|科技,生活家型
7758,男,18岁以下,音乐|游戏|运动,运动乐活型
7759,男,31-40岁,美食|生活,生活家型
7760,女,40岁以上,生活|运动|科技|美食,生活家型
7761,男,31-40岁,游戏|搞笑,宅文化型
7762,女,31-40岁,运动|音乐|游戏,运动乐活型
7763,男,18-24岁,运动|音乐,运动乐活型
7764,女,18岁以下,运动|游戏|音乐,运动乐活型
7765,女,18岁以下,学习|搞笑|科技,进步青年型
7766,女,25-30岁,科技|学习,进步青年型
7767,女,31-40岁,学习|科技,进步青年型
7768,男,25-30岁,生活|科技|美食|运动,生活家型
7769,男,25-30岁,动漫|学习|宠物,动漫二次元型
7770,男,40岁以上,学习|宠物|科技,进步青年型
7771,男,25-30岁,音乐|游戏|美食|运动,运动乐活型
7772,女,31-40岁,美食|生活|运动,生活家型
7773,男,25-30岁,科技|学习|搞笑,进步青年型
7774,男,40岁以上,生活|美食|科技|运动,生活家型
7775,女,18-24岁,游戏|搞笑,宅文化型
7776,男,31-40岁,宠物|动漫|生活|学习,动漫二次元型
7777,男,18-24岁,美食|科技|生活,生活家型
7778,女,18-24岁,动漫|宠物|学习|生活,动漫二次元型
7779,女,40岁以上,科技|学习|宠物|搞笑,进步青年型
7780,男,18-24岁,游戏|搞笑,宅文化型
7781,男,31-40岁,音乐|运动|游戏,运动乐活型
7782,女,18-24岁,音乐|运动|美食|游戏,运动乐活型
7783,女,31-40岁,科技|宠物|学习|搞笑,进步青年型
7784,男,40岁以上,游戏|搞笑|动漫,宅文化型
7785,男,18岁以下,美食|科技|运动|生活,生活家型
7786,女,25-30岁,宠物|动漫|生活|学习,动漫二次元型
7787,女,18岁以下,游戏|搞笑|动漫,宅文化型
7788,女,18-24岁,生活|美食,生活家型
7789,女,25-30岁,学习|科技|搞笑|宠物,进步青年型
7790,男,25-30岁,生活|美食|运动|科技,生活家型
7791,女,31-40岁,搞笑|游戏|动漫,宅文化型
7792,男,25-30岁,美食|运动,生活家型
7793,男,18岁以下,宠物|动漫|生活,动漫二次元型
7794,女,25-30岁,动漫|学习|宠物|生活,动漫二次元型
7795,男,31-40岁,宠物|动漫|生活|学习,动漫二次元型
7796,女,31-40岁,科技|学习|宠物,进步青年型
7797,男,18岁以下,美食|生活|运动,生活家型
7798,男,18岁以下,宠物|动漫,动漫二次元型
7799,男,18-24岁,学习|科技|搞笑,进步青年型
7800,男,18岁以下,生活|美食|科技|运动,生活家型
7801,男,25-30岁,美食|生活|运动,生活家型
7802,女,25-30岁,搞笑|游戏,宅文化型
7803,男,18岁以下,美食|生活|运动|科技,生活家型
7804,女,18岁以下,音乐|运动|游戏,运动乐活型
7805,女,18-24岁,游戏|搞笑,宅文化型
7806,男,31-40岁,游戏|搞笑|音乐,宅文化型
7807,女,18岁以下,音乐|美食,运动乐活型
7808,女,25-30岁,音乐|游戏,运动乐活型
7809,男,18-24岁,学习|科技,进步青年型
7810,男,31-40岁,动漫|宠物,动漫二次元型
7811,男,40岁以上,运动|音乐|游戏|美食,运动乐活型
7812,女,31-40岁,动漫|宠物|生活,动漫二次元型
7813,女,18-24岁,搞笑|游戏,宅文化型
7814,男,25-30岁,科技|学习|宠物,进步青年型
7815,男,31-40岁,搞笑|游戏|音乐,宅文化型
7816,男,25-30岁,游戏|搞笑,宅文化型
7817,女,40岁以上,搞笑|动漫,宅文化型
7818,男,18岁以下,动漫|宠物,动漫二次元型
7819,男,18岁以下,运动|美食,运动乐活型
7820,男,31-40岁,搞笑|游戏|音乐|动漫,宅文化型
7821,女,18-24岁,科技|学习|宠物,进步青年型
7822,男,31-40岁,宠物|生活|动漫|学习,动漫二次元型
7823,男,25-30岁,生活|美食|运动|科技,生活家型
7824,女,18-24岁,游戏|动漫|搞笑|音乐,宅文化型
7825,男,40岁以上,科技|宠物|学习|搞笑,进步青年型
7826,男,18岁以下,音乐|游戏|运动,运动乐活型
7827,男,40岁以上,学习|科技|搞笑,进步青年型
7828,男,18岁以下,学习|科技,进步青年型
7829,男,25-30岁,搞笑|游戏,宅文化型
7830,女,31-40岁,生活|美食|运动|科技,生活家型
7831,女,40岁以上,科技|学习|宠物|搞笑,进步青年型
7832,男,18-24岁,生活|美食|运动|科技,生活家型
7833,女,25-30岁,学习|科技,进步青年型
7834,男,31-40岁,宠物|动漫,动漫二次元型
7835,男,31-40岁,运动|音乐|美食|游戏,运动乐活型
7836,女,18-24岁,运动|音乐|美食|游戏,运动乐活型
7837,女,31-40岁,科技|学习|宠物|搞笑,进步青年型
7838,男,40岁以上,搞笑|游戏|动漫,宅文化型
7839,男,18-24岁,运动|音乐,运动乐活型
7840,男,25-30岁,运动|音乐,运动乐活型
7841,女,18-24岁,美食|生活|科技,生活家型
7842,女,31-40岁,音乐|运动|游戏,运动乐活型
7843,男,18-24岁,游戏|音乐|动漫|搞笑,宅文化型
7844,女,18岁以下,游戏|动漫|搞笑,宅文化型
7845,女,18岁以下,美食|生活|运动|科技,生活家型
7846,男,31-40岁,运动|美食|音乐|游戏,运动乐活型
7847,女,18-24岁,学习|科技|搞笑|宠物,进步青年型
7848,男,40岁以上,动漫|学习|宠物,动漫二次元型
7849,男,25-30岁,宠物|动漫|生活,动漫二次元型
7850,男,25-30岁,游戏|搞笑|音乐,宅文化型
7851,女,18岁以下,搞笑|游戏|音乐|动漫,宅文化型
7852,男,18岁以下,生活|科技|美食|运动,生活家型
7853,男,31-40岁,音乐|美食,运动乐活型
7854,女,40岁以上,学习|搞笑|宠物,进步青年型
7855,男,25-30岁,学习|宠物|搞笑|科技,进步青年型
7856,男,18-24岁,宠物|动漫,动漫二次元型
7857,男,18岁以下,搞笑|游戏|动漫,宅文化型
7858,男,40岁以上,宠物|学习|生活|动漫,动漫二次元型
7859,男,25-30岁,生活|科技|运动|美食,生活家型
7860,男,31-40岁,运动|音乐|游戏,运动乐活型
7861,女,25-30岁,运动|音乐,运动乐活型
7862,女,18-24岁,美食|生活,生活家型
7863,男,18岁以下,生活|美食|科技,生活家型
7864,女,18岁以下,游戏|音乐,宅文化型
7865,女,40岁以上,搞笑|游戏|动漫|音乐,宅文化型
7866,女,31-40岁,宠物|动漫|学习,动漫二次元型
7867,男,31-40岁,动漫|学习|宠物|生活,动漫二次元型
7868,男,18岁以下,学习|科技,进步青年型
7869,男,31-40岁,学习|科技|搞笑|宠物,进步青年型
7870,男,31-40岁,宠物|动漫,动漫二次元型
7871,男,18-24岁,学习|搞笑|科技|宠物,进步青年型
7872,男,25-30岁,美食|生活|科技|运动,生活家型
7873,男,40岁以上,美食|科技|生活,生活家型
7874,男,31-40岁,运动|音乐,运动乐活型
7875,女,18-24岁,生活|科技|美食|运动,生活家型
7876,男,40岁以上,美食|生活,生活家型
7877,女,18岁以下,运动|音乐,运动乐活型
7878,男,25-30岁,学习|科技|宠物,进步青年型
7879,男,31-40岁,生活|美食|运动|科技,生活家型
7880,女,18岁以下,学习|科技|宠物,进步青年型
7881,男,18-24岁,动漫|生活,动漫二次元型
7882,男,31-40岁,运动|音乐|游戏|美食,运动乐活型
7883,女,25-30岁,宠物|动漫|学习,动漫二次元型
7884,男,31-40岁,学习|科技,进步青年型
7885,女,40岁以上,学习|搞笑|宠物,进步青年型
7886,男,25-30岁,科技|宠物,进步青年型
7887,女,40岁以上,运动|游戏|美食|音乐,运动乐活型
7888,女,25-30岁,宠物|动漫,动漫二次元型
7889,女,31-40岁,运动|游戏,运动乐活型
7890,女,31-40岁,动漫|生活|学习|宠物,动漫二次元型
7891,男,18岁以下,生活|美食,生活家型
7892,男,18-24岁,动漫|宠物|学习,动漫二次元型
7893,女,31-40岁,美食|生活|运动,生活家型
7894,女,40岁以上,音乐|运动|美食|游戏,运动乐活型
7895,男,25-30岁,游戏|音乐,宅文化型
7896,男,40岁以上,音乐|美食|运动,运动乐活型
7897,女,18-24岁,运动|游戏,运动乐活型
7898,男,31-40岁,宠物|生活,动漫二次元型
7899,男,31-40岁,搞笑|动漫|音乐,宅文化型
7900,男,18岁以下,学习|科技,进步青年型
7901,女,31-40岁,学习|科技,进步青年型
7902,女,25-30岁,宠物|动漫|生活,动漫二次元型
7903,女,31-40岁,科技|搞笑|学习,进步青年型
7904,男,40岁以上,科技|学习|搞笑|宠物,进步青年型
7905,男,40岁以上,运动|美食|游戏|音乐,运动乐活型
7906,女,18-24岁,美食|运动|科技|生活,生活家型
7907,男,18-24岁,生活|美食|运动,生活家型
7908,男,25-30岁,音乐|美食,运动乐活型
7909,女,40岁以上,游戏|搞笑|音乐|动漫,宅文化型
7910,男,25-30岁,运动|音乐|美食|游戏,运动乐活型
7911,女,18岁以下,宠物|生活,动漫二次元型
7912,男,31-40岁,学习|科技|宠物,进步青年型
7913,女,31-40岁,游戏|搞笑,宅文化型
7914,男,25-30岁,科技|学习|宠物,进步青年型
7915,女,25-30岁,音乐|运动,运动乐活型
7916,女,18岁以下,音乐|运动|游戏|美食,运动乐活型
7917,女,18岁以下,游戏|动漫|搞笑|音乐,宅文化型
7918,女,25-30岁,科技|学习,进步青年型
7919,男,25-30岁,生活|运动|科技,生活家型
7920,男,40岁以上,搞笑|游戏|音乐|动漫,宅文化型
7921,男,18-24岁,运动|美食|游戏,运动乐活型
7922,女,25-30岁,学习|科技|搞笑|宠物,进步青年型
7923,女,31-40岁,生活|运动,生活家型
7924,女,40岁以上,宠物|学习|生活|动漫,动漫二次元型
7925,女,18岁以下,学习|宠物|科技,进步青年型
7926,女,25-30岁,生活|美食,生活家型
7927,女,18-24岁,美食|生活|运动,生活家型
7928,男,18-24岁,音乐|运动,运动乐活型
7929,女,31-40岁,科技|学习|搞笑|宠物,进步青年型
7930,女,18岁以下,搞笑|游戏,宅文化型
7931,男,31-40岁,运动|音乐|美食|游戏,运动乐活型
7932,男,31-40岁,音乐|运动|美食|游戏,运动乐活型
7933,女,40岁以上,宠物|动漫|生活|学习,动漫二次元型
7934,女,18-24岁,游戏|音乐|搞笑,宅文化型
7935,男,18岁以下,搞笑|音乐|动漫,宅文化型
7936,女,25-30岁,音乐|运动|美食,运动乐活型
7937,男,18-24岁,学习|科技,进步青年型
7938,女,25-30岁,宠物|动漫|学习,动漫二次元型
7939,女,40岁以上,搞笑|游戏,宅文化型
7940,女,40岁以上,宠物|动漫|生活|学习,动漫二次元型
7941,女,25-30岁,音乐|美食,运动乐活型
7942,男,40岁以上,运动|音乐|美食,运动乐活型
7943,男,18-24岁,动漫|宠物|学习|生活,动漫二次元型
7944,女,18-24岁,科技|学习|搞笑|宠物,进步青年型
7945,女,25-30岁,生活|运动|科技|美食,生活家型
7946,男,18-24岁,游戏|搞笑|动漫,宅文化型
7947,男,25-30岁,搞笑|动漫,宅文化型
7948,男,25-30岁,运动|美食,运动乐活型
7949,女,25-30岁,美食|生活,生活家型
7950,男,18-24岁,生活|美食|科技|运动,生活家型
7951,男,40岁以上,动漫|学习|生活,动漫二次元型
7952,女,25-30岁,搞笑|音乐,宅文化型
7953,男,40岁以上,游戏|搞笑|音乐,宅文化型
7954,男,31-40岁,生活|美食|运动|科技,生活家型
7955,女,18-24岁,运动|音乐|美食,运动乐活型
7956,女,40岁以上,美食|运动|生活,生活家型
7957,女,25-30岁,科技|学习,进步青年型
7958,女,18-24岁,动漫|宠物|生活|学习,动漫二次元型
7959,女,18-24岁,学习|科技|搞笑|宠物,进步青年型
7960,男,25-30岁,生活|运动|科技,生活家型
7961,女,18岁以下,搞笑|游戏|音乐,宅文化型
7962,男,25-30岁,动漫|宠物|学习|生活,动漫二次元型
7963,男,40岁以上,动漫|宠物,动漫二次元型
7964,女,40岁以上,宠物|生活,动漫二次元型
7965,女,18岁以下,科技|学习,进步青年型
7966,女,25-30岁,音乐|运动,运动乐活型
7967,女,31-40岁,生活|运动,生活家型
7968,女,18-24岁,搞笑|游戏,宅文化型
7969,男,25-30岁,学习|搞笑|科技|宠物,进步青年型
7970,女,25-30岁,搞笑|游戏,宅文化型
7971,男,18岁以下,搞笑|音乐|游戏,宅文化型
7972,男,31-40岁,搞笑|游戏|音乐|动漫,宅文化型
7973,男,31-40岁,学习|科技|搞笑|宠物,进步青年型
7974,女,31-40岁,科技|学习|搞笑|宠物,进步青年型
7975,男,18岁以下,美食|运动|科技|生活,生活家型
7976,男,25-30岁,搞笑|游戏|音乐|动漫,宅文化型
7977,女,25-30岁,美食|科技|运动,生活家型
7978,男,40岁以上,动漫|学习|生活,动漫二次元型
7979,女,18岁以下,游戏|搞笑|音乐,宅文化型
7980,女,25-30岁,动漫|宠物,动漫二次元型
7981,女,18岁以下,科技|学习|搞笑,进步青年型
7982,男,18岁以下,宠物|生活,动漫二次元型
7983,女,40岁以上,生活|美食|运动|科技,生活家型
7984,男,31-40岁,宠物|动漫,动漫二次元型
7985,女,18岁以下,搞笑|游戏|音乐|动漫,宅文化型
7986,女,31-40岁,学习|搞笑,进步青年型
7987,男,40岁以上,音乐|运动,运动乐活型
7988,男,31-40岁,游戏|搞笑|动漫,宅文化型
7989,女,18-24岁,美食|生活,生活家型
7990,男,18岁以下,音乐|运动|美食|游戏,运动乐活型
7991,女,31-40岁,宠物|动漫|生活|学习,动漫二次元型
7992,女,40岁以上,运动|音乐,运动乐活型
7993,男,40岁以上,搞笑|音乐|动漫,宅文化型
7994,男,18岁以下,生活|美食|运动,生活家型
7995,女,31-40岁,动漫|宠物,动漫二次元型
7996,女,18-24岁,宠物|学习|生活,动漫二次元型
7997,男,18-24岁,生活|运动,生活家型
7998,男,31-40岁,学习|搞笑|科技|宠物,进步青年型
7999,女,18-24岁,宠物|学习|动漫|生活,动漫二次元型
8000,男,25-30岁,动漫|宠物|学习|生活,动漫二次元型
8001,女,18岁以下,游戏|搞笑|音乐,宅文化型
8002,女,40岁以上,学习|科技|搞笑,进步青年型
8003,女,18岁以下,动漫|学习|宠物,动漫二次元型
8004,女,31-40岁,运动|音乐|美食|游戏,运动乐活型
8005,女,40岁以上,美食|生活|运动,生活家型
8006,女,18-24岁,生活|运动,生活家型
8007,男,31-40岁,游戏|音乐|动漫,宅文化型
8008,女,18岁以下,游戏|搞笑|动漫,宅文化型
8009,男,31-40岁,搞笑|音乐,宅文化型
8010,女,31-40岁,生活|科技,生活家型
8011,女,40岁以上,音乐|运动|游戏|美食,运动乐活型
8012,女,31-40岁,搞笑|游戏|音乐|动漫,宅文化型
8013,女,31-40岁,美食|生活|科技|运动,生活家型
8014,女,31-40岁,学习|搞笑|科技|宠物,进步青年型
8015,男,25-30岁,美食|科技|运动|生活,生活家型
8016,女,31-40岁,学习|宠物,进步青年型
8017,男,40岁以上,美食|科技|生活|运动,生活家型
8018,男,18-24岁,学习|宠物|科技|搞笑,进步青年型
8019,男,31-40岁,音乐|游戏,运动乐活型
8020,女,40岁以上,搞笑|游戏|音乐,宅文化型
8021,男,40岁以上,美食|生活|运动|科技,生活家型
8022,男,31-40岁,运动|音乐,运动乐活型
8023,男,40岁以上,游戏|搞笑|动漫|音乐,宅文化型
8024,男,18-24岁,运动|游戏,运动乐活型
8025,男,25-30岁,运动|音乐|美食|游戏,运动乐活型
8026,女,31-40岁,搞笑|游戏|动漫|音乐,宅文化型
8027,女,18-24岁,音乐|运动|美食,运动乐活型
8028,女,25-30岁,音乐|美食,运动乐活型
8029,男,18岁以下,音乐|游戏|运动|美食,运动乐活型
8030,男,40岁以上,科技|学习,进步青年型
8031,女,18岁以下,美食|运动|科技,生活家型
8032,女,18岁以下,科技|宠物,进步青年型
8033,女,40岁以上,搞笑|音乐,宅文化型
8034,男,31-40岁,科技|学习|搞笑|宠物,进步青年型
8035,女,18岁以下,学习|科技|宠物,进步青年型
8036,女,31-40岁,科技|学习|搞笑|宠物,进步青年型
8037,女,18岁以下,音乐|运动|游戏,运动乐活型
8038,女,25-30岁,动漫|宠物|学习,动漫二次元型
8039,女,18岁以下,运动|音乐,运动乐活型
8040,男,40岁以上,运动|音乐|游戏|美食,运动乐活型
8041,女,18-24岁,运动|游戏|音乐|美食,运动乐活型
8042,男,18-24岁,搞笑|动漫,宅文化型
8043,女,18-24岁,游戏|搞笑|动漫,宅文化型
8044,女,25-30岁,动漫|生活|宠物|学习,动漫二次元型
8045,女,25-30岁,游戏|搞笑|动漫|音乐,宅文化型
8046,男,18-24岁,科技|宠物|搞笑|学习,进步青年型
8047,男,31-40岁,学习|科技|宠物|搞笑,进步青年型
8048,女,40岁以上,科技|搞笑|宠物,进步青年型
8049,女,18岁以下,宠物|动漫|生活,动漫二次元型
8050,女,18岁以下,游戏|动漫|音乐|搞笑,宅文化型
8051,男,31-40岁,动漫|宠物|学习,动漫二次元型
8052,女,40岁以上,搞笑|游戏|动漫|音乐,宅文化型
8053,女,31-40岁,生活|运动|科技,生活家型
8054,女,25-30岁,科技|宠物|学习|搞笑,进步青年型
8055,女,25-30岁,动漫|生活,动漫二次元型
8056,男,25-30岁,音乐|运动,运动乐活型
8057,男,18-24岁,搞笑|游戏,宅文化型
8058,男,25-30岁,动漫|生活,动漫二次元型
8059,女,18-24岁,学习|科技|搞笑,进步青年型
8060,女,25-30岁,游戏|搞笑|动漫|音乐,宅文化型
8061,女,18-24岁,音乐|美食,运动乐活型
8062,女,25-30岁,音乐|美食|游戏,运动乐活型
8063,女,18-24岁,运动|音乐,运动乐活型
8064,男,25-30岁,科技|宠物|搞笑,进步青年型
8065,女,40岁以上,科技|学习|搞笑,进步青年型
8066,女,18岁以下,运动|音乐|美食,运动乐活型
8067,女,25-30岁,宠物|动漫,动漫二次元型
8068,男,25-30岁,运动|音乐|游戏|美食,运动乐活型
8069,男,40岁以上,游戏|搞笑|音乐|动漫,宅文化型
8070,男,31-40岁,搞笑|动漫,宅文化型
8071,男,31-40岁,学习|科技,进步青年型
8072,男,40岁以上,搞笑|动漫|游戏|音乐,宅文化型
8073,女,18-24岁,美食|运动|生活|科技,生活家型
8074,男,18-24岁,游戏|搞笑|音乐|动漫,宅文化型
8075,男,18岁以下,美食|生活|运动|科技,生活家型
8076,男,40岁以上,科技|学习|搞笑,进步青年型
8077,男,31-40岁,搞笑|游戏|动漫,宅文化型
8078,女,18岁以下,运动|音乐|美食|游戏,运动乐活型
8079,女,25-30岁,游戏|搞笑,宅文化型
8080,男,25-30岁,动漫|宠物,动漫二次元型
8081,女,18-24岁,美食|科技|运动,生活家型
8082,男,18-24岁,宠物|动漫|生活|学习,动漫二次元型
8083,女,25-30岁,音乐|运动,运动乐活型
8084,男,18岁以下,运动|音乐|美食|游戏,运动乐活型
8085,男,25-30岁,运动|音乐|游戏|美食,运动乐活型
8086,男,25-30岁,美食|运动|科技,生活家型
8087,女,18-24岁,学习|科技|搞笑|宠物,进步青年型
8088,男,18-24岁,动漫|生活|学习,动漫二次元型
8089,男,25-30岁,游戏|搞笑,宅文化型
8090,男,31-40岁,生活|美食,生活家型
8091,女,31-40岁,动漫|宠物|学习|生活,动漫二次元型
8092,女,18-24岁,运动|音乐|游戏,运动乐活型
8093,女,31-40岁,学习|科技,进步青年型
8094,女,31-40岁,科技|学习|宠物,进步青年型
8095,男,18-24岁,音乐|运动|美食,运动乐活型
8096,男,25-30岁,运动|音乐|游戏,运动乐活型
8097,女,31-40岁,搞笑|游戏|动漫|音乐,宅文化型
8098,女,18岁以下,学习|科技|宠物|搞笑,进步青年型
8099,男,31-40岁,游戏|搞笑|音乐,宅文化型
8100,女,18岁以下,搞笑|游戏,宅文化型
8101,女,31-40岁,游戏|音乐|搞笑|动漫,宅文化型
8102,男,18岁以下,美食|生活,生活家型
8103,女,18-24岁,动漫|宠物|学习,动漫二次元型
8104,女,25-30岁,搞笑|游戏|音乐,宅文化型
8105,女,25-30岁,学习|科技|宠物,进步青年型
8106,女,18-24岁,学习|科技,进步青年型
8107,女,40岁以上,音乐|运动|游戏,运动乐活型
8108,女,40岁以上,搞笑|动漫|音乐,宅文化型
8109,女,40岁以上,游戏|搞笑,宅文化型
8110,男,18岁以下,科技|学习|宠物,进步青年型
8111,男,18岁以下,宠物|学习,动漫二次元型
8112,女,18-24岁,生活|运动|科技,生活家型
8113,男,18-24岁,生活|美食|运动,生活家型
8114,男,18-24岁,生活|运动,生活家型
8115,男,40岁以上,生活|科技|运动,生活家型
8116,男,18-24岁,美食|运动,生活家型
8117,男,40岁以上,科技|学习|搞笑,进步青年型
8118,女,25-30岁,宠物|生活,动漫二次元型
8119,女,31-40岁,生活|美食,生活家型
8120,男,18岁以下,科技|学习,进步青年型
8121,女,18岁以下,运动|音乐|游戏,运动乐活型
8122,女,40岁以上,运动|音乐|游戏,运动乐活型
8123,男,25-30岁,科技|学习,进步青年型
8124,女,18-24岁,学习|科技,进步青年型
8125,男,31-40岁,科技|宠物,进步青年型
8126,女,25-30岁,搞笑|动漫|音乐,宅文化型
8127,女,25-30岁,音乐|运动|美食,运动乐活型
8128,女,18-24岁,生活|美食,生活家型
8129,女,40岁以上,科技|学习|搞笑|宠物,进步青年型
8130,男,25-30岁,运动|音乐,运动乐活型
8131,女,18-24岁,运动|音乐|美食,运动乐活型
8132,男,18岁以下,美食|科技,生活家型
8133,男,25-30岁,动漫|生活|学习|宠物,动漫二次元型
8134,女,40岁以上,动漫|宠物|生活|学习,动漫二次元型
8135,女,40岁以上,游戏|搞笑|音乐,宅文化型
8136,男,18-24岁,宠物|学习,动漫二次元型
8137,女,18岁以下,学习|科技|搞笑|宠物,进步青年型
8138,女,31-40岁,科技|学习|宠物,进步青年型
8139,男,18岁以下,动漫|宠物,动漫二次元型
8140,男,40岁以上,科技|搞笑|学习|宠物,进步青年型
8141,女,18-24岁,搞笑|游戏|音乐,宅文化型
8142,女,40岁以上,游戏|搞笑|动漫,宅文化型
8143,女,31-40岁,学习|科技|宠物|搞笑,进步青年型
8144,男,18-24岁,运动|音乐|游戏|美食,运动乐活型
8145,女,31-40岁,音乐|美食|运动,运动乐活型
8146,女,25-30岁,学习|科技|搞笑,进步青年型
8147,女,25-30岁,游戏|动漫|搞笑|音乐,宅文化型
8148,女,18岁以下,生活|美食|运动,生活家型
8149,男,25-30岁,科技|学习|搞笑,进步青年型
8150,男,18岁以下,游戏|搞笑|音乐|动漫,宅文化型
8151,女,18-24岁,宠物|动漫|学习,动漫二次元型
8152,女,18岁以下,科技|搞笑|宠物,进步青年型
8153,女,18岁以下,科技|搞笑,进步青年型
8154,女,18岁以下,美食|生活|科技|运动,生活家型
8155,女,31-40岁,搞笑|游戏|动漫|音乐,宅文化型
8156,男,40岁以上,美食|生活|运动|科技,生活家型
8157,男,31-40岁,搞笑|游戏|音乐,宅文化型
8158,男,31-40岁,美食|生活|运动,生活家型
8159,男,25-30岁,运动|音乐|美食,运动乐活型
8160,女,18岁以下,搞笑|游戏,宅文化型
8161,男,18岁以下,运动|音乐|游戏,运动乐活型
8162,女,18岁以下,科技|宠物|学习,进步青年型
8163,男,31-40岁,科技|学习,进步青年型
8164,女,18岁以下,学习|科技|宠物|搞笑,进步青年型
8165,男,31-40岁,搞笑|游戏|动漫|音乐,宅文化型
8166,女,18岁以下,动漫|宠物|生活|学习,动漫二次元型
8167,女,18岁以下,生活|美食|科技|运动,生活家型
8168,男,18岁以下,游戏|搞笑|动漫|音乐,宅文化型
8169,女,31-40岁,音乐|运动,运动乐活型
8170,女,40岁以上,学习|科技,进步青年型
8171,女,25-30岁,搞笑|动漫|游戏|音乐,宅文化型
8172,女,31-40岁,宠物|动漫|生活|学习,动漫二次元型
8173,男,31-40岁,美食|科技|生活,生活家型
8174,女,18-24岁,宠物|生活,动漫二次元型
8175,男,25-30岁,科技|学习,进步青年型
8176,女,31-40岁,运动|美食|音乐|游戏,运动乐活型
8177,女,40岁以上,动漫|宠物|学习|生活,动漫二次元型
8178,男,18岁以下,宠物|生活,动漫二次元型
8179,女,18岁以下,科技|学习|宠物|搞笑,进步青年型
8180,女,18岁以下,宠物|生活|学习|动漫,动漫二次元型
8181,女,18岁以下,学习|宠物,进步青年型
8182,女,18-24岁,学习|科技|搞笑,进步青年型
8183,男,31-40岁,生活|美食|科技|运动,生活家型
8184,男,18岁以下,游戏|搞笑|动漫,宅文化型
8185,男,40岁以上,学习|科技|搞笑,进步青年型
8186,男,18-24岁,音乐|运动|游戏|美食,运动乐活型
8187,女,40岁以上,科技|宠物|学习,进步青年型
8188,女,18岁以下,搞笑|游戏,宅文化型
8189,女,31-40岁,运动|音乐|美食|游戏,运动乐活型
8190,女,18岁以下,美食|生活|运动|科技,生活家型
8191,女,18岁以下,游戏|搞笑|音乐|动漫,宅文化型
8192,女,25-30岁,美食|科技|运动,生活家型
8193,女,31-40岁,学习|宠物|搞笑,进步青年型
8194,男,40岁以上,音乐|运动,运动乐活型
8195,女,31-40岁,音乐|游戏|运动,运动乐活型
8196,男,18岁以下,动漫|宠物|学习,动漫二次元型
8197,男,31-40岁,音乐|运动|游戏,运动乐活型
8198,男,18岁以下,学习|科技,进步青年型
8199,男,25-30岁,生活|科技,生活家型
8200,男,31-40岁,学习|宠物,进步青年型
8201,男,25-30岁,生活|美食,生活家型
8202,女,18岁以下,搞笑|游戏|动漫|音乐,宅文化型
8203,女,40岁以上,动漫|宠物|生活|学习,动漫二次元型
8204,男,18岁以下,运动|音乐|游戏|美食,运动乐活型
8205,男,25-30岁,美食|生活|运动|科技,生活家型
8206,女,18-24岁,运动|游戏|音乐|美食,运动乐活型
8207,女,18-24岁,音乐|游戏|运动|美食,运动乐活型
8208,男,25-30岁,搞笑|音乐|游戏|动漫,宅文化型
8209,男,40岁以上,美食|生活|科技|运动,生活家型
8210,男,40岁以上,动漫|宠物,动漫二次元型
8211,女,25-30岁,游戏|搞笑|动漫,宅文化型
8212,男,31-40岁,运动|音乐|游戏|美食,运动乐活型
8213,男,25-30岁,搞笑|动漫|游戏,宅文化型
8214,女,31-40岁,运动|音乐,运动乐活型
8215,女,31-40岁,学习|宠物|科技,进步青年型
8216,女,25-30岁,动漫|宠物,动漫二次元型
8217,男,25-30岁,学习|搞笑,进步青年型
8218,女,40岁以上,学习|搞笑|科技,进步青年型
8219,男,18岁以下,游戏|搞笑|音乐,宅文化型
8220,女,18岁以下,科技|学习,进步青年型
8221,男,18-24岁,搞笑|游戏,宅文化型
8222,女,18岁以下,搞笑|游戏|音乐|动漫,宅文化型
8223,男,31-40岁,宠物|动漫,动漫二次元型
8224,男,40岁以上,美食|运动|科技|生活,生活家型
8225,男,31-40岁,搞笑|音乐|游戏|动漫,宅文化型
8226,女,40岁以上,美食|科技,生活家型
8227,女,40岁以上,搞笑|游戏|动漫,宅文化型
8228,女,31-40岁,生活|运动|科技|美食,生活家型
8229,男,25-30岁,搞笑|游戏,宅文化型
8230,男,18岁以下,音乐|美食|运动,运动乐活型
8231,男,40岁以上,动漫|宠物|学习,动漫二次元型
8232,女,25-30岁,美食|生活,生活家型
8233,女,18岁以下,宠物|动漫|生活,动漫二次元型
8234,女,18-24岁,搞笑|游戏|音乐,宅文化型
8235,男,40岁以上,运动|美食|游戏,运动乐活型
8236,男,18岁以下,宠物|动漫,动漫二次元型
8237,男,25-30岁,美食|运动,生活家型
8238,男,31-40岁,科技|学习|搞笑,进步青年型
8239,女,18岁以下,游戏|搞笑|音乐,宅文化型
8240,男,18-24岁,搞笑|音乐|动漫,宅文化型
8241,男,18岁以下,科技|学习|搞笑|宠物,进步青年型
8242,女,18岁以下,游戏|搞笑|动漫,宅文化型
8243,女,18岁以下,运动|音乐|游戏|美食,运动乐活型
8244,男,25-30岁,游戏|搞笑|动漫,宅文化型
8245,男,18岁以下,科技|学习|搞笑,进步青年型
8246,女,18-24岁,游戏|搞笑,宅文化型
8247,男,18-24岁,动漫|宠物|生活|学习,动漫二次元型
8248,女,25-30岁,美食|生活|科技|运动,生活家型
8249,男,31-40岁,音乐|美食|运动|游戏,运动乐活型
8250,女,40岁以上,生活|美食,生活家型
8251,女,18岁以下,生活|美食,生活家型
8252,女,25-30岁,游戏|音乐|搞笑|动漫,宅文化型
8253,男,18-24岁,生活|美食,生活家型
8254,男,18-24岁,学习|科技,进步青年型
8255,女,31-40岁,美食|生活,生活家型
8256,男,40岁以上,动漫|宠物,动漫二次元型
8257,男,18岁以下,音乐|运动,运动乐活型
8258,男,25-30岁,宠物|生活,动漫二次元型
8259,女,25-30岁,生活|美食|运动|科技,生活家型
8260,男,18-24岁,科技|学习,进步青年型
8261,女,18-24岁,运动|音乐|游戏,运动乐活型
8262,男,18岁以下,游戏|搞笑|音乐|动漫,宅文化型
8263,男,18岁以下,生活|美食,生活家型
8264,男,31-40岁,动漫|宠物|学习|生活,动漫二次元型
8265,女,18-24岁,动漫|宠物,动漫二次元型
8266,男,31-40岁,搞笑|游戏|动漫,宅文化型
8267,女,18-24岁,宠物|动漫,动漫二次元型
8268,男,25-30岁,音乐|运动,运动乐活型
8269,女,18-24岁,搞笑|音乐,宅文化型
8270,男,18岁以下,学习|科技|宠物,进步青年型
8271,女,18-24岁,游戏|动漫,宅文化型
8272,女,25-30岁,美食|生活|运动|科技,生活家型
8273,女,40岁以上,游戏|搞笑|动漫,宅文化型
8274,男,31-40岁,生活|美食,生活家型
8275,男,18-24岁,科技|学习|宠物,进步青年型
8276,男,25-30岁,生活|美食,生活家型
8277,女,25-30岁,动漫|宠物,动漫二次元型
8278,男,25-30岁,宠物|动漫|学习,动漫二次元型
8279,女,25-30岁,生活|美食|运动,生活家型
8280,女,25-30岁,美食|生活|运动|科技,生活家型
8281,男,31-40岁,科技|学习|搞笑,进步青年型
8282,男,31-40岁,生活|美食|运动|科技,生活家型
8283,男,25-30岁,游戏|动漫,宅文化型
8284,女,18岁以下,科技|学习|宠物|搞笑,进步青年型
8285,女,18岁以下,搞笑|游戏,宅文化型
8286,女,18岁以下,宠物|动漫,动漫二次元型
8287,女,31-40岁,游戏|搞笑|动漫,宅文化型
8288,男,31-40岁,动漫|宠物,动漫二次元型
8289,男,25-30岁,美食|科技,生活家型
8290,女,18岁以下,生活|美食,生活家型
8291,女,18-24岁,游戏|音乐,宅文化型
8292,男,25-30岁,动漫|生活|学习|宠物,动漫二次元型
8293,男,40岁以上,学习|科技,进步青年型
8294,女,40岁以上,科技|学习,进步青年型
8295,女,31-40岁,宠物|动漫|学习,动漫二次元型
8296,女,18岁以下,科技|宠物|搞笑,进步青年型
8297,女,18-24岁,科技|学习|搞笑,进步青年型
8298,女,31-40岁,学习|科技|搞笑,进步青年型
8299,男,25-30岁,搞笑|音乐|动漫,宅文化型
8300,女,40岁以上,游戏|搞笑|音乐,宅文化型
8301,女,18岁以下,学习|科技|搞笑|宠物,进步青年型
8302,女,18岁以下,动漫|宠物|生活|学习,动漫二次元型
8303,男,31-40岁,游戏|搞笑|动漫,宅文化型
8304,女,18岁以下,美食|生活|运动|科技,生活家型
8305,女,31-40岁,音乐|运动|游戏|美食,运动乐活型
8306,男,31-40岁,宠物|学习,动漫二次元型
8307,女,40岁以上,学习|科技,进步青年型
8308,女,31-40岁,宠物|动漫|生活,动漫二次元型
8309,男,18岁以下,动漫|宠物,动漫二次元型
8310,男,18岁以下,科技|学习,进步青年型
8311,男,25-30岁,运动|游戏,运动乐活型
8312,男,40岁以上,游戏|搞笑,宅文化型
8313,男,25-30岁,动漫|宠物,动漫二次元型
8314,女,40岁以上,宠物|学习|生活,动漫二次元型
8315,男,18-24岁,科技|学习,进步青年型
8316,女,40岁以上,宠物|动漫|学习|生活,动漫二次元型
8317,女,31-40岁,搞笑|动漫|游戏,宅文化型
8318,女,18岁以下,运动|音乐|游戏|美食,运动乐活型
8319,男,25-30岁,动漫|学习|生活|宠物,动漫二次元型
8320,女,40岁以上,科技|学习|搞笑,进步青年型
8321,女,40岁以上,音乐|运动|游戏|美食,运动乐活型
8322,男,31-40岁,宠物|动漫,动漫二次元型
8323,女,25-30岁,学习|科技|宠物|搞笑,进步青年型
8324,女,18岁以下,科技|学习,进步青年型
8325,男,31-40岁,运动|音乐|游戏|美食,运动乐活型
8326,女,25-30岁,科技|搞笑,进步青年型
8327,女,18岁以下,生活|美食|运动,生活家型
8328,男,18-24岁,学习|科技|搞笑|宠物,进步青年型
8329,女,18岁以下,学习|科技,进步青年型
8330,女,18岁以下,宠物|动漫,动漫二次元型
8331,女,18-24岁,搞笑|游戏|音乐|动漫,宅文化型
8332,女,31-40岁,科技|搞笑,进步青年型
8333,女,40岁以上,运动|音乐|游戏|美食,运动乐活型
8334,男,18-24岁,美食|生活|科技,生活家型
8335,男,31-40岁,美食|科技|生活|运动,生活家型
8336,男,31-40岁,宠物|动漫,动漫二次元型
8337,女,31-40岁,游戏|动漫,宅文化型
8338,男,31-40岁,音乐|运动|美食|游戏,运动乐活型
8339,男,31-40岁,音乐|游戏|运动,运动乐活型
8340,女,31-40岁,游戏|搞笑|音乐|动漫,宅文化型
8341,女,40岁以上,学习|科技,进步青年型
8342,女,31-40岁,生活|运动|美食,生活家型
8343,女,18岁以下,动漫|宠物|生活,动漫二次元型
8344,男,18岁以下,游戏|搞笑|音乐,宅文化型
8345,男,18-24岁,音乐|游戏,运动乐活型
8346,女,18-24岁,运动|美食,运动乐活型
8347,女,18-24岁,科技|搞笑,进步青年型
8348,女,18岁以下,宠物|动漫|生活,动漫二次元型
8349,男,25-30岁,美食|生活,生活家型
8350,男,18岁以下,音乐|运动|美食|游戏,运动乐活型
8351,女,18-24岁,音乐|游戏,运动乐活型
8352,男,31-40岁,音乐|运动,运动乐活型
8353,女,40岁以上,宠物|学习|生活,动漫二次元型
8354,男,25-30岁,宠物|动漫|学习|生活,动漫二次元型
8355,男,25-30岁,宠物|生活|动漫|学习,动漫二次元型
8356,女,25-30岁,学习|宠物|搞笑,进步青年型
8357,女,18岁以下,音乐|游戏|运动,运动乐活型
8358,男,31-40岁,游戏|搞笑|动漫,宅文化型
8359,男,25-30岁,动漫|生活,动漫二次元型
8360,男,31-40岁,宠物|动漫,动漫二次元型
8361,男,31-40岁,搞笑|动漫|音乐,宅文化型
8362,男,25-30岁,动漫|宠物|生活|学习,动漫二次元型
8363,女,40岁以上,动漫|宠物|学习|生活,动漫二次元型
8364,女,18岁以下,宠物|动漫|学习,动漫二次元型
8365,女,31-40岁,宠物|动漫|生活|学习,动漫二次元型
8366,男,18-24岁,音乐|运动|游戏|美食,运动乐活型
8367,女,18岁以下,学习|宠物|搞笑|科技,进步青年型
8368,女,31-40岁,生活|美食|科技|运动,生活家型
8369,男,25-30岁,搞笑|游戏|音乐,宅文化型
8370,女,40岁以上,科技|宠物|搞笑,进步青年型
8371,男,31-40岁,宠物|动漫,动漫二次元型
8372,女,18岁以下,搞笑|动漫,宅文化型
8373,男,31-40岁,运动|美食|游戏,运动乐活型
8374,女,40岁以上,宠物|动漫|生活,动漫二次元型
8375,女,31-40岁,科技|学习,进步青年型
8376,男,31-40岁,美食|生活|运动|科技,生活家型
8377,男,40岁以上,美食|科技,生活家型
8378,男,25-30岁,运动|音乐,运动乐活型
8379,男,25-30岁,宠物|动漫|生活|学习,动漫二次元型
8380,女,40岁以上,科技|学习|搞笑,进步青年型
8381,女,25-30岁,搞笑|游戏,宅文化型
8382,女,18岁以下,音乐|美食|游戏|运动,运动乐活型
8383,男,25-30岁,音乐|美食|游戏|运动,运动乐活型
8384,男,18-24岁,生活|美食|科技,生活家型
8385,女,18-24岁,宠物|动漫,动漫二次元型
8386,女,18岁以下,游戏|搞笑,宅文化型
8387,女,18-24岁,动漫|宠物|学习,动漫二次元型
8388,女,18-24岁,美食|运动|生活,生活家型
8389,男,18岁以下,科技|宠物,进步青年型
8390,女,25-30岁,宠物|动漫,动漫二次元型
8391,男,25-30岁,美食|生活,生活家型
8392,男,18岁以下,游戏|音乐,宅文化型
8393,女,40岁以上,搞笑|游戏,宅文化型
8394,男,25-30岁,运动|音乐|美食,运动乐活型
8395,男,31-40岁,科技|搞笑|宠物|学习,进步青年型
8396,男,18岁以下,搞笑|游戏,宅文化型
8397,女,25-30岁,搞笑|音乐,宅文化型
8398,男,25-30岁,科技|宠物|搞笑|学习,进步青年型
8399,男,31-40岁,搞笑|游戏,宅文化型
8400,男,40岁以上,生活|美食|科技,生活家型
8401,男,25-30岁,运动|美食|游戏|音乐,运动乐活型
8402,男,18-24岁,宠物|动漫,动漫二次元型
8403,女,18岁以下,运动|音乐,运动乐活型
8404,男,25-30岁,宠物|动漫,动漫二次元型
8405,男,40岁以上,生活|美食|运动|科技,生活家型
8406,男,31-40岁,音乐|美食|游戏|运动,运动乐活型
8407,男,18-24岁,生活|科技|美食|运动,生活家型
8408,女,18-24岁,运动|美食|音乐,运动乐活型
8409,男,40岁以上,搞笑|音乐|动漫|游戏,宅文化型
8410,男,31-40岁,动漫|宠物,动漫二次元型
8411,男,31-40岁,生活|美食|科技|运动,生活家型
8412,女,40岁以上,动漫|宠物,动漫二次元型
8413,男,40岁以上,运动|音乐|美食|游戏,运动乐活型
8414,女,18-24岁,运动|音乐|美食|游戏,运动乐活型
8415,男,18-24岁,动漫|宠物|学习,动漫二次元型
8416,男,18-24岁,搞笑|动漫,宅文化型
8417,男,40岁以上,游戏|音乐,宅文化型
8418,男,25-30岁,搞笑|游戏|音乐,宅文化型
8419,女,18-24岁,动漫|学习,动漫二次元型
8420,男,18-24岁,科技|学习,进步青年型
8421,女,25-30岁,动漫|宠物,动漫二次元型
8422,女,18岁以下,动漫|生活|宠物,动漫二次元型
8423,男,25-30岁,音乐|运动|游戏|美食,运动乐活型
8424,男,31-40岁,动漫|宠物|学习|生活,动漫二次元型
8425,女,31-40岁,学习|科技|搞笑,进步青年型
8426,男,31-40岁,生活|美食|科技,生活家型
8427,女,25-30岁,宠物|动漫,动漫二次元型
8428,女,18-24岁,学习|搞笑,进步青年型
8429,女,18-24岁,科技|宠物|搞笑,进步青年型
8430,女,18-24岁,搞笑|动漫|音乐,宅文化型
8431,男,31-40岁,游戏|搞笑|动漫|音乐,宅文化型
8432,男,18-24岁,宠物|生活,动漫二次元型
8433,男,25-30岁,美食|生活|运动,生活家型
8434,男,31-40岁,美食|生活|运动,生活家型
8435,男,40岁以上,音乐|美食|运动,运动乐活型
8436,女,40岁以上,美食|科技|生活|运动,生活家型
8437,女,18-24岁,科技|学习,进步青年型
8438,女,40岁以上,游戏|搞笑|音乐,宅文化型
8439,女,18岁以下,生活|美食|运动,生活家型
8440,女,25-30岁,动漫|宠物|学习,动漫二次元型
8441,女,18岁以下,游戏|音乐|搞笑,宅文化型
8442,男,25-30岁,搞笑|游戏|音乐,宅文化型
8443,女,25-30岁,搞笑|游戏,宅文化型
8444,男,25-30岁,音乐|运动|美食|游戏,运动乐活型
8445,男,31-40岁,美食|生活,生活家型
8446,男,18-24岁,运动|音乐,运动乐活型
8447,男,25-30岁,动漫|宠物|生活,动漫二次元型
8448,男,31-40岁,宠物|动漫,动漫二次元型
8449,男,31-40岁,宠物|学习,动漫二次元型
8450,女,31-40岁,宠物|学习|生活,动漫二次元型
8451,男,18-24岁,游戏|搞笑|动漫,宅文化型
8452,男,18-24岁,宠物|动漫|学习,动漫二次元型
8453,男,18-24岁,游戏|搞笑|动漫,宅文化型
8454,男,18-24岁,搞笑|游戏|动漫,宅文化型
8455,女,18-24岁,动漫|学习|宠物|生活,动漫二次元型
8456,女,25-30岁,搞笑|游戏|动漫,宅文化型
8457,男,18岁以下,宠物|动漫|生活|学习,动漫二次元型
8458,男,18岁以下,学习|搞笑,进步青年型
8459,男,40岁以上,搞笑|音乐|游戏|动漫,宅文化型
8460,女,18岁以下,美食|科技|运动|生活,生活家型
8461,男,25-30岁,科技|学习,进步青年型
8462,女,18岁以下,音乐|运动,运动乐活型
8463,男,18岁以下,游戏|音乐|搞笑,宅文化型
8464,男,18-24岁,音乐|运动|美食,运动乐活型
8465,男,40岁以上,宠物|动漫,动漫二次元型
8466,男,18-24岁,生活|美食|运动|科技,生活家型
8467,女,25-30岁,运动|音乐,运动乐活型
8468,女,40岁以上,学习|宠物,进步青年型
8469,女,25-30岁,学习|科技|宠物|搞笑,进步青年型
8470,男,40岁以上,游戏|音乐|搞笑,宅文化型
8471,女,18-24岁,学习|宠物|科技|搞笑,进步青年型
8472,男,40岁以上,美食|科技,生活家型
8473,男,31-40岁,科技|学习|搞笑|宠物,进步青年型
8474,男,18岁以下,游戏|搞笑|动漫|音乐,宅文化型
8475,男,31-40岁,美食|生活,生活家型
8476,男,40岁以上,生活|美食|运动,生活家型
8477,男,31-40岁,生活|美食|运动|科技,生活家型
8478,女,18岁以下,宠物|动漫|学习|生活,动漫二次元型
8479,男,18-24岁,科技|学习|搞笑|宠物,进步青年型
8480,女,31-40岁,游戏|音乐,宅文化型
8481,女,25-30岁,学习|搞笑|科技|宠物,进步青年型
8482,女,18岁以下,宠物|学习,动漫二次元型
8483,女,40岁以上,科技|宠物|搞笑,进步青年型
8484,男,40岁以上,学习|宠物,进步青年型
8485,男,18-24岁,音乐|游戏|运动,运动乐活型
8486,女,18岁以下,学习|搞笑,进步青年型
8487,女,25-30岁,美食|科技|生活,生活家型
8488,男,18-24岁,音乐|游戏,运动乐活型
8489,男,18岁以下,科技|学习|宠物|搞笑,进步青年型
8490,女,25-30岁,搞笑|游戏,宅文化型
8491,男,18-24岁,音乐|运动,运动乐活型
8492,男,31-40岁,科技|学习|宠物|搞笑,进步青年型
8493,男,40岁以上,生活|科技,生活家型
8494,女,31-40岁,游戏|搞笑|动漫,宅文化型
8495,女,25-30岁,美食|运动,生活家型
8496,男,18-24岁,运动|音乐,运动乐活型
8497,女,40岁以上,音乐|运动|美食,运动乐活型
8498,男,18岁以下,运动|美食|游戏,运动乐活型
8499,男,31-40岁,搞笑|游戏|动漫|音乐,宅文化型
8500,男,40岁以上,动漫|宠物|生活|学习,动漫二次元型
8501,女,18-24岁,生活|美食|科技,生活家型
8502,男,31-40岁,宠物|动漫,动漫二次元型
8503,女,31-40岁,动漫|宠物|学习|生活,动漫二次元型
8504,男,40岁以上,科技|学习,进步青年型
8505,女,25-30岁,学习|科技|搞笑,进步青年型
8506,女,40岁以上,游戏|搞笑|音乐,宅文化型
8507,男,18-24岁,学习|搞笑|宠物|科技,进步青年型
8508,男,18岁以下,搞笑|游戏|动漫|音乐,宅文化型
8509,女,31-40岁,学习|宠物|科技,进步青年型
8510,男,18-24岁,宠物|动漫,动漫二次元型
8511,女,40岁以上,科技|学习|搞笑,进步青年型
8512,女,18-24岁,搞笑|动漫,宅文化型
8513,女,31-40岁,运动|游戏|美食|音乐,运动乐活型
8514,男,25-30岁,美食|生活|运动,生活家型
8515,女,40岁以上,美食|生活|科技|运动,生活家型
8516,女,18-24岁,运动|音乐,运动乐活型
8517,男,18岁以下,运动|音乐,运动乐活型
8518,男,31-40岁,宠物|动漫,动漫二次元型
8519,女,31-40岁,运动|音乐|美食|游戏,运动乐活型
8520,男,18-24岁,科技|搞笑|学习,进步青年型
8521,男,18-24岁,运动|音乐|美食,运动乐活型
8522,男,31-40岁,美食|生活|运动,生活家型
8523,男,31-40岁,搞笑|音乐|动漫|游戏,宅文化型
8524,男,18-24岁,生活|美食,生活家型
8525,女,18-24岁,音乐|运动,运动乐活型
8526,男,18岁以下,生活|美食|运动|科技,生活家型
8527,男,40岁以上,学习|宠物|搞笑|科技,进步青年型
8528,女,25-30岁,运动|音乐,运动乐活型
8529,女,31-40岁,音乐|运动|游戏|美食,运动乐活型
8530,男,18岁以下,游戏|搞笑|音乐,宅文化型
8531,男,18岁以下,生活|科技|运动,生活家型
8532,女,25-30岁,搞笑|游戏|音乐,宅文化型
8533,男,18岁以下,动漫|宠物|生活,动漫二次元型
8534,男,40岁以上,生活|美食|科技,生活家型
8535,男,18-24岁,运动|美食|游戏|音乐,运动乐活型
8536,男,31-40岁,搞笑|游戏|动漫|音乐,宅文化型
8537,男,18岁以下,游戏|搞笑|动漫|音乐,宅文化型
8538,女,18岁以下,游戏|搞笑,宅文化型
8539,男,40岁以上,学习|科技|宠物|搞笑,进步青年型
8540,女,18-24岁,音乐|运动|游戏|美食,运动乐活型
8541,女,18-24岁,生活|美食|运动|科技,生活家型
8542,男,31-40岁,美食|生活,生活家型
8543,男,18岁以下,宠物|动漫,动漫二次元型
8544,男,40岁以上,游戏|搞笑,宅文化型
8545,男,31-40岁,宠物|动漫,动漫二次元型
8546,男,18岁以下,音乐|游戏|美食|运动,运动乐活型
8547,男,18岁以下,科技|学习|搞笑,进步青年型
8548,女,18-24岁,运动|美食|游戏,运动乐活型
8549,男,18岁以下,动漫|学习|生活|宠物,动漫二次元型
8550,男,31-40岁,音乐|美食|运动|游戏,运动乐活型
8551,女,18岁以下,游戏|动漫,宅文化型
8552,男,31-40岁,游戏|音乐|动漫,宅文化型
8553,男,18岁以下,游戏|搞笑|动漫|音乐,宅文化型
8554,女,18-24岁,学习|科技,进步青年型
8555,男,18岁以下,生活|科技|美食,生活家型
8556,男,40岁以上,美食|生活,生活家型
8557,女,40岁以上,运动|音乐|游戏|美食,运动乐活型
8558,男,31-40岁,生活|美食,生活家型
8559,女,18-24岁,搞笑|游戏,宅文化型
8560,女,31-40岁,动漫|宠物,动漫二次元型
8561,男,31-40岁,搞笑|游戏,宅文化型
8562,男,25-30岁,运动|美食|音乐|游戏,运动乐活型
8563,男,25-30岁,宠物|学习|动漫,动漫二次元型
8564,男,40岁以上,游戏|搞笑|音乐|动漫,宅文化型
8565,女,31-40岁,搞笑|动漫|游戏,宅文化型
8566,女,18岁以下,美食|生活|科技,生活家型
8567,女,18-24岁,动漫|宠物|学习,动漫二次元型
8568,女,18-24岁,学习|科技,进步青年型
8569,男,18-24岁,搞笑|音乐|动漫,宅文化型
8570,男,40岁以上,宠物|动漫,动漫二次元型
8571,女,18-24岁,生活|美食|运动,生活家型
8572,男,31-40岁,学习|科技|宠物,进步青年型
8573,女,18-24岁,生活|美食|科技,生活家型
8574,女,40岁以上,游戏|动漫|音乐|搞笑,宅文化型
8575,男,31-40岁,音乐|美食|游戏,运动乐活型
8576,女,31-40岁,科技|学习|搞笑|宠物,进步青年型
8577,男,18岁以下,美食|生活|科技,生活家型
8578,女,25-30岁,美食|科技|生活|运动,生活家型
8579,男,18岁以下,科技|搞笑,进步青年型
8580,男,18岁以下,生活|美食,生活家型
8581,女,25-30岁,游戏|搞笑,宅文化型
8582,男,31-40岁,科技|学习,进步青年型
8583,男,18岁以下,美食|生活|运动,生活家型
8584,女,18岁以下,游戏|搞笑,宅文化型
8585,男,40岁以上,科技|搞笑|学习|宠物,进步青年型
8586,男,25-30岁,搞笑|游戏|动漫|音乐,宅文化型
8587,男,25-30岁,游戏|搞笑|音乐|动漫,宅文化型
8588,女,18-24岁,游戏|搞笑|动漫|音乐,宅文化型
8589,男,40岁以上,游戏|搞笑|动漫,宅文化型
8590,男,18-24岁,动漫|宠物|生活|学习,动漫二次元型
8591,男,18-24岁,动漫|学习|宠物|生活,动漫二次元型
8592,男,25-30岁,动漫|宠物|生活,动漫二次元型
8593,男,40岁以上,科技|学习|搞笑,进步青年型
8594,女,18-24岁,游戏|搞笑,宅文化型
8595,男,18岁以下,动漫|宠物|学习,动漫二次元型
8596,女,18岁以下,宠物|生活|动漫,动漫二次元型
8597,女,18-24岁,宠物|生活|学习|动漫,动漫二次元型
8598,女,18-24岁,动漫|宠物,动漫二次元型
8599,男,18岁以下,运动|音乐,运动乐活型
8600,男,18岁以下,音乐|运动|美食|游戏,运动乐活型
8601,女,18-24岁,学习|宠物|科技,进步青年型
8602,女,18-24岁,动漫|宠物,动漫二次元型
8603,女,31-40岁,音乐|运动,运动乐活型
8604,男,18岁以下,运动|音乐,运动乐活型
8605,女,18-24岁,游戏|搞笑,宅文化型
8606,女,31-40岁,音乐|游戏|美食,运动乐活型
8607,女,31-40岁,宠物|学习|生活|动漫,动漫二次元型
8608,男,40岁以上,生活|运动|科技|美食,生活家型
8609,男,18岁以下,音乐|美食|游戏|运动,运动乐活型
8610,女,25-30岁,生活|美食,生活家型
8611,男,40岁以上,生活|美食|科技|运动,生活家型
8612,女,25-30岁,生活|科技|美食,生活家型
8613,女,18-24岁,动漫|宠物|生活|学习,动漫二次元型
8614,女,18岁以下,生活|美食|科技|运动,生活家型
8615,男,25-30岁,音乐|美食,运动乐活型
8616,男,31-40岁,音乐|游戏|美食|运动,运动乐活型
8617,男,18-24岁,宠物|动漫,动漫二次元型
8618,女,18岁以下,生活|美食|运动|科技,生活家型
8619,男,18岁以下,学习|科技|搞笑|宠物,进步青年型
8620,男,31-40岁,生活|美食|运动|科技,生活家型
8621,男,25-30岁,生活|美食|运动,生活家型
8622,女,40岁以上,科技|搞笑,进步青年型
8623,女,18-24岁,运动|美食|音乐,运动乐活型
8624,女,31-40岁,宠物|动漫|学习,动漫二次元型
8625,女,25-30岁,宠物|动漫|生活,动漫二次元型
8626,男,18-24岁,学习|宠物|科技|搞笑,进步青年型
8627,男,40岁以上,动漫|宠物|生活,动漫二次元型
8628,女,18-24岁,动漫|宠物|学习|生活,动漫二次元型
8629,女,31-40岁,运动|音乐|美食|游戏,运动乐活型
8630,男,31-40岁,学习|科技,进步青年型
8631,男,18岁以下,学习|科技|宠物|搞笑,进步青年型
8632,女,25-30岁,学习|宠物|搞笑|科技,进步青年型
8633,男,40岁以上,运动|音乐|美食,运动乐活型
8634,女,25-30岁,运动|美食,运动乐活型
8635,男,31-40岁,运动|音乐,运动乐活型
8636,女,31-40岁,音乐|运动|游戏,运动乐活型
8637,男,31-40岁,搞笑|动漫|音乐,宅文化型
8638,男,18-24岁,音乐|运动|美食|游戏,运动乐活型
8639,男,31-40岁,游戏|动漫|音乐,宅文化型
8640,男,40岁以上,动漫|学习|宠物|生活,动漫二次元型
8641,女,18-24岁,游戏|搞笑|音乐|动漫,宅文化型
8642,男,25-30岁,美食|生活,生活家型
8643,男,18岁以下,宠物|动漫|生活,动漫二次元型
8644,男,25-30岁,学习|科技|宠物|搞笑,进步青年型
8645,男,25-30岁,音乐|游戏|美食|运动,运动乐活型
8646,男,25-30岁,学习|搞笑,进步青年型
8647,女,25-30岁,搞笑|动漫|音乐,宅文化型
8648,男,18岁以下,科技|学习,进步青年型
8649,男,18-24岁,生活|美食,生活家型
8650,男,40岁以上,学习|科技|搞笑,进步青年型
8651,男,18岁以下,搞笑|音乐,宅文化型
8652,女,40岁以上,游戏|搞笑,宅文化型
8653,男,18岁以下,生活|美食|科技|运动,生活家型
8654,男,25-30岁,科技|宠物,进步青年型
8655,男,18-24岁,科技|学习|搞笑|宠物,进步青年型
8656,女,31-40岁,美食|生活,生活家型
8657,男,18-24岁,游戏|搞笑,宅文化型
8658,女,25-30岁,生活|科技|运动,生活家型
8659,女,31-40岁,音乐|游戏,运动乐活型
8660,男,18岁以下,学习|科技,进步青年型
8661,女,40岁以上,科技|学习|搞笑|宠物,进步青年型
8662,女,40岁以上,生活|美食|运动|科技,生活家型
8663,女,25-30岁,宠物|学习,动漫二次元型
8664,女,18-24岁,科技|学习|搞笑|宠物,进步青年型
8665,男,18岁以下,游戏|搞笑|动漫,宅文化型
8666,女,31-40岁,学习|科技|宠物,进步青年型
8667,男,25-30岁,运动|游戏,运动乐活型
8668,女,18-24岁,学习|科技|搞笑,进步青年型
8669,女,18岁以下,科技|学习,进步青年型
8670,女,18岁以下,音乐|美食|游戏|运动,运动乐活型
8671,女,40岁以上,游戏|音乐|搞笑,宅文化型
8672,女,25-30岁,生活|运动|科技,生活家型
8673,男,25-30岁,搞笑|游戏,宅文化型
8674,女,25-30岁,学习|科技|宠物|搞笑,进步青年型
8675,男,18岁以下,动漫|宠物,动漫二次元型
8676,男,18岁以下,运动|美食|游戏|音乐,运动乐活型
8677,女,18-24岁,动漫|宠物,动漫二次元型
8678,男,25-30岁,音乐|美食|游戏,运动乐活型
8679,女,40岁以上,游戏|搞笑,宅文化型
8680,女,40岁以上,科技|学习|搞笑|宠物,进步青年型
8681,男,40岁以上,科技|学习|宠物|搞笑,进步青年型
8682,女,18岁以下,学习|科技|搞笑,进步青年型
8683,女,40岁以上,运动|音乐,运动乐活型
8684,女,25-30岁,宠物|动漫,动漫二次元型
8685,女,18-24岁,宠物|生活|动漫|学习,动漫二次元型
8686,男,40岁以上,美食|生活|运动,生活家型
8687,女,18-24岁,科技|学习|搞笑,进步青年型
8688,男,18-24岁,游戏|动漫,宅文化型
8689,女,40岁以上,科技|学习|宠物|搞笑,进步青年型
8690,男,40岁以上,生活|运动,生活家型
8691,男,18-24岁,音乐|运动|游戏|美食,运动乐活型
8692,男,18-24岁,科技|学习,进步青年型
8693,男,18岁以下,搞笑|音乐|动漫|游戏,宅文化型
8694,女,25-30岁,生活|美食|运动|科技,生活家型
8695,男,25-30岁,动漫|宠物|生活,动漫二次元型
8696,男,40岁以上,科技|学习|搞笑|宠物,进步青年型
8697,男,18岁以下,游戏|搞笑,宅文化型
8698,女,31-40岁,学习|科技,进步青年型
8699,男,31-40岁,搞笑|音乐|动漫,宅文化型
8700,男,18-24岁,音乐|运动|游戏,运动乐活型
8701,男,40岁以上,美食|运动|科技|生活,生活家型
8702,男,18-24岁,科技|学习|宠物|搞笑,进步青年型
8703,男,18-24岁,美食|生活|运动,生活家型
8704,男,40岁以上,学习|科技|搞笑,进步青年型
8705,男,25-30岁,动漫|宠物|生活|学习,动漫二次元型
8706,男,31-40岁,美食|生活,生活家型
8707,男,40岁以上,搞笑|游戏|音乐,宅文化型
8708,男,25-30岁,游戏|音乐|搞笑,宅文化型
8709,女,18岁以下,音乐|美食|游戏|运动,运动乐活型
8710,男,40岁以上,动漫|生活|宠物|学习,动漫二次元型
8711,女,18岁以下,美食|生活|科技,生活家型
8712,男,25-30岁,宠物|生活|学习|动漫,动漫二次元型
8713,女,25-30岁,动漫|宠物|学习,动漫二次元型
8714,女,18-24岁,游戏|搞笑|音乐|动漫,宅文化型
8715,男,31-40岁,动漫|宠物,动漫二次元型
8716,男,18-24岁,运动|游戏|音乐,运动乐活型
8717,男,31-40岁,游戏|搞笑,宅文化型
8718,女,18-24岁,音乐|游戏,运动乐活型
8719,男,25-30岁,美食|生活,生活家型
8720,女,25-30岁,动漫|宠物,动漫二次元型
8721,女,25-30岁,动漫|学习|宠物,动漫二次元型
8722,男,25-30岁,美食|科技|生活|运动,生活家型
8723,男,18-24岁,音乐|运动|游戏,运动乐活型
8724,男,31-40岁,运动|美食,运动乐活型
8725,女,18-24岁,动漫|宠物|学习|生活,动漫二次元型
8726,女,18岁以下,生活|美食|科技,生活家型
8727,男,25-30岁,科技|搞笑|学习,进步青年型
8728,女,31-40岁,音乐|运动,运动乐活型
8729,女,31-40岁,科技|学习|宠物,进步青年型
8730,男,18岁以下,美食|生活|科技,生活家型
8731,男,18-24岁,宠物|动漫|生活,动漫二次元型
8732,女,18-24岁,动漫|学习|宠物|生活,动漫二次元型
8733,女,25-30岁,学习|科技|宠物,进步青年型
8734,男,25-30岁,动漫|宠物|学习|生活,动漫二次元型
8735,男,18-24岁,科技|学习|宠物|搞笑,进步青年型
8736,女,31-40岁,音乐|美食|运动,运动乐活型
8737,男,31-40岁,游戏|搞笑|动漫,宅文化型
8738,男,31-40岁,宠物|动漫|生活|学习,动漫二次元型
8739,男,18-24岁,搞笑|游戏,宅文化型
8740,女,25-30岁,宠物|学习,动漫二次元型
8741,男,31-40岁,搞笑|游戏|动漫|音乐,宅文化型
8742,女,18-24岁,运动|音乐|美食|游戏,运动乐活型
8743,男,31-40岁,游戏|动漫|搞笑,宅文化型
8744,男,18岁以下,生活|美食,生活家型
8745,男,25-30岁,宠物|动漫,动漫二次元型
8746,女,31-40岁,学习|宠物|搞笑,进步青年型
8747,女,31-40岁,学习|科技|宠物,进步青年型
8748,男,18-24岁,宠物|动漫|生活,动漫二次元型
8749,男,25-30岁,音乐|运动|游戏,运动乐活型
8750,男,18-24岁,宠物|动漫,动漫二次元型
8751,女,31-40岁,科技|学习,进步青年型
8752,男,40岁以上,游戏|搞笑|动漫,宅文化型
8753,男,31-40岁,生活|美食,生活家型
8754,男,40岁以上,搞笑|游戏,宅文化型
8755,女,25-30岁,宠物|动漫|生活,动漫二次元型
8756,男,18-24岁,宠物|动漫|学习|生活,动漫二次元型
8757,女,40岁以上,运动|游戏|美食,运动乐活型
8758,男,18-24岁,动漫|宠物,动漫二次元型
8759,女,25-30岁,动漫|宠物|学习|生活,动漫二次元型
8760,男,18-24岁,运动|音乐|游戏|美食,运动乐活型
8761,女,18-24岁,生活|美食|运动,生活家型
8762,男,18-24岁,游戏|动漫|搞笑,宅文化型
8763,男,40岁以上,美食|生活|运动,生活家型
8764,男,40岁以上,音乐|运动|美食,运动乐活型
8765,男,25-30岁,运动|音乐|美食|游戏,运动乐活型
8766,女,25-30岁,美食|生活|科技|运动,生活家型
8767,女,25-30岁,搞笑|游戏|音乐,宅文化型
8768,男,25-30岁,动漫|宠物,动漫二次元型
8769,男,25-30岁,生活|科技|美食|运动,生活家型
8770,女,25-30岁,学习|科技|宠物,进步青年型
8771,女,18-24岁,生活|美食,生活家型
8772,男,31-40岁,搞笑|游戏|音乐,宅文化型
8773,男,18岁以下,游戏|搞笑|动漫|音乐,宅文化型
8774,女,40岁以上,宠物|动漫,动漫二次元型
8775,女,18岁以下,学习|科技,进步青年型
8776,女,40岁以上,宠物|生活|动漫|学习,动漫二次元型
8777,女,18-24岁,运动|游戏|美食,运动乐活型
8778,女,40岁以上,音乐|美食|运动|游戏,运动乐活型
8779,男,40岁以上,美食|生活|科技,生活家型
8780,男,18岁以下,宠物|动漫|生活,动漫二次元型
8781,女,18岁以下,运动|音乐|游戏|美食,运动乐活型
8782,女,25-30岁,生活|美食|科技|运动,生活家型
8783,女,18岁以下,搞笑|动漫,宅文化型
8784,男,18-24岁,生活|美食,生活家型
8785,男,31-40岁,音乐|运动|美食|游戏,运动乐活型
8786,女,31-40岁,音乐|游戏|运动|美食,运动乐活型
8787,女,18-24岁,运动|音乐|美食|游戏,运动乐活型
8788,女,31-40岁,音乐|运动|游戏,运动乐活型
8789,女,31-40岁,运动|美食|音乐,运动乐活型
8790,男,40岁以上,运动|美食|游戏,运动乐活型
8791,男,31-40岁,动漫|宠物,动漫二次元型
8792,男,40岁以上,宠物|学习|动漫,动漫二次元型
8793,女,31-40岁,搞笑|游戏|音乐|动漫,宅文化型
8794,女,18-24岁,美食|科技,生活家型
8795,男,40岁以上,生活|科技|美食,生活家型
8796,女,40岁以上,搞笑|游戏|音乐|动漫,宅文化型
8797,女,18岁以下,搞笑|游戏|音乐|动漫,宅文化型
8798,男,18岁以下,美食|运动|生活,生活家型
8799,女,18岁以下,动漫|宠物,动漫二次元型
8800,女,40岁以上,搞笑|音乐|动漫|游戏,宅文化型
8801,男,40岁以上,动漫|宠物|学习|生活,动漫二次元型
8802,女,18岁以下,宠物|生活|学习,动漫二次元型
8803,女,31-40岁,生活|运动|科技|美食,生活家型
8804,女,40岁以上,搞笑|动漫,宅文化型
8805,女,40岁以上,搞笑|游戏|音乐,宅文化型
8806,女,18-24岁,音乐|运动,运动乐活型
8807,女,18-24岁,科技|宠物,进步青年型
8808,女,31-40岁,动漫|生活|学习|宠物,动漫二次元型
8809,女,40岁以上,学习|科技,进步青年型
8810,男,18-24岁,学习|宠物|搞笑,进步青年型
8811,男,18岁以下,学习|科技,进步青年型
8812,女,18岁以下,科技|宠物|搞笑,进步青年型
8813,女,18岁以下,美食|运动|科技|生活,生活家型
8814,女,25-30岁,宠物|动漫|生活,动漫二次元型
8815,女,18岁以下,音乐|运动|游戏,运动乐活型
8816,女,40岁以上,生活|美食|运动|科技,生活家型
8817,男,18岁以下,学习|科技|搞笑|宠物,进步青年型
8818,女,18-24岁,游戏|搞笑,宅文化型
8819,男,40岁以上,游戏|搞笑,宅文化型
8820,女,18-24岁,学习|搞笑,进步青年型
8821,男,18岁以下,学习|宠物|科技|搞笑,进步青年型
8822,男,18-24岁,运动|游戏,运动乐活型
8823,男,25-30岁,学习|科技|宠物|搞笑,进步青年型
8824,男,31-40岁,宠物|动漫|生活,动漫二次元型
8825,女,18岁以下,科技|学习|搞笑,进步青年型
8826,男,25-30岁,美食|生活,生活家型
8827,男,25-30岁,美食|生活,生活家型
8828,女,25-30岁,搞笑|游戏|动漫|音乐,宅文化型
8829,女,18岁以下,音乐|运动|游戏,运动乐活型
8830,男,18岁以下,动漫|宠物|学习,动漫二次元型
8831,男,31-40岁,动漫|宠物|生活|学习,动漫二次元型
8832,男,25-30岁,运动|美食|音乐|游戏,运动乐活型
8833,男,18岁以下,宠物|动漫|生活|学习,动漫二次元型
8834,女,18岁以下,音乐|运动|美食,运动乐活型
8835,男,40岁以上,音乐|运动,运动乐活型
8836,女,31-40岁,动漫|宠物,动漫二次元型
8837,女,40岁以上,宠物|学习|动漫|生活,动漫二次元型
8838,男,18-24岁,运动|美食|游戏|音乐,运动乐活型
8839,女,18-24岁,学习|搞笑,进步青年型
8840,男,18-24岁,动漫|宠物|生活|学习,动漫二次元型
8841,男,31-40岁,运动|游戏,运动乐活型
8842,女,40岁以上,搞笑|游戏|动漫|音乐,宅文化型
8843,男,18岁以下,运动|游戏|美食|音乐,运动乐活型
8844,女,40岁以上,科技|学习|宠物|搞笑,进步青年型
8845,女,18岁以下,生活|美食|运动|科技,生活家型
8846,女,18岁以下,美食|生活|科技|运动,生活家型
8847,男,25-30岁,生活|美食,生活家型
8848,男,25-30岁,科技|学习|搞笑|宠物,进步青年型
8849,女,31-40岁,动漫|宠物|生活,动漫二次元型
8850,女,31-40岁,运动|音乐,运动乐活型
8851,女,25-30岁,生活|美食|科技,生活家型
8852,男,31-40岁,学习|科技,进步青年型
8853,男,40岁以上,动漫|宠物|学习|生活,动漫二次元型
8854,男,31-40岁,科技|学习|宠物|搞笑,进步青年型
8855,女,18岁以下,科技|搞笑|学习|宠物,进步青年型
8856,女,18-24岁,游戏|搞笑|音乐,宅文化型
8857,女,18-24岁,搞笑|游戏,宅文化型
8858,女,31-40岁,动漫|宠物|学习,动漫二次元型
8859,女,18岁以下,音乐|运动|美食|游戏,运动乐活型
8860,男,31-40岁,搞笑|音乐|动漫|游戏,宅文化型
8861,男,40岁以上,学习|科技,进步青年型
8862,女,31-40岁,生活|美食|运动,生活家型
8863,女,40岁以上,运动|音乐|游戏|美食,运动乐活型
8864,男,18岁以下,音乐|美食,运动乐活型
8865,男,18-24岁,搞笑|游戏,宅文化型
8866,男,18岁以下,运动|游戏,运动乐活型
8867,男,40岁以上,搞笑|游戏,宅文化型
8868,男,40岁以上,游戏|音乐,宅文化型
8869,女,40岁以上,搞笑|游戏,宅文化型
8870,男,40岁以上,音乐|运动|游戏,运动乐活型
8871,女,18岁以下,音乐|运动|美食,运动乐活型
8872,女,18岁以下,音乐|游戏|美食,运动乐活型
8873,男,18-24岁,音乐|运动|美食|游戏,运动乐活型
8874,女,31-40岁,学习|科技|搞笑|宠物,进步青年型
8875,男,25-30岁,生活|美食,生活家型
8876,女,31-40岁,美食|科技|生活|运动,生活家型
8877,女,31-40岁,宠物|动漫|学习,动漫二次元型
8878,女,25-30岁,音乐|游戏|美食|运动,运动乐活型
8879,男,25-30岁,学习|科技,进步青年型
8880,女,40岁以上,音乐|运动,运动乐活型
8881,女,31-40岁,学习|搞笑|宠物,进步青年型
8882,男,18岁以下,学习|科技,进步青年型
8883,女,31-40岁,搞笑|游戏|音乐|动漫,宅文化型
8884,男,31-40岁,动漫|学习|生活|宠物,动漫二次元型
8885,女,25-30岁,生活|美食,生活家型
8886,男,18-24岁,生活|科技|运动,生活家型
8887,男,25-30岁,科技|学习|宠物,进步青年型
8888,男,18岁以下,生活|美食,生活家型
8889,女,18-24岁,学习|科技|宠物|搞笑,进步青年型
8890,男,18岁以下,美食|生活|运动,生活家型
8891,男,25-30岁,动漫|宠物|生活,动漫二次元型
8892,男,18-24岁,搞笑|音乐|游戏,宅文化型
8893,男,40岁以上,学习|搞笑|宠物|科技,进步青年型
8894,男,18-24岁,学习|搞笑|科技,进步青年型
8895,男,18-24岁,美食|生活|运动,生活家型
8896,女,25-30岁,学习|科技|搞笑,进步青年型
8897,女,40岁以上,动漫|宠物,动漫二次元型
8898,女,18-24岁,游戏|音乐,宅文化型
8899,女,18岁以下,生活|美食|科技|运动,生活家型
8900,女,18岁以下,学习|搞笑|科技|宠物,进步青年型
8901,女,25-30岁,科技|搞笑|宠物|学习,进步青年型
8902,女,31-40岁,美食|科技,生活家型
8903,女,18-24岁,运动|音乐,运动乐活型
8904,女,18岁以下,宠物|学习|动漫|生活,动漫二次元型
8905,女,25-30岁,科技|学习|宠物,进步青年型
8906,女,31-40岁,运动|游戏,运动乐活型
8907,男,25-30岁,动漫|宠物|生活,动漫二次元型
8908,男,18岁以下,宠物|学习|生活,动漫二次元型
8909,男,18-24岁,学习|科技,进步青年型
8910,男,25-30岁,动漫|学习|宠物,动漫二次元型
8911,女,31-40岁,学习|宠物|科技,进步青年型
8912,女,18-24岁,科技|学习|宠物|搞笑,进步青年型
8913,男,25-30岁,学习|宠物|搞笑|科技,进步青年型
8914,女,31-40岁,搞笑|音乐,宅文化型
8915,女,40岁以上,学习|搞笑|科技,进步青年型
8916,女,31-40岁,美食|运动,生活家型
8917,女,31-40岁,动漫|宠物|生活|学习,动漫二次元型
8918,男,31-40岁,美食|生活|科技|运动,生活家型
8919,女,18岁以下,游戏|搞笑|动漫,宅文化型
8920,男,31-40岁,宠物|学习|生活,动漫二次元型
8921,女,40岁以上,运动|音乐|游戏|美食,运动乐活型
8922,男,18岁以下,生活|运动|科技,生活家型
8923,女,18岁以下,搞笑|游戏,宅文化型
8924,男,25-30岁,美食|生活|科技|运动,生活家型
8925,男,25-30岁,动漫|宠物|学习,动漫二次元型
8926,男,18-24岁,游戏|搞笑|动漫|音乐,宅文化型
8927,女,18-24岁,动漫|宠物,动漫二次元型
8928,女,40岁以上,美食|生活,生活家型
8929,女,18-24岁,搞笑|游戏|动漫|音乐,宅文化型
8930,女,18-24岁,音乐|运动,运动乐活型
8931,女,25-30岁,搞笑|音乐|动漫|游戏,宅文化型
8932,男,40岁以上,运动|音乐|游戏,运动乐活型
8933,男,18-24岁,运动|音乐,运动乐活型
8934,女,40岁以上,科技|学习|宠物,进步青年型
8935,男,25-30岁,搞笑|游戏|音乐|动漫,宅文化型
8936,女,18-24岁,宠物|动漫|学习|生活,动漫二次元型
8937,男,18-24岁,美食|生活|运动,生活家型
8938,女,31-40岁,游戏|动漫|搞笑,宅文化型
8939,女,31-40岁,学习|科技|搞笑,进步青年型
8940,女,31-40岁,游戏|动漫|音乐,宅文化型
8941,女,25-30岁,科技|学习|宠物|搞笑,进步青年型
8942,男,18-24岁,动漫|学习|宠物,动漫二次元型
8943,女,25-30岁,音乐|运动|游戏|美食,运动乐活型
8944,男,31-40岁,宠物|动漫|学习,动漫二次元型
8945,女,40岁以上,游戏|音乐|搞笑|动漫,宅文化型
8946,女,31-40岁,生活|美食,生活家型
8947,男,40岁以上,动漫|宠物,动漫二次元型
8948,女,25-30岁,科技|宠物,进步青年型
8949,男,31-40岁,宠物|动漫,动漫二次元型
8950,男,18-24岁,游戏|搞笑,宅文化型
8951,男,31-40岁,搞笑|音乐|动漫|游戏,宅文化型
8952,男,40岁以上,运动|音乐|美食,运动乐活型
8953,女,31-40岁,科技|学习|宠物|搞笑,进步青年型
8954,男,40岁以上,游戏|搞笑|动漫,宅文化型
8955,女,18-24岁,游戏|音乐|搞笑|动漫,宅文化型
8956,男,40岁以上,音乐|运动|游戏|美食,运动乐活型
8957,男,31-40岁,科技|学习|宠物,进步青年型
8958,男,18岁以下,学习|科技,进步青年型
8959,女,40岁以上,科技|学习,进步青年型
8960,男,40岁以上,学习|科技,进步青年型
8961,女,18岁以下,宠物|学习|生活,动漫二次元型
8962,女,18岁以下,生活|美食|运动|科技,生活家型
8963,女,31-40岁,音乐|运动|游戏|美食,运动乐活型
8964,男,18-24岁,游戏|搞笑|动漫|音乐,宅文化型
8965,女,25-30岁,学习|宠物,进步青年型
8966,女,31-40岁,宠物|生活|动漫|学习,动漫二次元型
8967,女,31-40岁,动漫|宠物|学习|生活,动漫二次元型
8968,男,40岁以上,游戏|搞笑,宅文化型
8969,女,18-24岁,搞笑|游戏,宅文化型
8970,男,18岁以下,游戏|动漫|搞笑|音乐,宅文化型
8971,男,18-24岁,宠物|动漫|学习,动漫二次元型
8972,女,18岁以下,美食|科技|生活,生活家型
8973,女,31-40岁,科技|宠物|学习,进步青年型
8974,男,25-30岁,生活|科技|运动,生活家型
8975,男,18-24岁,科技|搞笑|宠物|学习,进步青年型
8976,女,18-24岁,游戏|音乐|动漫,宅文化型
8977,男,40岁以上,搞笑|游戏|音乐|动漫,宅文化型
8978,女,18岁以下,音乐|游戏,运动乐活型
8979,男,31-40岁,搞笑|游戏|动漫|音乐,宅文化型
8980,女,18-24岁,科技|学习|宠物,进步青年型
8981,女,18岁以下,学习|搞笑,进步青年型
8982,女,40岁以上,生活|运动,生活家型
8983,男,31-40岁,美食|生活,生活家型
8984,女,40岁以上,生活|美食|运动,生活家型
8985,女,40岁以上,动漫|宠物,动漫二次元型
8986,男,25-30岁,游戏|搞笑|动漫|音乐,宅文化型
8987,男,18岁以下,动漫|生活,动漫二次元型
8988,男,18岁以下,美食|生活|科技,生活家型
8989,女,18-24岁,运动|音乐|游戏,运动乐活型
8990,女,25-30岁,搞笑|游戏,宅文化型
8991,女,18-24岁,音乐|美食|运动,运动乐活型
8992,男,25-30岁,搞笑|动漫|游戏|音乐,宅文化型
8993,女,25-30岁,运动|音乐,运动乐活型
8994,男,31-40岁,美食|生活,生活家型
8995,男,31-40岁,运动|美食,运动乐活型
8996,男,31-40岁,音乐|运动|美食|游戏,运动乐活型
8997,男,31-40岁,美食|科技|运动,生活家型
8998,男,40岁以上,音乐|美食|运动,运动乐活型
8999,女,40岁以上,搞笑|游戏|音乐,宅文化型
9000,男,31-40岁,宠物|动漫|学习,动漫二次元型
9001,男,31-40岁,搞笑|游戏,宅文化型
9002,男,40岁以上,生活|运动|科技,生活家型
9003,男,40岁以上,科技|学习,进步青年型
9004,男,18岁以下,学习|科技|搞笑|宠物,进步青年型
9005,男,18-24岁,游戏|音乐,宅文化型
9006,男,31-40岁,运动|游戏|音乐|美食,运动乐活型
9007,男,25-30岁,科技|学习,进步青年型
9008,男,31-40岁,音乐|游戏,运动乐活型
9009,男,18岁以下,搞笑|游戏|动漫|音乐,宅文化型
9010,男,18岁以下,科技|宠物|搞笑,进步青年型
9011,女,31-40岁,搞笑|动漫,宅文化型
9012,男,25-30岁,动漫|宠物|学习,动漫二次元型
9013,男,25-30岁,美食|生活,生活家型
9014,男,40岁以上,搞笑|动漫,宅文化型
9015,女,18岁以下,宠物|动漫,动漫二次元型
9016,女,31-40岁,游戏|动漫|音乐,宅文化型
9017,女,25-30岁,学习|科技|搞笑|宠物,进步青年型
9018,女,18岁以下,科技|搞笑|宠物,进步青年型
9019,男,25-30岁,学习|科技,进步青年型
9020,男,25-30岁,搞笑|游戏,宅文化型
9021,男,25-30岁,游戏|搞笑|动漫,宅文化型
9022,男,25-30岁,运动|音乐,运动乐活型
9023,男,18-24岁,科技|学习|宠物|搞笑,进步青年型
9024,女,18-24岁,宠物|动漫,动漫二次元型
9025,男,40岁以上,宠物|动漫|生活|学习,动漫二次元型
9026,男,40岁以上,宠物|动漫|生活|学习,动漫二次元型
9027,男,18岁以下,运动|音乐,运动乐活型
9028,女,40岁以上,游戏|搞笑,宅文化型
9029,男,31-40岁,学习|科技|宠物|搞笑,进步青年型
9030,女,18岁以下,游戏|搞笑|动漫|音乐,宅文化型
9031,女,25-30岁,学习|宠物|搞笑|科技,进步青年型
9032,男,18岁以下,搞笑|音乐,宅文化型
9033,女,18-24岁,运动|音乐|美食,运动乐活型
9034,女,40岁以上,学习|搞笑|科技|宠物,进步青年型
9035,女,40岁以上,宠物|动漫|学习|生活,动漫二次元型
9036,男,40岁以上,搞笑|音乐|动漫|游戏,宅文化型
9037,男,31-40岁,科技|搞笑,进步青年型
9038,男,18岁以下,动漫|宠物|生活|学习,动漫二次元型
9039,女,18-24岁,生活|美食|运动,生活家型
9040,女,25-30岁,生活|美食,生活家型
9041,男,40岁以上,科技|宠物,进步青年型
9042,女,18-24岁,游戏|搞笑|动漫,宅文化型
9043,男,25-30岁,生活|美食,生活家型
9044,女,31-40岁,学习|科技|搞笑|宠物,进步青年型
9045,男,40岁以上,游戏|搞笑|动漫,宅文化型
9046,男,18岁以下,运动|音乐|美食|游戏,运动乐活型
9047,女,25-30岁,宠物|动漫|学习|生活,动漫二次元型
9048,女,40岁以上,美食|运动|生活|科技,生活家型
9049,男,18岁以下,生活|美食|科技,生活家型
9050,男,18岁以下,音乐|美食|运动|游戏,运动乐活型
9051,女,40岁以上,游戏|搞笑|动漫|音乐,宅文化型
9052,女,25-30岁,音乐|运动|美食,运动乐活型
9053,男,40岁以上,搞笑|音乐|游戏|动漫,宅文化型
9054,男,18-24岁,美食|生活|科技|运动,生活家型
9055,女,18岁以下,搞笑|动漫|音乐,宅文化型
9056,女,40岁以上,学习|宠物|科技,进步青年型
9057,女,40岁以上,学习|搞笑|宠物|科技,进步青年型
9058,女,40岁以上,游戏|动漫|搞笑|音乐,宅文化型
9059,女,40岁以上,学习|搞笑|科技|宠物,进步青年型
9060,男,31-40岁,学习|宠物,进步青年型
9061,男,25-30岁,宠物|动漫,动漫二次元型
9062,男,18-24岁,美食|运动,生活家型
9063,女,18-24岁,学习|科技|宠物,进步青年型
9064,男,18岁以下,音乐|运动|游戏|美食,运动乐活型
9065,女,40岁以上,游戏|搞笑|音乐|动漫,宅文化型
9066,男,40岁以上,学习|搞笑|宠物|科技,进步青年型
9067,女,31-40岁,运动|游戏|音乐,运动乐活型
9068,女,18-24岁,搞笑|动漫|音乐,宅文化型
9069,男,25-30岁,运动|音乐|美食|游戏,运动乐活型
9070,女,40岁以上,音乐|运动|美食|游戏,运动乐活型
9071,男,18岁以下,游戏|音乐|动漫|搞笑,宅文化型
9072,女,31-40岁,音乐|运动|游戏|美食,运动乐活型
9073,男,18岁以下,游戏|音乐,宅文化型
9074,男,31-40岁,游戏|搞笑|动漫|音乐,宅文化型
9075,男,25-30岁,美食|生活|科技|运动,生活家型
9076,男,18岁以下,宠物|动漫|学习|生活,动漫二次元型
9077,男,18岁以下,学习|科技|搞笑,进步青年型
9078,男,40岁以上,学习|搞笑|宠物,进步青年型
9079,男,25-30岁,生活|科技,生活家型
9080,男,18-24岁,生活|美食|科技,生活家型
9081,女,18岁以下,美食|生活|科技|运动,生活家型
9082,男,25-30岁,科技|学习|宠物|搞笑,进步青年型
9083,男,40岁以上,动漫|宠物,动漫二次元型
9084,女,18岁以下,动漫|宠物|生活,动漫二次元型
9085,男,18岁以下,游戏|音乐,宅文化型
9086,女,40岁以上,运动|音乐|美食|游戏,运动乐活型
9087,女,18-24岁,学习|科技|搞笑,进步青年型
9088,男,40岁以上,科技|学习,进步青年型
9089,男,18-24岁,运动|美食|游戏,运动乐活型
9090,女,31-40岁,音乐|运动|美食,运动乐活型
9091,男,18岁以下,动漫|宠物,动漫二次元型
9092,男,31-40岁,宠物|动漫|学习,动漫二次元型
9093,男,18-24岁,美食|生活|科技|运动,生活家型
9094,男,25-30岁,宠物|动漫|生活,动漫二次元型
9095,女,40岁以上,音乐|运动|美食,运动乐活型
9096,男,40岁以上,动漫|生活,动漫二次元型
9097,女,18-24岁,游戏|动漫,宅文化型
9098,男,18岁以下,美食|生活|科技,生活家型
9099,男,18-24岁,宠物|学习,动漫二次元型
9100,女,31-40岁,生活|美食|科技|运动,生活家型
9101,女,18-24岁,美食|生活|科技|运动,生活家型
9102,女,31-40岁,学习|科技,进步青年型
9103,男,18-24岁,美食|科技|运动|生活,生活家型
9104,男,31-40岁,美食|生活|运动,生活家型
9105,男,18-24岁,音乐|运动,运动乐活型
9106,男,18岁以下,宠物|动漫|学习|生活,动漫二次元型
9107,女,18岁以下,搞笑|游戏|动漫,宅文化型
9108,男,18岁以下,游戏|音乐,宅文化型
9109,男,25-30岁,宠物|动漫,动漫二次元型
9110,女,25-30岁,生活|美食|科技|运动,生活家型
9111,男,18岁以下,科技|学习|宠物,进步青年型
9112,男,25-30岁,科技|学习|宠物,进步青年型
9113,女,18-24岁,音乐|运动|美食|游戏,运动乐活型
9114,男,40岁以上,动漫|宠物|生活,动漫二次元型
9115,男,18-24岁,游戏|搞笑|音乐|动漫,宅文化型
9116,男,18岁以下,动漫|宠物,动漫二次元型
9117,男,25-30岁,搞笑|音乐|游戏,宅文化型
9118,女,25-30岁,运动|美食,运动乐活型
9119,女,40岁以上,运动|游戏,运动乐活型
9120,男,31-40岁,生活|美食|科技,生活家型
9121,男,31-40岁,音乐|运动,运动乐活型
9122,男,31-40岁,游戏|搞笑|动漫,宅文化型
9123,女,40岁以上,音乐|运动|游戏|美食,运动乐活型
9124,男,40岁以上,宠物|生活,动漫二次元型
9125,女,40岁以上,游戏|搞笑|动漫|音乐,宅文化型
9126,男,25-30岁,音乐|运动,运动乐活型
9127,女,40岁以上,学习|宠物|搞笑|科技,进步青年型
9128,男,25-30岁,运动|音乐|游戏,运动乐活型
9129,男,25-30岁,美食|生活,生活家型
9130,女,25-30岁,搞笑|游戏|音乐|动漫,宅文化型
9131,女,40岁以上,动漫|宠物,动漫二次元型
9132,男,31-40岁,运动|音乐,运动乐活型
9133,女,25-30岁,科技|学习|宠物|搞笑,进步青年型
9134,男,40岁以上,游戏|搞笑|动漫|音乐,宅文化型
9135,男,25-30岁,搞笑|音乐|游戏,宅文化型
9136,男,25-30岁,生活|美食,生活家型
9137,女,18岁以下,游戏|搞笑|音乐|动漫,宅文化型
9138,女,25-30岁,动漫|宠物|生活|学习,动漫二次元型
9139,男,18岁以下,科技|学习,进步青年型
9140,女,25-30岁,科技|搞笑,进步青年型
9141,女,31-40岁,游戏|搞笑,宅文化型
9142,男,25-30岁,动漫|宠物,动漫二次元型
9143,女,18岁以下,搞笑|动漫|音乐,宅文化型
9144,男,40岁以上,宠物|动漫|学习,动漫二次元型
9145,女,18岁以下,动漫|生活,动漫二次元型
9146,女,25-30岁,科技|学习|宠物,进步青年型
9147,女,25-30岁,音乐|游戏|运动,运动乐活型
9148,男,18-24岁,运动|游戏|美食,运动乐活型
9149,女,25-30岁,运动|音乐|游戏,运动乐活型
9150,男,25-30岁,美食|生活|运动,生活家型
9151,男,40岁以上,生活|美食|运动,生活家型
9152,男,18岁以下,运动|音乐|美食|游戏,运动乐活型
9153,女,18岁以下,科技|学习|搞笑,进步青年型
9154,男,31-40岁,音乐|运动|美食,运动乐活型
9155,男,25-30岁,生活|美食,生活家型
9156,男,18岁以下,学习|科技,进步青年型
9157,女,18-24岁,宠物|动漫|生活,动漫二次元型
9158,女,18岁以下,动漫|宠物,动漫二次元型
9159,男,18岁以下,生活|美食,生活家型
9160,男,18岁以下,生活|美食,生活家型
9161,男,18-24岁,科技|学习,进步青年型
9162,女,18-24岁,学习|搞笑|科技,进步青年型
9163,女,25-30岁,宠物|动漫,动漫二次元型
9164,女,40岁以上,宠物|动漫,动漫二次元型
9165,男,31-40岁,宠物|动漫,动漫二次元型
9166,女,31-40岁,搞笑|游戏|动漫|音乐,宅文化型
9167,女,40岁以上,学习|科技|宠物,进步青年型
9168,女,31-40岁,动漫|宠物|生活|学习,动漫二次元型
9169,男,25-30岁,游戏|搞笑|动漫|音乐,宅文化型
9170,女,31-40岁,搞笑|游戏|音乐|动漫,宅文化型
9171,男,40岁以上,科技|宠物,进步青年型
9172,女,18岁以下,学习|科技|搞笑|宠物,进步青年型
9173,女,18-24岁,游戏|动漫|音乐|搞笑,宅文化型
9174,男,40岁以上,音乐|游戏,运动乐活型
9175,女,18岁以下,美食|生活|科技|运动,生活家型
9176,男,40岁以上,学习|科技,进步青年型
9177,男,31-40岁,学习|科技,进步青年型
9178,男,25-30岁,生活|运动|美食,生活家型
9179,女,25-30岁,科技|学习,进步青年型
9180,女,31-40岁,运动|音乐|美食|游戏,运动乐活型
9181,女,18岁以下,生活|美食,生活家型
9182,男,18-24岁,游戏|搞笑|动漫,宅文化型
9183,女,18岁以下,宠物|动漫|生活,动漫二次元型
9184,女,25-30岁,游戏|搞笑,宅文化型
9185,男,40岁以上,美食|生活,生活家型
9186,女,18-24岁,科技|宠物,进步青年型
9187,男,31-40岁,游戏|搞笑|动漫|音乐,宅文化型
9188,男,25-30岁,美食|生活|运动,生活家型
9189,男,31-40岁,动漫|宠物,动漫二次元型
9190,男,31-40岁,美食|生活|科技,生活家型
9191,女,18-24岁,游戏|音乐|动漫,宅文化型
9192,男,18岁以下,学习|科技|宠物,进步青年型
9193,男,31-40岁,美食|生活,生活家型
9194,男,18岁以下,动漫|学习|生活|宠物,动漫二次元型
9195,女,25-30岁,学习|科技|宠物,进步青年型
9196,男,25-30岁,音乐|美食,运动乐活型
9197,女,40岁以上,学习|搞笑|宠物,进步青年型
9198,女,40岁以上,搞笑|游戏|音乐,宅文化型
9199,男,31-40岁,生活|美食|科技|运动,生活家型
9200,男,18-24岁,游戏|搞笑|动漫|音乐,宅文化型
9201,男,18-24岁,美食|生活|科技,生活家型
9202,女,31-40岁,搞笑|游戏|动漫|音乐,宅文化型
9203,女,25-30岁,游戏|搞笑,宅文化型
9204,男,18岁以下,学习|科技|宠物|搞笑,进步青年型
9205,男,25-30岁,运动|音乐,运动乐活型
9206,女,31-40岁,运动|音乐|美食|游戏,运动乐活型
9207,女,18-24岁,游戏|搞笑|动漫|音乐,宅文化型
9208,男,31-40岁,生活|科技|美食,生活家型
9209,女,31-40岁,游戏|搞笑|音乐,宅文化型
9210,女,18岁以下,生活|科技|运动,生活家型
9211,女,25-30岁,学习|宠物|科技|搞笑,进步青年型
9212,女,18岁以下,运动|美食|游戏|音乐,运动乐活型
9213,女,18岁以下,动漫|宠物|学习,动漫二次元型
9214,男,40岁以上,科技|搞笑|宠物|学习,进步青年型
9215,女,18-24岁,搞笑|游戏,宅文化型
9216,女,25-30岁,学习|科技|搞笑,进步青年型
9217,女,40岁以上,生活|美食|科技|运动,生活家型
9218,男,25-30岁,生活|美食,生活家型
9219,女,18岁以下,宠物|动漫,动漫二次元型
9220,女,25-30岁,搞笑|音乐|游戏,宅文化型
9221,男,18岁以下,生活|科技|运动,生活家型
9222,男,18岁以下,搞笑|音乐,宅文化型
9223,女,40岁以上,音乐|运动|美食|游戏,运动乐活型
9224,女,18岁以下,动漫|生活|学习|宠物,动漫二次元型
9225,女,31-40岁,运动|音乐,运动乐活型
9226,男,31-40岁,音乐|运动|美食,运动乐活型
9227,男,25-30岁,搞笑|游戏|音乐,宅文化型
9228,女,18-24岁,音乐|运动|美食|游戏,运动乐活型
9229,男,18岁以下,音乐|游戏|美食|运动,运动乐活型
9230,女,18-24岁,音乐|游戏,运动乐活型
9231,女,18岁以下,科技|学习,进步青年型
9232,女,40岁以上,生活|运动,生活家型
9233,男,40岁以上,生活|美食|科技|运动,生活家型
9234,男,18-24岁,学习|宠物|科技|搞笑,进步青年型
9235,女,31-40岁,科技|宠物|学习,进步青年型
9236,男,40岁以上,美食|生活|科技|运动,生活家型
9237,男,40岁以上,美食|生活,生活家型
9238,男,25-30岁,动漫|宠物,动漫二次元型
9239,男,25-30岁,搞笑|游戏|音乐,宅文化型
9240,女,18岁以下,动漫|宠物|生活,动漫二次元型
9241,女,18-24岁,学习|宠物,进步青年型
9242,男,40岁以上,生活|美食,生活家型
9243,女,40岁以上,美食|生活,生活家型
9244,男,18岁以下,搞笑|动漫,宅文化型
9245,男,25-30岁,宠物|动漫|学习,动漫二次元型
9246,男,40岁以上,生活|运动|科技|美食,生活家型
9247,男,25-30岁,生活|运动|科技,生活家型
9248,男,25-30岁,科技|学习|搞笑,进步青年型
9249,男,31-40岁,游戏|搞笑|音乐,宅文化型
9250,男,18岁以下,运动|美食,运动乐活型
9251,男,25-30岁,学习|科技,进步青年型
9252,女,31-40岁,宠物|动漫,动漫二次元型
9253,男,18-24岁,宠物|动漫|学习|生活,动漫二次元型
9254,男,18岁以下,生活|科技,生活家型
9255,女,25-30岁,音乐|运动|游戏,运动乐活型
9256,女,31-40岁,动漫|宠物,动漫二次元型
9257,男,31-40岁,宠物|生活|动漫,动漫二次元型
9258,女,18岁以下,动漫|宠物|学习,动漫二次元型
9259,男,18-24岁,学习|科技,进步青年型
9260,女,25-30岁,生活|运动|科技|美食,生活家型
9261,男,31-40岁,生活|美食|运动|科技,生活家型
9262,男,31-40岁,学习|宠物|科技,进步青年型
9263,女,25-30岁,美食|科技,生活家型
9264,男,18岁以下,宠物|动漫|学习,动漫二次元型
9265,女,18-24岁,动漫|宠物|学习|生活,动漫二次元型
9266,男,18-24岁,生活|美食|科技,生活家型
9267,女,40岁以上,生活|科技,生活家型
9268,男,31-40岁,搞笑|游戏|动漫,宅文化型
9269,男,18岁以下,游戏|音乐,宅文化型
9270,男,18岁以下,科技|学习|宠物,进步青年型
9271,男,31-40岁,宠物|动漫|学习,动漫二次元型
9272,男,31-40岁,美食|科技|运动,生活家型
9273,女,25-30岁,宠物|动漫|学习|生活,动漫二次元型
9274,男,18岁以下,动漫|生活,动漫二次元型
9275,女,18岁以下,学习|科技|宠物|搞笑,进步青年型
9276,女,40岁以上,运动|音乐|美食|游戏,运动乐活型
9277,女,25-30岁,运动|美食,运动乐活型
9278,女,25-30岁,学习|科技|搞笑,进步青年型
9279,男,18-24岁,宠物|动漫|学习|生活,动漫二次元型
9280,女,18-24岁,宠物|学习|生活,动漫二次元型
9281,男,25-30岁,游戏|搞笑|音乐,宅文化型
9282,女,31-40岁,生活|美食,生活家型
9283,男,18-24岁,学习|科技|搞笑,进步青年型
9284,女,18-24岁,音乐|运动|美食|游戏,运动乐活型
9285,男,18岁以下,宠物|动漫|生活,动漫二次元型
9286,男,18岁以下,游戏|搞笑|动漫,宅文化型
9287,女,40岁以上,生活|美食|科技|运动,生活家型
9288,女,31-40岁,美食|运动|生活|科技,生活家型
9289,女,18岁以下,游戏|音乐|搞笑|动漫,宅文化型
9290,女,18-24岁,学习|搞笑,进步青年型
9291,女,18岁以下,科技|学习|搞笑|宠物,进步青年型
9292,女,18岁以下,运动|美食|音乐|游戏,运动乐活型
9293,男,18-24岁,游戏|搞笑,宅文化型
9294,女,18岁以下,学习|搞笑|宠物,进步青年型
9295,男,40岁以上,音乐|美食,运动乐活型
9296,女,31-40岁,生活|美食,生活家型
9297,男,31-40岁,科技|搞笑|学习,进步青年型
9298,男,18岁以下,科技|学习,进步青年型
9299,女,18-24岁,美食|生活|科技,生活家型
9300,男,31-40岁,音乐|运动|美食|游戏,运动乐活型
9301,女,40岁以上,音乐|运动|美食|游戏,运动乐活型
9302,男,18-24岁,生活|美食,生活家型
9303,男,25-30岁,生活|美食,生活家型
9304,女,31-40岁,生活|科技|美食,生活家型
9305,女,31-40岁,游戏|动漫|搞笑,宅文化型
9306,男,18岁以下,生活|运动|科技|美食,生活家型
9307,男,25-30岁,音乐|美食,运动乐活型
9308,女,31-40岁,动漫|学习|宠物|生活,动漫二次元型
9309,女,31-40岁,游戏|音乐|动漫,宅文化型
9310,男,18-24岁,搞笑|音乐,宅文化型
9311,男,25-30岁,运动|音乐,运动乐活型
9312,女,18岁以下,学习|科技|搞笑|宠物,进步青年型
9313,男,40岁以上,美食|生活|运动,生活家型
9314,男,18岁以下,学习|科技|搞笑,进步青年型
9315,男,25-30岁,生活|美食|科技|运动,生活家型
9316,男,18岁以下,动漫|学习|生活,动漫二次元型
9317,男,18-24岁,生活|美食|科技|运动,生活家型
9318,女,31-40岁,音乐|运动,运动乐活型
9319,男,40岁以上,生活|美食,生活家型
9320,男,18岁以下,学习|科技,进步青年型
9321,女,18岁以下,运动|游戏|音乐,运动乐活型
9322,女,25-30岁,动漫|学习,动漫二次元型
9323,男,18岁以下,搞笑|动漫,宅文化型
9324,男,25-30岁,宠物|动漫,动漫二次元型
9325,女,40岁以上,游戏|音乐,宅文化型
9326,女,25-30岁,美食|生活|科技|运动,生活家型
9327,男,18岁以下,游戏|搞笑|动漫|音乐,宅文化型
9328,女,18-24岁,生活|运动|美食,生活家型
9329,女,25-30岁,生活|美食|科技|运动,生活家型
9330,男,40岁以上,科技|学习|宠物,进步青年型
9331,女,18-24岁,生活|美食|科技,生活家型
9332,男,31-40岁,游戏|搞笑|动漫,宅文化型
9333,男,31-40岁,音乐|运动|美食|游戏,运动乐活型
9334,男,18-24岁,学习|科技|搞笑|宠物,进步青年型
9335,女,31-40岁,运动|音乐,运动乐活型
9336,女,25-30岁,音乐|游戏|运动|美食,运动乐活型
9337,女,25-30岁,学习|科技|宠物,进步青年型
9338,男,31-40岁,搞笑|音乐|游戏,宅文化型
9339,男,25-30岁,美食|运动,生活家型
9340,男,18岁以下,搞笑|游戏|动漫,宅文化型
9341,女,18岁以下,运动|美食,运动乐活型
9342,男,18岁以下,搞笑|游戏|音乐|动漫,宅文化型
9343,男,25-30岁,游戏|音乐,宅文化型
9344,女,31-40岁,游戏|搞笑|动漫,宅文化型
9345,男,25-30岁,美食|生活|运动,生活家型
9346,女,40岁以上,生活|美食|科技,生活家型
9347,男,18-24岁,宠物|动漫,动漫二次元型
9348,男,18-24岁,学习|宠物,进步青年型
9349,男,18岁以下,学习|宠物,进步青年型
9350,女,18岁以下,科技|宠物|学习|搞笑,进步青年型
9351,女,18-24岁,宠物|动漫|生活|学习,动漫二次元型
9352,女,40岁以上,科技|学习,进步青年型
9353,女,25-30岁,美食|生活|运动,生活家型
9354,女,18-24岁,美食|运动|生活|科技,生活家型
9355,女,31-40岁,学习|科技|宠物|搞笑,进步青年型
9356,男,31-40岁,动漫|宠物|学习,动漫二次元型
9357,女,18岁以下,游戏|搞笑,宅文化型
9358,女,18岁以下,游戏|搞笑|音乐|动漫,宅文化型
9359,女,31-40岁,美食|生活|科技|运动,生活家型
9360,男,18岁以下,游戏|搞笑|动漫,宅文化型
9361,女,40岁以上,搞笑|游戏|音乐|动漫,宅文化型
9362,男,31-40岁,游戏|搞笑|音乐,宅文化型
9363,女,18-24岁,宠物|学习,动漫二次元型
9364,男,40岁以上,游戏|搞笑,宅文化型
9365,男,18岁以下,搞笑|游戏|动漫,宅文化型
9366,女,25-30岁,宠物|动漫,动漫二次元型
9367,男,40岁以上,生活|运动|美食|科技,生活家型
9368,女,31-40岁,美食|生活,生活家型
9369,男,18岁以下,运动|音乐|美食,运动乐活型
9370,男,25-30岁,搞笑|游戏,宅文化型
9371,男,31-40岁,宠物|动漫|生活|学习,动漫二次元型
9372,女,40岁以上,学习|宠物,进步青年型
9373,男,31-40岁,音乐|运动,运动乐活型
9374,男,25-30岁,游戏|搞笑,宅文化型
9375,女,18-24岁,搞笑|游戏,宅文化型
9376,男,31-40岁,学习|宠物|科技,进步青年型
9377,女,25-30岁,运动|游戏|美食,运动乐活型
9378,女,18-24岁,学习|科技|宠物|搞笑,进步青年型
9379,男,40岁以上,动漫|学习,动漫二次元型
9380,女,25-30岁,美食|生活|科技|运动,生活家型
9381,男,18-24岁,运动|美食|音乐|游戏,运动乐活型
9382,女,31-40岁,游戏|搞笑|动漫,宅文化型
9383,女,18-24岁,游戏|搞笑|动漫,宅文化型
9384,男,40岁以上,美食|生活|科技,生活家型
9385,男,18岁以下,生活|美食,生活家型
9386,男,40岁以上,音乐|运动|游戏|美食,运动乐活型
9387,女,18-24岁,科技|学习|搞笑|宠物,进步青年型
9388,女,25-30岁,生活|运动|美食|科技,生活家型
9389,男,25-30岁,游戏|搞笑|动漫|音乐,宅文化型
9390,女,31-40岁,音乐|运动,运动乐活型
9391,男,18岁以下,学习|搞笑,进步青年型
9392,女,31-40岁,宠物|动漫,动漫二次元型
9393,男,18岁以下,游戏|搞笑|音乐|动漫,宅文化型
9394,女,31-40岁,搞笑|游戏,宅文化型
9395,女,18-24岁,美食|生活,生活家型
9396,男,31-40岁,生活|美食|科技|运动,生活家型
9397,男,40岁以上,学习|搞笑,进步青年型
9398,女,25-30岁,游戏|音乐,宅文化型
9399,女,18岁以下,学习|宠物|搞笑|科技,进步青年型
9400,女,18岁以下,游戏|动漫,宅文化型
9401,男,31-40岁,生活|科技|美食|运动,生活家型
9402,女,18岁以下,游戏|搞笑|动漫|音乐,宅文化型
9403,男,18-24岁,科技|学习,进步青年型
9404,女,25-30岁,生活|美食,生活家型
9405,女,25-30岁,音乐|运动,运动乐活型
9406,男,31-40岁,美食|生活,生活家型
9407,男,31-40岁,音乐|运动,运动乐活型
9408,男,18-24岁,游戏|搞笑|音乐|动漫,宅文化型
9409,男,31-40岁,宠物|动漫|学习,动漫二次元型
9410,女,18岁以下,美食|生活,生活家型
9411,女,18-24岁,美食|运动|生活,生活家型
9412,女,18-24岁,音乐|运动|游戏,运动乐活型
9413,男,18-24岁,音乐|运动|美食,运动乐活型
9414,女,31-40岁,音乐|美食|运动|游戏,运动乐活型
9415,男,25-30岁,美食|生活|科技,生活家型
9416,男,18岁以下,生活|美食|科技,生活家型
9417,男,25-30岁,搞笑|游戏|动漫,宅文化型
9418,男,18岁以下,搞笑|音乐|游戏|动漫,宅文化型
9419,女,31-40岁,运动|音乐|美食,运动乐活型
9420,男,40岁以上,搞笑|游戏,宅文化型
9421,男,31-40岁,动漫|宠物|学习,动漫二次元型
9422,女,31-40岁,音乐|游戏|美食,运动乐活型
9423,男,25-30岁,科技|搞笑|学习|宠物,进步青年型
9424,男,40岁以上,运动|游戏|美食,运动乐活型
9425,男,25-30岁,运动|音乐|游戏|美食,运动乐活型
9426,女,31-40岁,美食|运动|科技|生活,生活家型
9427,男,18岁以下,运动|音乐|游戏,运动乐活型
9428,男,31-40岁,运动|音乐|游戏|美食,运动乐活型
9429,男,25-30岁,宠物|动漫|生活|学习,动漫二次元型
9430,男,31-40岁,生活|美食|运动,生活家型
9431,女,18岁以下,美食|生活,生活家型
9432,男,18岁以下,生活|科技|美食|运动,生活家型
9433,女,40岁以上,运动|音乐|游戏|美食,运动乐活型
9434,男,31-40岁,美食|生活,生活家型
9435,男,25-30岁,游戏|搞笑|动漫,宅文化型
9436,女,40岁以上,宠物|生活|动漫,动漫二次元型
9437,女,18-24岁,学习|科技|搞笑|宠物,进步青年型
9438,女,18-24岁,美食|生活,生活家型
9439,男,18-24岁,宠物|动漫|学习,动漫二次元型
9440,男,40岁以上,运动|美食|音乐|游戏,运动乐活型
9441,男,40岁以上,搞笑|游戏,宅文化型
9442,男,40岁以上,学习|科技|搞笑|宠物,进步青年型
9443,男,31-40岁,科技|搞笑|学习|宠物,进步青年型
9444,女,18岁以下,运动|游戏,运动乐活型
9445,女,18岁以下,科技|学习,进步青年型
9446,女,25-30岁,美食|生活|科技,生活家型
9447,男,25-30岁,动漫|宠物,动漫二次元型
9448,男,31-40岁,运动|美食|音乐|游戏,运动乐活型
9449,男,25-30岁,动漫|宠物|学习|生活,动漫二次元型
9450,男,18岁以下,宠物|动漫,动漫二次元型
9451,男,25-30岁,生活|美食,生活家型
9452,女,31-40岁,音乐|运动|美食|游戏,运动乐活型
9453,女,18岁以下,搞笑|动漫|游戏,宅文化型
9454,男,18岁以下,美食|生活,生活家型
9455,女,40岁以上,学习|科技,进步青年型
9456,女,40岁以上,学习|科技|宠物|搞笑,进步青年型
9457,男,25-30岁,搞笑|音乐|动漫|游戏,宅文化型
9458,女,40岁以上,生活|科技,生活家型
9459,女,18岁以下,运动|音乐|游戏,运动乐活型
9460,女,40岁以上,宠物|动漫|学习|生活,动漫二次元型
9461,女,31-40岁,学习|科技|宠物|搞笑,进步青年型
9462,女,31-40岁,美食|生活|运动|科技,生活家型
9463,女,40岁以上,学习|科技,进步青年型
9464,女,31-40岁,科技|宠物,进步青年型
9465,男,18岁以下,搞笑|游戏|动漫|音乐,宅文化型
9466,女,31-40岁,美食|生活|科技|运动,生活家型
9467,女,25-30岁,生活|美食|运动|科技,生活家型
9468,男,18-24岁,宠物|动漫|生活|学习,动漫二次元型
9469,女,18-24岁,动漫|生活,动漫二次元型
9470,女,25-30岁,动漫|宠物,动漫二次元型
9471,男,18-24岁,搞笑|动漫|音乐,宅文化型
9472,男,25-30岁,宠物|动漫,动漫二次元型
9473,男,18-24岁,学习|科技|宠物|搞笑,进步青年型
9474,男,40岁以上,运动|游戏|音乐|美食,运动乐活型
9475,女,18岁以下,动漫|生活|宠物,动漫二次元型
9476,女,40岁以上,搞笑|游戏|动漫|音乐,宅文化型
9477,女,18岁以下,科技|学习|宠物|搞笑,进步青年型
9478,男,18-24岁,动漫|宠物|生活|学习,动漫二次元型
9479,男,25-30岁,学习|宠物|搞笑,进步青年型
9480,男,25-30岁,动漫|宠物,动漫二次元型
9481,男,40岁以上,搞笑|游戏,宅文化型
9482,女,25-30岁,动漫|生活,动漫二次元型
9483,女,18岁以下,动漫|宠物,动漫二次元型
9484,女,18-24岁,搞笑|游戏|音乐|动漫,宅文化型
9485,女,25-30岁,生活|美食|科技|运动,生活家型
9486,女,40岁以上,宠物|动漫|生活|学习,动漫二次元型
9487,女,31-40岁,宠物|生活|动漫|学习,动漫二次元型
9488,女,31-40岁,生活|美食|运动|科技,生活家型
9489,男,18岁以下,宠物|动漫|生活|学习,动漫二次元型
9490,女,40岁以上,搞笑|游戏|音乐|动漫,宅文化型
9491,女,18岁以下,音乐|运动,运动乐活型
9492,男,31-40岁,学习|科技|搞笑|宠物,进步青年型
9493,男,18-24岁,宠物|动漫|学习|生活,动漫二次元型
9494,男,40岁以上,宠物|动漫|生活,动漫二次元型
9495,女,18-24岁,运动|音乐,运动乐活型
9496,男,31-40岁,生活|美食|科技,生活家型
9497,男,31-40岁,音乐|游戏,运动乐活型
9498,男,40岁以上,动漫|宠物|生活|学习,动漫二次元型
9499,男,18-24岁,宠物|动漫|学习|生活,动漫二次元型
9500,女,25-30岁,宠物|动漫|学习,动漫二次元型
9501,女,31-40岁,科技|搞笑|学习,进步青年型
9502,男,25-30岁,宠物|动漫|学习|生活,动漫二次元型
9503,男,31-40岁,游戏|搞笑|动漫,宅文化型
9504,男,18-24岁,游戏|搞笑,宅文化型
9505,女,31-40岁,宠物|动漫|学习,动漫二次元型
9506,男,31-40岁,音乐|美食|运动,运动乐活型
9507,男,18岁以下,游戏|音乐,宅文化型
9508,女,40岁以上,宠物|动漫|学习,动漫二次元型
9509,男,18岁以下,游戏|搞笑,宅文化型
9510,女,25-30岁,科技|学习|搞笑|宠物,进步青年型
9511,男,18-24岁,运动|音乐|美食|游戏,运动乐活型
9512,男,18-24岁,科技|学习|宠物,进步青年型
9513,女,40岁以上,动漫|生活|学习|宠物,动漫二次元型
9514,男,25-30岁,游戏|音乐,宅文化型
9515,男,18-24岁,学习|科技,进步青年型
9516,女,40岁以上,运动|美食|音乐,运动乐活型
9517,男,18-24岁,音乐|运动,运动乐活型
9518,男,18-24岁,科技|宠物|搞笑,进步青年型
9519,女,18岁以下,搞笑|游戏|动漫|音乐,宅文化型
9520,男,25-30岁,音乐|运动|美食|游戏,运动乐活型
9521,女,18岁以下,生活|科技|运动,生活家型
9522,男,18-24岁,宠物|动漫|学习|生活,动漫二次元型
9523,女,40岁以上,音乐|游戏|运动|美食,运动乐活型
9524,女,40岁以上,运动|音乐|游戏,运动乐活型
9525,女,31-40岁,宠物|生活,动漫二次元型
9526,女,18岁以下,学习|科技,进步青年型
9527,女,40岁以上,宠物|生活|动漫,动漫二次元型
9528,男,25-30岁,音乐|美食|游戏|运动,运动乐活型
9529,男,18岁以下,动漫|生活|学习,动漫二次元型
9530,女,40岁以上,生活|美食,生活家型
9531,女,40岁以上,美食|科技|运动|生活,生活家型
9532,女,40岁以上,学习|搞笑|宠物|科技,进步青年型
9533,女,25-30岁,音乐|运动,运动乐活型
9534,女,18岁以下,美食|生活|科技|运动,生活家型
9535,女,31-40岁,运动|音乐|游戏|美食,运动乐活型
9536,男,25-30岁,搞笑|游戏,宅文化型
9537,女,25-30岁,生活|美食,生活家型
9538,女,40岁以上,宠物|动漫,动漫二次元型
9539,女,25-30岁,学习|宠物,进步青年型
9540,女,18岁以下,音乐|游戏|运动,运动乐活型
9541,男,40岁以上,生活|美食|运动|科技,生活家型
9542,女,25-30岁,搞笑|游戏,宅文化型
9543,男,40岁以上,音乐|运动|游戏,运动乐活型
9544,女,25-30岁,宠物|学习,动漫二次元型
9545,男,18岁以下,搞笑|动漫,宅文化型
9546,女,18岁以下,音乐|运动|美食,运动乐活型
9547,男,18岁以下,宠物|学习,动漫二次元型
9548,女,18岁以下,运动|音乐|游戏,运动乐活型
9549,男,25-30岁,科技|学习|宠物|搞笑,进步青年型
9550,男,25-30岁,美食|运动|科技,生活家型
9551,男,25-30岁,学习|科技|宠物|搞笑,进步青年型
9552,女,18-24岁,宠物|动漫|生活|学习,动漫二次元型
9553,女,18岁以下,搞笑|游戏|动漫,宅文化型
9554,男,40岁以上,科技|宠物,进步青年型
9555,女,25-30岁,运动|音乐|美食|游戏,运动乐活型
9556,女,18-24岁,运动|美食,运动乐活型
9557,女,18-24岁,生活|美食,生活家型
9558,男,18岁以下,宠物|动漫,动漫二次元型
9559,女,25-30岁,科技|宠物|学习|搞笑,进步青年型
9560,女,25-30岁,动漫|宠物,动漫二次元型
9561,男,31-40岁,学习|科技|搞笑,进步青年型
9562,女,25-30岁,搞笑|游戏,宅文化型
9563,女,18-24岁,学习|宠物|科技|搞笑,进步青年型
9564,女,40岁以上,音乐|运动|游戏|美食,运动乐活型
9565,男,25-30岁,宠物|动漫|生活|学习,动漫二次元型
9566,男,18岁以下,运动|音乐|游戏|美食,运动乐活型
9567,女,31-40岁,搞笑|游戏|音乐,宅文化型
9568,男,31-40岁,动漫|宠物|生活|学习,动漫二次元型
9569,女,18岁以下,音乐|运动|美食,运动乐活型
9570,女,31-40岁,学习|宠物,进步青年型
9571,女,25-30岁,学习|科技,进步青年型
9572,男,18-24岁,音乐|运动|美食|游戏,运动乐活型
9573,女,18-24岁,音乐|游戏,运动乐活型
9574,女,18岁以下,动漫|宠物|学习,动漫二次元型
9575,男,18-24岁,学习|搞笑|宠物|科技,进步青年型
9576,女,31-40岁,生活|美食,生活家型
9577,男,18岁以下,科技|学习|宠物|搞笑,进步青年型
9578,女,18-24岁,生活|运动|美食,生活家型
9579,女,40岁以上,学习|科技,进步青年型
9580,女,40岁以上,美食|生活,生活家型
9581,女,25-30岁,动漫|宠物,动漫二次元型
9582,男,31-40岁,搞笑|音乐|动漫|游戏,宅文化型
9583,女,31-40岁,运动|音乐,运动乐活型
9584,男,25-30岁,搞笑|游戏,宅文化型
9585,男,18岁以下,音乐|运动,运动乐活型
9586,男,18-24岁,学习|科技,进步青年型
9587,男,18岁以下,音乐|运动|游戏|美食,运动乐活型
9588,男,25-30岁,运动|美食|游戏,运动乐活型
9589,男,18-24岁,宠物|动漫|学习,动漫二次元型
9590,女,18岁以下,美食|科技,生活家型
9591,男,18-24岁,宠物|学习,动漫二次元型
9592,男,31-40岁,动漫|宠物|生活,动漫二次元型
9593,女,18岁以下,科技|搞笑|学习,进步青年型
9594,女,31-40岁,动漫|宠物|学习,动漫二次元型
9595,男,25-30岁,搞笑|游戏|音乐|动漫,宅文化型
9596,女,40岁以上,游戏|搞笑,宅文化型
9597,女,31-40岁,游戏|音乐|搞笑,宅文化型
9598,男,18-24岁,音乐|运动,运动乐活型
9599,男,25-30岁,美食|运动|生活,生活家型
9600,女,18-24岁,游戏|搞笑|音乐|动漫,宅文化型
9601,女,18岁以下,宠物|动漫,动漫二次元型
9602,男,40岁以上,游戏|动漫,宅文化型
9603,男,25-30岁,学习|搞笑|科技|宠物,进步青年型
9604,男,18-24岁,音乐|游戏,运动乐活型
9605,男,18岁以下,音乐|美食,运动乐活型
9606,女,25-30岁,美食|生活|运动,生活家型
9607,女,40岁以上,音乐|游戏|美食,运动乐活型
9608,男,18岁以下,动漫|宠物|生活,动漫二次元型
9609,女,40岁以上,美食|生活|运动,生活家型
9610,女,40岁以上,美食|科技,生活家型
9611,男,25-30岁,学习|科技|搞笑,进步青年型
9612,男,18-24岁,美食|生活|科技|运动,生活家型
9613,男,31-40岁,搞笑|动漫|音乐,宅文化型
9614,男,25-30岁,运动|美食,运动乐活型
9615,男,18-24岁,音乐|美食|游戏,运动乐活型
9616,男,40岁以上,科技|学习|搞笑,进步青年型
9617,男,18-24岁,运动|音乐|美食|游戏,运动乐活型
9618,男,18-24岁,生活|美食|科技,生活家型
9619,女,25-30岁,音乐|运动|游戏|美食,运动乐活型
9620,女,18-24岁,搞笑|游戏|音乐,宅文化型
9621,男,18岁以下,宠物|动漫|生活|学习,动漫二次元型
9622,男,18-24岁,学习|搞笑,进步青年型
9623,女,40岁以上,动漫|宠物|生活,动漫二次元型
9624,男,31-40岁,动漫|宠物,动漫二次元型
9625,女,25-30岁,美食|运动|生活|科技,生活家型
9626,女,40岁以上,搞笑|游戏,宅文化型
9627,男,31-40岁,音乐|运动|游戏|美食,运动乐活型
9628,男,18岁以下,美食|生活|运动|科技,生活家型
9629,女,25-30岁,动漫|生活,动漫二次元型
9630,女,31-40岁,搞笑|游戏,宅文化型
9631,男,18-24岁,科技|学习|搞笑|宠物,进步青年型
9632,女,25-30岁,宠物|动漫|生活|学习,动漫二次元型
9633,女,40岁以上,运动|音乐|游戏,运动乐活型
9634,男,18-24岁,学习|科技,进步青年型
9635,男,40岁以上,游戏|搞笑|动漫,宅文化型
9636,女,25-30岁,生活|科技|运动|美食,生活家型
9637,女,40岁以上,动漫|学习,动漫二次元型
9638,男,18-24岁,动漫|宠物,动漫二次元型
9639,男,31-40岁,生活|美食|运动|科技,生活家型
9640,男,25-30岁,学习|宠物|搞笑|科技,进步青年型
9641,男,31-40岁,运动|音乐|游戏|美食,运动乐活型
9642,男,40岁以上,动漫|学习|生活,动漫二次元型
9643,女,18-24岁,音乐|运动|游戏|美食,运动乐活型
9644,女,40岁以上,运动|音乐|美食|游戏,运动乐活型
9645,女,25-30岁,学习|科技|搞笑|宠物,进步青年型
9646,女,25-30岁,生活|科技|运动|美食,生活家型
9647,男,31-40岁,游戏|搞笑|动漫|音乐,宅文化型
9648,男,18-24岁,动漫|宠物|学习,动漫二次元型
9649,女,40岁以上,动漫|宠物|学习|生活,动漫二次元型
9650,女,25-30岁,运动|音乐|游戏,运动乐活型
9651,女,25-30岁,美食|科技|运动|生活,生活家型
9652,女,18-24岁,美食|运动|科技|生活,生活家型
9653,女,18岁以下,动漫|宠物|学习,动漫二次元型
9654,女,25-30岁,动漫|学习|宠物|生活,动漫二次元型
9655,女,18岁以下,学习|科技|宠物|搞笑,进步青年型
9656,男,31-40岁,音乐|运动|游戏,运动乐活型
9657,女,25-30岁,生活|美食,生活家型
9658,男,40岁以上,搞笑|音乐,宅文化型
9659,女,18-24岁,宠物|学习,动漫二次元型
9660,女,31-40岁,科技|学习,进步青年型
9661,男,18岁以下,学习|科技,进步青年型
9662,男,25-30岁,学习|科技|宠物|搞笑,进步青年型
9663,男,31-40岁,生活|美食|科技,生活家型
9664,女,25-30岁,美食|生活|运动,生活家型
9665,女,31-40岁,游戏|搞笑|音乐|动漫,宅文化型
9666,女,18岁以下,科技|学习|宠物|搞笑,进步青年型
9667,女,18-24岁,游戏|搞笑,宅文化型
9668,男,31-40岁,学习|科技,进步青年型
9669,男,40岁以上,运动|音乐|美食,运动乐活型
9670,男,40岁以上,搞笑|游戏|动漫,宅文化型
9671,女,31-40岁,游戏|动漫,宅文化型
9672,女,18-24岁,美食|生活,生活家型
9673,女,18-24岁,音乐|游戏|运动|美食,运动乐活型
9674,女,31-40岁,生活|美食|运动|科技,生活家型
9675,男,40岁以上,科技|宠物|学习,进步青年型
9676,女,40岁以上,运动|游戏,运动乐活型
9677,女,40岁以上,生活|美食,生活家型
9678,女,31-40岁,学习|宠物|搞笑|科技,进步青年型
9679,男,18岁以下,宠物|学习,动漫二次元型
9680,男,40岁以上,美食|运动|科技|生活,生活家型
9681,女,18-24岁,学习|宠物|搞笑|科技,进步青年型
9682,女,18岁以下,动漫|宠物|学习|生活,动漫二次元型
9683,男,18岁以下,学习|科技,进步青年型
9684,女,18岁以下,科技|搞笑,进步青年型
9685,男,18-24岁,科技|搞笑|宠物,进步青年型
9686,男,31-40岁,动漫|宠物,动漫二次元型
9687,男,31-40岁,动漫|宠物|学习,动漫二次元型
9688,女,40岁以上,游戏|搞笑|音乐|动漫,宅文化型
9689,女,40岁以上,动漫|生活|宠物|学习,动漫二次元型
9690,女,25-30岁,学习|宠物|科技|搞笑,进步青年型
9691,男,18-24岁,运动|音乐|美食|游戏,运动乐活型
9692,女,25-30岁,音乐|运动,运动乐活型
9693,男,18-24岁,生活|科技|运动,生活家型
9694,男,40岁以上,音乐|美食|游戏,运动乐活型
9695,男,18岁以下,生活|运动|美食,生活家型
9696,男,18岁以下,搞笑|游戏|动漫,宅文化型
9697,女,31-40岁,生活|运动|美食,生活家型
9698,男,18岁以下,宠物|学习,动漫二次元型
9699,男,18-24岁,宠物|动漫|生活|学习,动漫二次元型
9700,女,31-40岁,美食|生活|运动|科技,生活家型
9701,女,40岁以上,生活|美食|科技,生活家型
9702,女,40岁以上,动漫|宠物,动漫二次元型
9703,男,18岁以下,搞笑|游戏|音乐,宅文化型
9704,男,31-40岁,美食|生活|科技|运动,生活家型
9705,男,25-30岁,生活|运动|科技|美食,生活家型
9706,女,18-24岁,音乐|游戏|运动,运动乐活型
9707,女,40岁以上,学习|宠物,进步青年型
9708,男,18岁以下,美食|科技|生活,生活家型
9709,男,25-30岁,科技|学习,进步青年型
9710,男,31-40岁,科技|学习,进步青年型
9711,男,31-40岁,生活|运动|美食|科技,生活家型
9712,女,18岁以下,运动|音乐|游戏,运动乐活型
9713,男,40岁以上,宠物|动漫,动漫二次元型
9714,女,40岁以上,游戏|搞笑|音乐,宅文化型
9715,男,25-30岁,运动|音乐|游戏|美食,运动乐活型
9716,女,18-24岁,运动|美食|游戏,运动乐活型
9717,女,40岁以上,宠物|动漫|学习,动漫二次元型
9718,女,31-40岁,科技|搞笑,进步青年型
9719,女,18岁以下,宠物|动漫,动漫二次元型
9720,男,18-24岁,宠物|动漫|生活|学习,动漫二次元型
9721,男,40岁以上,美食|生活,生活家型
9722,女,18岁以下,游戏|音乐|动漫,宅文化型
9723,男,25-30岁,动漫|宠物,动漫二次元型
9724,女,25-30岁,科技|搞笑,进步青年型
9725,女,31-40岁,游戏|动漫|音乐|搞笑,宅文化型
9726,男,18岁以下,宠物|动漫|生活,动漫二次元型
9727,男,18岁以下,美食|生活|科技,生活家型
9728,男,25-30岁,音乐|运动|美食,运动乐活型
9729,男,25-30岁,动漫|宠物,动漫二次元型
9730,女,18岁以下,运动|音乐|美食|游戏,运动乐活型
9731,男,18岁以下,运动|美食,运动乐活型
9732,男,25-30岁,科技|学习|搞笑,进步青年型
9733,女,18-24岁,运动|游戏|美食|音乐,运动乐活型
9734,女,18岁以下,科技|搞笑|宠物,进步青年型
9735,男,31-40岁,美食|科技|运动,生活家型
9736,女,18-24岁,动漫|宠物,动漫二次元型
9737,男,18-24岁,游戏|搞笑,宅文化型
9738,女,31-40岁,音乐|游戏,运动乐活型
9739,男,31-40岁,动漫|学习|生活|宠物,动漫二次元型
9740,男,31-40岁,运动|美食|音乐|游戏,运动乐活型
9741,女,31-40岁,运动|美食|音乐|游戏,运动乐活型
9742,男,31-40岁,运动|音乐|美食|游戏,运动乐活型
9743,男,31-40岁,搞笑|动漫|音乐|游戏,宅文化型
9744,男,18岁以下,搞笑|音乐|游戏|动漫,宅文化型
9745,男,18-24岁,搞笑|游戏,宅文化型
9746,男,18岁以下,运动|音乐|美食,运动乐活型
9747,男,25-30岁,美食|科技|运动,生活家型
9748,女,40岁以上,美食|运动|生活,生活家型
9749,男,18岁以下,美食|生活|科技|运动,生活家型
9750,男,18岁以下,运动|美食,运动乐活型
9751,男,31-40岁,搞笑|音乐|游戏,宅文化型
9752,男,18岁以下,游戏|搞笑,宅文化型
9753,女,25-30岁,游戏|搞笑,宅文化型
9754,男,18-24岁,宠物|动漫,动漫二次元型
9755,男,18-24岁,游戏|搞笑|音乐,宅文化型
9756,男,31-40岁,游戏|搞笑|音乐,宅文化型
9757,女,25-30岁,游戏|搞笑|音乐,宅文化型
9758,男,25-30岁,运动|音乐|美食,运动乐活型
9759,男,25-30岁,游戏|搞笑|音乐,宅文化型
9760,男,31-40岁,学习|宠物,进步青年型
9761,女,31-40岁,宠物|动漫|学习,动漫二次元型
9762,女,18-24岁,运动|美食|游戏,运动乐活型
9763,男,25-30岁,美食|科技|运动|生活,生活家型
9764,男,25-30岁,美食|生活|运动,生活家型
9765,男,25-30岁,游戏|搞笑|音乐|动漫,宅文化型
9766,男,18岁以下,动漫|宠物|生活,动漫二次元型
9767,男,31-40岁,游戏|动漫|搞笑|音乐,宅文化型
9768,女,31-40岁,动漫|生活|宠物,动漫二次元型
9769,男,18岁以下,生活|美食,生活家型
9770,女,25-30岁,美食|运动,生活家型
9771,女,18-24岁,运动|游戏|音乐,运动乐活型
9772,男,40岁以上,音乐|运动|美食|游戏,运动乐活型
9773,女,31-40岁,运动|音乐|游戏|美食,运动乐活型
9774,男,31-40岁,科技|学习|搞笑|宠物,进步青年型
9775,女,40岁以上,学习|科技|宠物|搞笑,进步青年型
9776,男,25-30岁,生活|运动|美食|科技,生活家型
9777,女,40岁以上,音乐|运动,运动乐活型
9778,男,40岁以上,生活|科技|美食,生活家型
9779,女,25-30岁,科技|学习,进步青年型
9780,女,18岁以下,学习|宠物,进步青年型
9781,女,40岁以上,游戏|音乐|动漫|搞笑,宅文化型
9782,男,25-30岁,宠物|学习,动漫二次元型
9783,女,18岁以下,宠物|学习|生活,动漫二次元型
9784,男,25-30岁,游戏|音乐|动漫,宅文化型
9785,男,40岁以上,动漫|生活,动漫二次元型
9786,女,25-30岁,学习|科技|搞笑,进步青年型
9787,男,25-30岁,美食|生活,生活家型
9788,男,31-40岁,动漫|宠物|生活,动漫二次元型
9789,男,31-40岁,搞笑|音乐|游戏,宅文化型
9790,女,18岁以下,游戏|搞笑,宅文化型
9791,女,31-40岁,美食|生活,生活家型
9792,男,40岁以上,美食|科技|生活,生活家型
9793,女,31-40岁,搞笑|游戏|动漫,宅文化型
9794,男,31-40岁,美食|生活|科技|运动,生活家型
9795,女,18-24岁,美食|运动|生活,生活家型
9796,女,18岁以下,运动|美食|游戏|音乐,运动乐活型
9797,女,40岁以上,科技|搞笑|宠物|学习,进步青年型
9798,男,40岁以上,宠物|动漫|学习,动漫二次元型
9799,男,25-30岁,搞笑|游戏,宅文化型
9800,女,18-24岁,学习|科技|宠物,进步青年型
9801,女,25-30岁,学习|科技,进步青年型
9802,男,31-40岁,音乐|美食|游戏,运动乐活型
9803,女,18岁以下,运动|音乐|游戏,运动乐活型
9804,男,18-24岁,生活|美食|运动,生活家型
9805,男,18-24岁,学习|科技|宠物,进步青年型
9806,男,18岁以下,搞笑|动漫|音乐|游戏,宅文化型
9807,女,40岁以上,动漫|宠物|学习|生活,动漫二次元型
9808,女,31-40岁,科技|学习,进步青年型
9809,男,18岁以下,生活|美食|科技|运动,生活家型
9810,女,31-40岁,游戏|搞笑|音乐|动漫,宅文化型
9811,女,31-40岁,学习|科技|搞笑|宠物,进步青年型
9812,男,18岁以下,生活|美食|运动|科技,生活家型
9813,女,40岁以上,搞笑|音乐|动漫,宅文化型
9814,男,18岁以下,科技|搞笑|学习|宠物,进步青年型
9815,男,25-30岁,学习|科技,进步青年型
9816,男,25-30岁,美食|生活|运动,生活家型
9817,女,18-24岁,美食|运动|科技,生活家型
9818,男,18岁以下,宠物|动漫,动漫二次元型
9819,男,18岁以下,学习|宠物|科技,进步青年型
9820,女,31-40岁,游戏|音乐,宅文化型
9821,女,31-40岁,生活|美食|科技,生活家型
9822,男,18岁以下,学习|搞笑|宠物,进步青年型
9823,女,18岁以下,美食|生活|运动|科技,生活家型
9824,女,18-24岁,科技|学习|宠物,进步青年型
9825,女,18岁以下,游戏|搞笑|音乐,宅文化型
9826,女,18岁以下,运动|音乐|游戏,运动乐活型
9827,男,25-30岁,科技|宠物,进步青年型
9828,女,25-30岁,宠物|动漫|生活,动漫二次元型
9829,男,31-40岁,学习|搞笑,进步青年型
9830,男,25-30岁,科技|学习|搞笑,进步青年型
9831,男,18-24岁,游戏|搞笑|动漫|音乐,宅文化型
9832,女,18岁以下,动漫|宠物|生活,动漫二次元型
9833,男,31-40岁,搞笑|游戏|动漫|音乐,宅文化型
9834,男,31-40岁,搞笑|音乐|动漫,宅文化型
9835,女,31-40岁,动漫|宠物|学习|生活,动漫二次元型
9836,男,18岁以下,科技|学习|搞笑|宠物,进步青年型
9837,男,25-30岁,学习|科技|搞笑,进步青年型
9838,女,25-30岁,生活|科技|美食|运动,生活家型
9839,男,31-40岁,美食|运动|科技,生活家型
9840,女,31-40岁,生活|科技|美食|运动,生活家型
9841,男,40岁以上,运动|游戏|音乐,运动乐活型
9842,男,31-40岁,搞笑|游戏,宅文化型
9843,男,31-40岁,游戏|搞笑|动漫|音乐,宅文化型
9844,女,18岁以下,运动|美食|音乐|游戏,运动乐活型
9845,女,25-30岁,音乐|运动|美食,运动乐活型
9846,女,40岁以上,动漫|宠物|生活,动漫二次元型
9847,女,31-40岁,美食|生活|运动|科技,生活家型
9848,女,25-30岁,动漫|宠物,动漫二次元型
9849,男,25-30岁,宠物|动漫|学习,动漫二次元型
9850,男,25-30岁,搞笑|游戏|音乐|动漫,宅文化型
9851,男,40岁以上,动漫|宠物,动漫二次元型
9852,女,18-24岁,游戏|搞笑|音乐,宅文化型
9853,女,25-30岁,生活|科技|美食,生活家型
9854,男,40岁以上,运动|美食|音乐,运动乐活型
9855,男,18-24岁,科技|学习|宠物|搞笑,进步青年型
9856,男,31-40岁,游戏|搞笑|音乐,宅文化型
9857,男,31-40岁,游戏|音乐|搞笑,宅文化型
9858,男,18-24岁,宠物|动漫,动漫二次元型
9859,男,40岁以上,音乐|运动|游戏|美食,运动乐活型
9860,女,25-30岁,音乐|运动|游戏|美食,运动乐活型
9861,女,31-40岁,音乐|游戏,运动乐活型
9862,男,40岁以上,游戏|音乐|搞笑,宅文化型
9863,男,25-30岁,科技|学习|搞笑|宠物,进步青年型
9864,男,31-40岁,搞笑|音乐|动漫|游戏,宅文化型
9865,女,25-30岁,运动|游戏|美食|音乐,运动乐活型
9866,女,18-24岁,学习|科技|宠物,进步青年型
9867,男,18岁以下,美食|生活,生活家型
9868,男,18岁以下,音乐|游戏,运动乐活型
9869,男,25-30岁,生活|美食|运动|科技,生活家型
9870,女,40岁以上,游戏|搞笑,宅文化型
9871,女,40岁以上,游戏|动漫|搞笑|音乐,宅文化型
9872,男,25-30岁,宠物|生活|动漫,动漫二次元型
9873,男,18岁以下,美食|生活|科技|运动,生活家型
9874,男,40岁以上,游戏|音乐|搞笑|动漫,宅文化型
9875,男,25-30岁,运动|美食,运动乐活型
9876,男,18岁以下,科技|学习,进步青年型
9877,男,18-24岁,学习|科技|搞笑,进步青年型
9878,女,18-24岁,学习|科技,进步青年型
9879,女,25-30岁,搞笑|游戏|动漫|音乐,宅文化型
9880,女,40岁以上,音乐|运动|美食,运动乐活型
9881,女,25-30岁,动漫|宠物|生活,动漫二次元型
9882,女,18岁以下,生活|运动|美食,生活家型
9883,男,25-30岁,美食|生活|运动|科技,生活家型
9884,男,18-24岁,音乐|运动|美食|游戏,运动乐活型
9885,男,25-30岁,生活|美食|科技|运动,生活家型
9886,男,40岁以上,美食|科技|运动|生活,生活家型
9887,女,18岁以下,宠物|动漫|学习,动漫二次元型
9888,男,31-40岁,美食|生活|运动,生活家型
9889,男,25-30岁,学习|宠物|搞笑|科技,进步青年型
9890,女,40岁以上,生活|美食|运动,生活家型
9891,男,18-24岁,学习|科技|宠物,进步青年型
9892,男,18岁以下,动漫|宠物,动漫二次元型
9893,女,25-30岁,音乐|运动,运动乐活型
9894,女,18岁以下,动漫|宠物|学习,动漫二次元型
9895,男,18岁以下,科技|宠物|学习|搞笑,进步青年型
9896,男,18-24岁,学习|宠物|科技|搞笑,进步青年型
9897,女,18岁以下,生活|美食|科技,生活家型
9898,男,18岁以下,美食|生活|运动|科技,生活家型
9899,女,40岁以上,学习|科技|搞笑,进步青年型
9900,女,40岁以上,音乐|运动|游戏,运动乐活型
9901,女,18-24岁,科技|搞笑|学习|宠物,进步青年型
9902,男,31-40岁,运动|美食|音乐,运动乐活型
9903,男,31-40岁,宠物|动漫,动漫二次元型
9904,男,18-24岁,搞笑|游戏,宅文化型
9905,女,31-40岁,宠物|动漫,动漫二次元型
9906,男,25-30岁,科技|宠物|搞笑,进步青年型
9907,男,25-30岁,音乐|运动|美食|游戏,运动乐活型
9908,男,18-24岁,动漫|宠物|生活|学习,动漫二次元型
9909,男,31-40岁,科技|学习,进步青年型
9910,女,18-24岁,音乐|运动|游戏,运动乐活型
9911,女,31-40岁,美食|生活,生活家型
9912,男,25-30岁,学习|搞笑,进步青年型
9913,男,31-40岁,搞笑|游戏|音乐,宅文化型
9914,女,18岁以下,学习|宠物|搞笑|科技,进步青年型
9915,男,40岁以上,搞笑|动漫|游戏,宅文化型
9916,女,40岁以上,学习|科技,进步青年型
9917,女,18岁以下,音乐|游戏,运动乐活型
9918,男,31-40岁,音乐|美食|游戏|运动,运动乐活型
9919,女,18岁以下,运动|音乐|美食,运动乐活型
9920,男,25-30岁,生活|美食|运动|科技,生活家型
9921,女,18-24岁,音乐|运动|美食,运动乐活型
9922,男,40岁以上,生活|美食,生活家型
9923,男,18-24岁,游戏|搞笑|动漫|音乐,宅文化型
9924,女,18岁以下,学习|科技|搞笑,进步青年型
9925,女,31-40岁,学习|科技,进步青年型
9926,女,31-40岁,科技|学习|宠物|搞笑,进步青年型
9927,女,40岁以上,美食|生活,生活家型
9928,男,18岁以下,学习|搞笑|科技|宠物,进步青年型
9929,女,25-30岁,搞笑|动漫,宅文化型
9930,女,40岁以上,搞笑|游戏|动漫,宅文化型
9931,男,18岁以下,科技|学习|搞笑|宠物,进步青年型
9932,男,18-24岁,游戏|搞笑|音乐,宅文化型
9933,男,18-24岁,游戏|搞笑|音乐,宅文化型
9934,男,40岁以上,动漫|宠物,动漫二次元型
9935,女,31-40岁,美食|科技|运动|生活,生活家型
9936,女,18-24岁,搞笑|游戏|动漫,宅文化型
9937,女,18岁以下,音乐|运动|美食|游戏,运动乐活型
9938,女,18岁以下,搞笑|游戏,宅文化型
9939,女,25-30岁,运动|音乐|游戏|美食,运动乐活型
9940,女,18岁以下,生活|运动|科技,生活家型
9941,男,18-24岁,搞笑|游戏|音乐|动漫,宅文化型
9942,女,40岁以上,美食|生活|运动,生活家型
9943,男,25-30岁,运动|音乐,运动乐活型
9944,男,18-24岁,动漫|生活|宠物,动漫二次元型
9945,男,25-30岁,学习|科技|宠物|搞笑,进步青年型
9946,女,40岁以上,宠物|动漫,动漫二次元型
9947,男,25-30岁,生活|科技,生活家型
9948,男,40岁以上,游戏|搞笑|动漫,宅文化型
9949,女,25-30岁,生活|美食|科技,生活家型
9950,女,25-30岁,美食|运动,生活家型
9951,男,18岁以下,科技|宠物|搞笑,进步青年型
9952,男,18岁以下,美食|生活|运动|科技,生活家型
9953,男,25-30岁,动漫|宠物|生活|学习,动漫二次元型
9954,女,40岁以上,学习|科技|宠物,进步青年型
9955,女,18-24岁,美食|运动|生活|科技,生活家型
9956,男,18-24岁,学习|宠物,进步青年型
9957,男,31-40岁,动漫|宠物|学习|生活,动漫二次元型
9958,女,25-30岁,宠物|学习|动漫,动漫二次元型
9959,男,25-30岁,游戏|搞笑,宅文化型
9960,男,31-40岁,动漫|宠物|生活,动漫二次元型
9961,男,25-30岁,美食|科技|运动|生活,生活家型
9962,女,31-40岁,搞笑|音乐|动漫,宅文化型
9963,女,25-30岁,科技|学习|宠物,进步青年型
9964,女,18岁以下,宠物|动漫,动漫二次元型
9965,女,18岁以下,美食|运动|生活,生活家型
9966,男,40岁以上,学习|科技|宠物,进步青年型
9967,女,18岁以下,运动|美食,运动乐活型
9968,男,31-40岁,科技|学习,进步青年型
9969,女,18岁以下,搞笑|游戏|动漫,宅文化型
9970,女,40岁以上,宠物|动漫|生活,动漫二次元型
9971,男,18岁以下,运动|游戏,运动乐活型
9972,男,25-30岁,科技|学习,进步青年型
9973,男,25-30岁,宠物|动漫,动漫二次元型
9974,女,31-40岁,生活|运动|科技|美食,生活家型
9975,女,18岁以下,生活|美食|科技,生活家型
9976,男,31-40岁,生活|科技|运动,生活家型
9977,女,18岁以下,动漫|宠物|生活|学习,动漫二次元型
9978,女,18-24岁,搞笑|音乐|游戏,宅文化型
9979,女,18岁以下,美食|生活|运动|科技,生活家型
9980,女,18-24岁,音乐|运动,运动乐活型
9981,男,31-40岁,宠物|动漫|生活|学习,动漫二次元型
9982,男,25-30岁,游戏|动漫|音乐,宅文化型
9983,女,18岁以下,动漫|宠物|生活|学习,动漫二次元型
9984,男,18-24岁,美食|运动|生活|科技,生活家型
9985,男,31-40岁,音乐|运动|美食|游戏,运动乐活型
9986,男,18岁以下,运动|音乐|游戏,运动乐活型
9987,男,18-24岁,美食|运动|生活,生活家型
9988,男,25-30岁,运动|音乐|游戏|美食,运动乐活型
9989,女,40岁以上,生活|美食|科技,生活家型
9990,女,25-30岁,游戏|搞笑,宅文化型
9991,男,40岁以上,音乐|美食,运动乐活型
9992,女,31-40岁,美食|生活|运动|科技,生活家型
9993,男,40岁以上,音乐|美食|运动|游戏,运动乐活型
9994,女,40岁以上,宠物|动漫,动漫二次元型
9995,男,25-30岁,游戏|音乐|搞笑,宅文化型
9996,女,18-24岁,运动|游戏,运动乐活型
9997,男,40岁以上,美食|生活,生活家型
9998,男,18-24岁,美食|生活|运动,生活家型
9999,女,18-24岁,音乐|运动,运动乐活型
10000,女,31-40岁,运动|音乐|美食|游戏,运动乐活型
